/*******************************************************************************
 * Size: 56 px
 * Bpp: 4
 * Opts: --font /var/folders/g7/tg1j49452fl9lbzkkd9wv0r40000gn/T/tmp.dfUUyRicr3/Montserrat-Regular.ttf --size 56 --bpp 4 --range 0x20-0x7F,0xB0 --format lvgl -o /Users/assladkov/homeplace/knobos/tools/../components/ui/fonts/font_m56.c
 ******************************************************************************/

#ifdef LV_LVGL_H_INCLUDE_SIMPLE
#include "lvgl.h"
#else
#include "lvgl/lvgl.h"
#endif

#ifndef FONT_M56
#define FONT_M56 1
#endif

#if FONT_M56

/*-----------------
 *    BITMAPS
 *----------------*/

/*Store the image of the glyphs*/
static LV_ATTRIBUTE_LARGE_CONST const uint8_t glyph_bitmap[] = {
    /* U+0020 " " */

    /* U+0021 "!" */
    0x1f, 0xfd, 0x20, 0x20, 0x1f, 0xf0, 0x80, 0x7f,
    0xf0, 0x7c, 0x0, 0x20, 0x1f, 0xe1, 0x0, 0x18,
    0x7, 0xf8, 0xc0, 0x2, 0x1, 0xfe, 0x10, 0xf,
    0xe7, 0x0, 0xff, 0x38, 0x0, 0x40, 0x3f, 0xc2,
    0x0, 0x30, 0xf, 0xf1, 0x80, 0x4, 0x3, 0xfc,
    0x20, 0xf, 0x0, 0xff, 0xe0, 0x88, 0x7, 0xf0,
    0x80, 0x7f, 0x8c, 0x0, 0x60, 0x1f, 0xe6, 0x44,
    0x80, 0x23, 0xbb, 0x48, 0x7, 0xff, 0x68, 0xeb,
    0x20, 0x0, 0x58, 0xa6, 0xf4, 0x16, 0x1, 0x94,
    0x40, 0x3e, 0xa0, 0xc, 0x62, 0x74, 0x40, 0xba,
    0x0,

    /* U+0022 "\"" */
    0x2f, 0xf9, 0x80, 0x3a, 0x3f, 0xe3, 0x0, 0x8c,
    0x3, 0xff, 0x94, 0x20, 0x1f, 0xef, 0x0, 0x84,
    0x2, 0x10, 0xf, 0xfe, 0x51, 0x80, 0x7f, 0xf1,
    0x9c, 0x3, 0x84, 0x3, 0xff, 0x88, 0x20, 0x1f,
    0xfc, 0xc3, 0x0, 0xc2, 0x0, 0x10, 0xf, 0xfe,
    0x53, 0x80, 0x7f, 0x84, 0x3, 0x18, 0x0, 0xc0,
    0x3f, 0x8,

    /* U+0023 "#" */
    0x0, 0xff, 0xe0, 0x7f, 0xc2, 0x1, 0xfe, 0x6f,
    0xf5, 0x0, 0x7f, 0xf1, 0x84, 0x2, 0x10, 0xf,
    0xf7, 0x0, 0x8, 0x3, 0xff, 0x8c, 0x40, 0x1,
    0x0, 0xff, 0x88, 0x1, 0xc0, 0x1f, 0xfc, 0x67,
    0x0, 0x10, 0x7, 0xfc, 0xc0, 0x2, 0x0, 0xff,
    0xe3, 0x10, 0x1, 0x80, 0x3f, 0xe2, 0x0, 0x30,
    0x7, 0xff, 0x1b, 0x80, 0x4, 0x1, 0xff, 0x8,
    0x0, 0x80, 0x3f, 0xf8, 0xc4, 0x0, 0xe0, 0xf,
    0xf1, 0x0, 0x4, 0x3, 0xff, 0x8e, 0xc0, 0x2,
    0x0, 0xff, 0x30, 0x0, 0xc0, 0x3f, 0xf8, 0xe4,
    0x0, 0x60, 0xf, 0xf1, 0x0, 0x18, 0x3, 0xff,
    0x8e, 0x20, 0x2, 0x0, 0xff, 0x70, 0x0, 0x80,
    0x3f, 0xf8, 0xc4, 0x0, 0x10, 0xf, 0xf8, 0x80,
    0x1c, 0x1, 0xfe, 0x9f, 0xff, 0xb4, 0x0, 0x3f,
    0xff, 0xf2, 0x80, 0x23, 0xff, 0xe4, 0x0, 0xff,
    0xff, 0x84, 0x77, 0x7c, 0xa0, 0x7, 0xee, 0xff,
    0x68, 0x5, 0xdd, 0xf9, 0x0, 0x2, 0x3f, 0x98,
    0x1, 0xa2, 0x3f, 0xf0, 0x0, 0x84, 0x7f, 0x0,
    0x7f, 0xc2, 0x0, 0x60, 0xf, 0xf3, 0x80, 0x18,
    0x3, 0xff, 0x8e, 0x40, 0x2, 0x0, 0xff, 0x10,
    0x0, 0x80, 0x3f, 0xf8, 0xc2, 0x1, 0x8, 0x7,
    0xfb, 0x80, 0x1c, 0x1, 0xff, 0xc6, 0x20, 0x1,
    0x0, 0x7f, 0xc4, 0x0, 0x20, 0xf, 0xfe, 0x33,
    0x0, 0x18, 0x3, 0xfe, 0x60, 0x3, 0x0, 0x7f,
    0xf1, 0x88, 0x0, 0x40, 0x1f, 0xf1, 0x0, 0x8,
    0x3, 0xff, 0x8d, 0xc0, 0xe, 0x0, 0xff, 0x84,
    0x0, 0x20, 0x1f, 0xfc, 0x62, 0x0, 0x10, 0x7,
    0xf8, 0x80, 0x4, 0x1, 0xff, 0xc7, 0x60, 0x3,
    0x0, 0x7f, 0x98, 0x0, 0xc0, 0x1f, 0xfc, 0x72,
    0x0, 0x10, 0x7, 0xf8, 0x80, 0x4, 0x1, 0xfe,
    0x6f, 0xff, 0xc0, 0x17, 0x7f, 0xff, 0xa4, 0x0,
    0xdf, 0xff, 0x40, 0x7, 0xff, 0xfc, 0x1b, 0xbb,
    0xe7, 0x0, 0x2f, 0x77, 0xfc, 0x20, 0xb, 0xee,
    0xfa, 0x0, 0x21, 0x1f, 0xc0, 0xd, 0x11, 0xff,
    0xe0, 0x0, 0x10, 0x47, 0xe0, 0xf, 0xf8, 0x80,
    0x4, 0x1, 0xfe, 0x20, 0x0, 0x80, 0x7f, 0xf1,
    0xd8, 0x0, 0xc0, 0x1f, 0xe6, 0x0, 0x10, 0x7,
    0xff, 0x1c, 0x80, 0x4, 0x1, 0xfe, 0x20, 0x3,
    0x0, 0x7f, 0xf1, 0x84, 0x2, 0x10, 0xf, 0xf7,
    0x0, 0x8, 0x3, 0xff, 0x8c, 0x60, 0x2, 0x0,
    0xff, 0x84, 0x1, 0xc0, 0x1f, 0xfc, 0x66, 0x0,
    0x30, 0x7, 0xfc, 0x40, 0x2, 0x0, 0xff, 0xe3,
    0x10, 0x0, 0x80, 0x3f, 0xe6, 0x0, 0x30, 0x7,
    0xff, 0x1b, 0x80, 0x1c, 0x1, 0xff, 0x10, 0x0,
    0x80, 0x3f, 0xf8, 0xc4, 0x0, 0x20, 0xf, 0xf0,
    0x80, 0x4, 0x3, 0xff, 0x80,

    /* U+0024 "$" */
    0x0, 0xff, 0xe1, 0x3c, 0x30, 0x7, 0xff, 0x3e,
    0x1e, 0xc0, 0x3f, 0xff, 0xe0, 0x1f, 0xff, 0xf0,
    0xf, 0xfe, 0x48, 0xb5, 0x6f, 0x78, 0x0, 0xbf,
    0xb2, 0x98, 0xc0, 0x3f, 0xf8, 0x25, 0x5d, 0x2a,
    0x42, 0x1, 0xc2, 0x6b, 0x39, 0xd0, 0x40, 0x1f,
    0xcd, 0xaa, 0x1, 0xff, 0xc3, 0x17, 0xda, 0x20,
    0xf, 0x44, 0x80, 0x71, 0x2c, 0x0, 0x6, 0x1d,
    0x44, 0x3, 0x97, 0x40, 0x39, 0x9c, 0x3, 0x36,
    0xea, 0x9c, 0x0, 0x6f, 0x15, 0xdb, 0x2, 0x1,
    0x28, 0x6, 0x19, 0x0, 0x87, 0x24, 0x80, 0x3f,
    0xc4, 0xfd, 0x44, 0x1c, 0x1, 0xa4, 0x3, 0x61,
    0x80, 0x7f, 0xf0, 0xd7, 0x65, 0x0, 0x33, 0x0,
    0x50, 0x40, 0x1f, 0xfc, 0x66, 0x0, 0xc6, 0x20,
    0x13, 0x80, 0x7f, 0xf3, 0x18, 0x2, 0x30, 0xf,
    0xfe, 0x69, 0x80, 0x4e, 0x1, 0xff, 0xd1, 0x70,
    0xf, 0xfe, 0x69, 0x0, 0x46, 0x1, 0xff, 0xcd,
    0x50, 0xc, 0xe0, 0x1f, 0xfc, 0xc1, 0x40, 0xa,
    0x14, 0x3, 0xff, 0x99, 0x0, 0x1a, 0xa4, 0x40,
    0x3f, 0xf9, 0x47, 0x0, 0x19, 0xba, 0x48, 0x3,
    0xff, 0x92, 0xee, 0x0, 0xe6, 0xdd, 0x40, 0x7,
    0xff, 0x22, 0x28, 0x40, 0x38, 0x9c, 0x0, 0x6e,
    0x40, 0x1f, 0xfc, 0x45, 0xe8, 0x10, 0xf, 0x86,
    0x37, 0xa5, 0x0, 0x3f, 0xf8, 0x6f, 0xd6, 0xc4,
    0x1, 0xf0, 0xb5, 0xf4, 0x8, 0x7, 0xff, 0x9,
    0x27, 0x75, 0x0, 0x1f, 0x85, 0xfa, 0x0, 0x3f,
    0xf8, 0x84, 0xe0, 0x1, 0x72, 0x0, 0xf3, 0xe0,
    0x80, 0x7f, 0xf1, 0x8e, 0x37, 0x4e, 0x20, 0x18,
    0xf4, 0x3, 0xff, 0x92, 0x51, 0xd0, 0x1, 0x8e,
    0x0, 0x3f, 0xf9, 0x6f, 0x82, 0x1, 0x38, 0x80,
    0x7f, 0xf2, 0xcf, 0x40, 0x33, 0x0, 0x7f, 0xf3,
    0xd, 0x40, 0x2d, 0x0, 0xff, 0xe6, 0xe0, 0x4,
    0xc0, 0x1f, 0xfc, 0xd2, 0x0, 0xff, 0xe8, 0x88,
    0x4, 0xe0, 0x1f, 0xfc, 0xdc, 0x0, 0x88, 0xb,
    0x8c, 0x3, 0xff, 0x90, 0x2e, 0x1, 0x68, 0x40,
    0xe3, 0x80, 0x7f, 0xf1, 0xe0, 0x40, 0x2, 0x84,
    0xa0, 0x8, 0xd4, 0x0, 0xff, 0xe2, 0x43, 0x0,
    0x50, 0x4, 0x60, 0x11, 0x5e, 0xb9, 0x0, 0x7f,
    0xcb, 0x8e, 0x1, 0x23, 0x0, 0x31, 0xc0, 0x31,
    0x46, 0xf6, 0x54, 0x80, 0xe, 0x6b, 0x3e, 0x8c,
    0x2, 0x3b, 0x0, 0xd1, 0x86, 0x1, 0xc2, 0x6a,
    0xc0, 0x1, 0x65, 0x30, 0xe, 0x6c, 0x0, 0xf1,
    0xe6, 0x14, 0x3, 0xff, 0x88, 0x99, 0x20, 0x1f,
    0xc7, 0x5f, 0x6e, 0x84, 0x1, 0xe1, 0x25, 0x9d,
    0xb3, 0x0, 0xff, 0xe0, 0xa4, 0x5e, 0xff, 0x80,
    0x5, 0xfd, 0xb4, 0xc4, 0x1, 0xff, 0xff, 0x0,
    0xff, 0xff, 0x80, 0x7f, 0xf2, 0x61, 0xec, 0x3,
    0xff, 0x82,

    /* U+0025 "%" */
    0x0, 0xe2, 0x8d, 0xef, 0xda, 0x50, 0xf, 0xfe,
    0x3b, 0x7f, 0xb4, 0x3, 0xfe, 0x9d, 0x72, 0x10,
    0x25, 0xac, 0x20, 0xf, 0xfe, 0x20, 0xc8, 0x2,
    0x40, 0x3f, 0xd6, 0xc0, 0x2, 0x66, 0x20, 0x0,
    0xf0, 0xc0, 0x3f, 0xf8, 0x74, 0x0, 0x64, 0x0,
    0xfe, 0x94, 0x1, 0xbd, 0x99, 0x5f, 0x28, 0xe,
    0x80, 0x7f, 0xf0, 0x99, 0x0, 0xa4, 0x3, 0xf8,
    0xd8, 0x7, 0xd0, 0x3, 0xd, 0x28, 0xc, 0x80,
    0x7f, 0xf0, 0x6, 0x40, 0x1c, 0x1, 0xfe, 0x90,
    0x5, 0x88, 0x7, 0xd4, 0x20, 0xc2, 0x1, 0xff,
    0x50, 0x1, 0x8c, 0x3, 0xf8, 0x54, 0x9, 0x40,
    0x3f, 0xa4, 0x0, 0xc0, 0x1f, 0xe6, 0x40, 0x29,
    0x0, 0xff, 0x28, 0x1, 0x40, 0x3f, 0xca, 0x0,
    0xd0, 0xf, 0xe2, 0x90, 0x7, 0x0, 0x7f, 0xc6,
    0x0, 0xd0, 0xf, 0xf1, 0x0, 0x10, 0x3, 0xfa,
    0x40, 0xe, 0x60, 0x1f, 0xf7, 0x0, 0x18, 0x3,
    0xfe, 0x20, 0x10, 0xf, 0xcc, 0x80, 0x50, 0x1,
    0xff, 0xc3, 0x10, 0xf, 0xf8, 0x40, 0x3f, 0x8a,
    0x40, 0x1c, 0x1, 0xff, 0xc4, 0x10, 0xf, 0xfe,
    0x4f, 0x0, 0x1c, 0xc0, 0x3f, 0xf8, 0x22, 0x0,
    0x70, 0xf, 0xf8, 0x40, 0x40, 0x3c, 0xc6, 0x5,
    0x0, 0x1f, 0xfc, 0x2e, 0x0, 0x10, 0x7, 0xfc,
    0x40, 0x40, 0x1c, 0x52, 0x0, 0xe0, 0xf, 0xfe,
    0x1a, 0x0, 0x30, 0x3, 0xfc, 0x80, 0x5, 0x0,
    0xee, 0x0, 0x39, 0x80, 0x7f, 0xf0, 0xc8, 0x41,
    0x44, 0x3, 0xfb, 0x80, 0x1a, 0x1, 0x98, 0xc0,
    0xa0, 0x3, 0xff, 0x8b, 0x20, 0x8, 0x0, 0xfc,
    0x6a, 0x4, 0x80, 0x11, 0x48, 0x3, 0x80, 0x3f,
    0xf8, 0xce, 0x20, 0xce, 0x1, 0xe2, 0xd0, 0x4,
    0x0, 0x6e, 0x0, 0x39, 0x80, 0x7f, 0xf1, 0xe8,
    0x1, 0x16, 0x82, 0x5, 0x1a, 0x20, 0xca, 0x1,
    0x39, 0x81, 0x40, 0x7, 0xa, 0xbc, 0x31, 0x80,
    0x7f, 0x25, 0x0, 0x12, 0xfb, 0xf5, 0xc0, 0xb,
    0x20, 0x11, 0x40, 0x3, 0x80, 0x31, 0x5f, 0x54,
    0x3c, 0xe7, 0x30, 0x7, 0xe5, 0xd4, 0x0, 0xf0,
    0xd5, 0x0, 0x37, 0x0, 0x1c, 0xc0, 0x24, 0xd4,
    0x0, 0xf0, 0xcd, 0x0, 0x7e, 0x2b, 0xea, 0x87,
    0x9c, 0xe5, 0x0, 0xce, 0x60, 0x50, 0x1, 0x1d,
    0x80, 0x12, 0xfb, 0xf6, 0x0, 0xb, 0x40, 0x1f,
    0xc2, 0xaf, 0xc, 0x60, 0x1c, 0x50, 0x0, 0xe0,
    0xd, 0xc0, 0x8, 0xb4, 0x10, 0x27, 0xd1, 0x5,
    0x50, 0x7, 0xff, 0x1f, 0x80, 0xe, 0x60, 0x13,
    0x90, 0x2b, 0x80, 0x78, 0xb4, 0x1, 0x60, 0x1f,
    0xfc, 0x67, 0x30, 0x28, 0x0, 0xd4, 0x0, 0xb0,
    0xf, 0xc6, 0xa0, 0x2a, 0x1, 0xff, 0xc4, 0x28,
    0x0, 0x70, 0x6, 0x22, 0x2, 0x8, 0x7, 0xf7,
    0x0, 0x30, 0x3, 0xff, 0x89, 0xc0, 0x7, 0x30,
    0xc, 0x80, 0xc, 0x0, 0xff, 0x20, 0x1, 0x0,
    0x3f, 0xf8, 0x6e, 0x60, 0x50, 0x1, 0xdc, 0x0,
    0x30, 0xf, 0xf8, 0x80, 0x80, 0x3f, 0xf8, 0x45,
    0x0, 0xe, 0x0, 0xf0, 0x80, 0x1c, 0x3, 0xfe,
    0x10, 0xf, 0xfe, 0x27, 0x0, 0x1c, 0xc0, 0x3f,
    0xfb, 0x2e, 0x60, 0x50, 0x1, 0xf0, 0x80, 0x7f,
    0xf4, 0x4a, 0x0, 0x1c, 0x1, 0xfb, 0xc0, 0xc,
    0x1, 0xff, 0x10, 0x8, 0x7, 0xff, 0x3, 0x80,
    0xe, 0x60, 0x1f, 0x8c, 0x1, 0xa0, 0x1f, 0xe2,
    0x10, 0x50, 0xf, 0xf9, 0xcc, 0xe, 0x0, 0x3f,
    0x90, 0x0, 0xc0, 0x1f, 0xe5, 0x0, 0x60, 0x7,
    0xf8, 0xa0, 0x1, 0xc0, 0x1f, 0xf2, 0x80, 0xa8,
    0x7, 0xf4, 0x80, 0x18, 0x3, 0xfd, 0xc0, 0x8,
    0x20, 0xf, 0xfa, 0x40, 0x16, 0x40, 0x1f, 0x48,
    0x82, 0x88, 0x7, 0xf3, 0x98, 0x1b, 0x80, 0x7f,
    0xf0, 0xd, 0xc0, 0x71, 0x0, 0x30, 0xd3, 0x0,
    0xd8, 0x7, 0xf1, 0x40, 0x3, 0x80, 0x3f, 0xf8,
    0x50, 0xa0, 0x37, 0xb3, 0x2b, 0xe5, 0x0, 0x68,
    0x80, 0x7f, 0x70, 0x2, 0x8, 0x3, 0xff, 0x87,
    0x4e, 0x0, 0x26, 0x62, 0x0, 0xb, 0xc, 0x3,
    0xf9, 0xcc, 0xd, 0xc0, 0x3f, 0xf8, 0xb1, 0xae,
    0x42, 0x2, 0x95, 0xa6, 0x1, 0x80,

    /* U+0026 "&" */
    0x0, 0xff, 0x9a, 0xb7, 0xbf, 0xb6, 0x98, 0x3,
    0xff, 0x98, 0xff, 0x2a, 0x42, 0x2, 0x4b, 0x3c,
    0xc0, 0x1f, 0xfc, 0x9b, 0x80, 0xf, 0xf0, 0xcc,
    0x80, 0x3f, 0xf8, 0xf6, 0x80, 0x13, 0x5f, 0x7f,
    0x63, 0x80, 0x4c, 0xe0, 0x1f, 0xfc, 0x56, 0x40,
    0x0, 0xec, 0xa0, 0x80, 0x9c, 0x68, 0x80, 0x20,
    0x40, 0x3f, 0xf8, 0x96, 0x1, 0x69, 0x0, 0x7c,
    0x54, 0x1, 0x38, 0x7, 0xff, 0xc, 0x48, 0x0,
    0x86, 0x1, 0xfc, 0x82, 0x0, 0xf0, 0xf, 0xfe,
    0x19, 0x0, 0x58, 0x1, 0xff, 0x28, 0x0, 0xc0,
    0x3f, 0xf8, 0x6e, 0x1, 0x8, 0x7, 0xfc, 0xe0,
    0x1f, 0xfc, 0xa1, 0x0, 0xff, 0x8c, 0x0, 0x40,
    0x1f, 0xfc, 0x35, 0x0, 0xb0, 0x3, 0xfc, 0xc0,
    0x15, 0x80, 0x7f, 0xf0, 0xc4, 0xc0, 0x8, 0x40,
    0x1f, 0x8a, 0x40, 0x6, 0x60, 0xf, 0xfe, 0x25,
    0x0, 0x5c, 0x1, 0xf1, 0xe0, 0x5, 0xe0, 0x1f,
    0xfc, 0x56, 0x20, 0x1, 0xc0, 0x7, 0x36, 0x8,
    0x2, 0x4c, 0x3, 0xff, 0x8d, 0xc0, 0x13, 0xa8,
    0x0, 0x6e, 0x40, 0x29, 0x60, 0xf, 0xfe, 0x39,
    0xc8, 0x5, 0x48, 0xfc, 0x80, 0x1, 0xb6, 0x0,
    0xff, 0xe4, 0xb3, 0x80, 0x57, 0x0, 0x12, 0xfa,
    0x0, 0x7f, 0xf2, 0xe1, 0x0, 0x38, 0x6a, 0x82,
    0x1, 0xff, 0xcb, 0x19, 0x40, 0xe, 0xa5, 0x0,
    0xff, 0xe6, 0x2f, 0xb0, 0x7, 0xac, 0xc0, 0x3f,
    0xf9, 0x73, 0x42, 0x0, 0x2b, 0x50, 0xb, 0xc,
    0x3, 0xff, 0x90, 0x38, 0xc0, 0x14, 0x6a, 0x52,
    0x0, 0x58, 0x60, 0x1f, 0xc2, 0x1, 0xf8, 0x70,
    0xc0, 0x5, 0xae, 0x1, 0x5a, 0x0, 0x5a, 0x60,
    0x1f, 0xb7, 0x52, 0x40, 0x1d, 0x84, 0x0, 0x4d,
    0x20, 0xe, 0xb3, 0x0, 0xe, 0x90, 0x7, 0xc6,
    0x4c, 0x80, 0x1a, 0x48, 0x0, 0x96, 0x1, 0xfb,
    0xc, 0x0, 0x38, 0x40, 0x1c, 0xa0, 0x12, 0x80,
    0x44, 0xc0, 0x2, 0xb0, 0xf, 0xf6, 0x18, 0x0,
    0x70, 0x80, 0x36, 0x0, 0x4, 0xc0, 0x2b, 0x0,
    0xa0, 0x3, 0xff, 0x81, 0xa4, 0x0, 0x1c, 0x20,
    0x9, 0x80, 0xe, 0x1, 0x9c, 0x2, 0x50, 0xf,
    0xfe, 0x0, 0xe1, 0x0, 0x7, 0xc4, 0x18, 0x2,
    0xd0, 0x8, 0x44, 0x0, 0x30, 0xf, 0xfe, 0x10,
    0xe1, 0x0, 0xb, 0x6, 0xc0, 0x4, 0x80, 0x11,
    0x0, 0x4c, 0x1, 0xff, 0xc3, 0x1c, 0x20, 0x1,
    0x79, 0x0, 0x2c, 0x3, 0xf3, 0x0, 0x7f, 0xf1,
    0x7, 0xc4, 0x0, 0x20, 0x2, 0x60, 0xc, 0x40,
    0x11, 0x0, 0x7f, 0xf1, 0x4b, 0x4, 0x3, 0x40,
    0x7, 0x8, 0x80, 0x2, 0xa0, 0x1f, 0xfc, 0x52,
    0x40, 0xd, 0x20, 0x1e, 0x60, 0xa, 0xc4, 0x3,
    0xff, 0x89, 0x4a, 0x1, 0x8e, 0xc0, 0x3a, 0x44,
    0x0, 0x3e, 0x40, 0x1f, 0xfc, 0x13, 0xd5, 0x0,
    0x84, 0x0, 0x96, 0x1, 0x86, 0xc0, 0x21, 0xd8,
    0x20, 0xf, 0xe4, 0xac, 0x20, 0x0, 0xe6, 0x80,
    0x49, 0x40, 0x19, 0x64, 0x3, 0x3e, 0xe4, 0xbb,
    0x2b, 0x45, 0x75, 0xa8, 0x4, 0x78, 0x66, 0xc0,
    0x9, 0x68, 0x3, 0x35, 0x88, 0x6, 0x36, 0x89,
    0xa9, 0x75, 0x10, 0xd, 0x18, 0x40, 0x3, 0xb0,
    0x9, 0x5c, 0x3, 0x27, 0x41, 0x0, 0x7f, 0xf0,
    0x5, 0xf9, 0xc0, 0x39, 0x2c, 0x0, 0x2c, 0x1,
    0xe7, 0xdc, 0x84, 0x20, 0x8, 0x49, 0x23, 0x3a,
    0x4, 0x3, 0xe4, 0xa1, 0xc1, 0x0, 0xfc, 0x6f,
    0x7b, 0xff, 0x76, 0xdb, 0x98, 0x7, 0xfc, 0xbe,
    0x40,

    /* U+0027 "'" */
    0x2f, 0xf9, 0x8c, 0x2, 0x30, 0xf, 0xf0, 0x80,
    0x42, 0x1, 0xff, 0xc2, 0x70, 0xf, 0xfe, 0x20,
    0x80, 0x4, 0x3, 0xfe, 0x30, 0x1, 0x80,

    /* U+0028 "(" */
    0x0, 0xfb, 0xbf, 0xda, 0x1, 0xf4, 0x8, 0x2,
    0x0, 0x3c, 0x2e, 0x0, 0x25, 0x0, 0xf4, 0x80,
    0x50, 0x1, 0xf3, 0x0, 0x5, 0x40, 0x3c, 0xc2,
    0x0, 0x90, 0xf, 0xa8, 0x2, 0x60, 0xf, 0x11,
    0x80, 0x10, 0x40, 0x3d, 0x40, 0x16, 0x80, 0x7c,
    0x80, 0x13, 0x80, 0x78, 0x4c, 0x0, 0x62, 0x1,
    0xe4, 0x0, 0x90, 0x3, 0xec, 0x0, 0xb0, 0x3,
    0xe4, 0x0, 0x90, 0x3, 0xe2, 0x0, 0x10, 0x7,
    0xc6, 0x1, 0x38, 0x7, 0xca, 0x1, 0x68, 0x7,
    0xdc, 0x1, 0x10, 0x7, 0xc4, 0x1, 0x30, 0x7,
    0xcc, 0x1, 0x10, 0x7, 0xc4, 0x1, 0x8, 0x7,
    0xc2, 0x1, 0xff, 0xc2, 0x20, 0xf, 0x84, 0x3,
    0xff, 0x86, 0x20, 0x1f, 0x18, 0x7, 0xff, 0x5c,
    0xc0, 0x3f, 0xf8, 0x62, 0x1, 0xf0, 0x80, 0x7f,
    0xf0, 0xc8, 0x3, 0xf0, 0x80, 0x7f, 0xc4, 0x1,
    0x8, 0x7, 0xcc, 0x1, 0x10, 0x7, 0xc4, 0x1,
    0x30, 0x7, 0xdc, 0x1, 0x10, 0x7, 0xca, 0x1,
    0x68, 0x7, 0xc6, 0x1, 0x38, 0x7, 0xe3, 0x0,
    0x10, 0x7, 0xe5, 0x0, 0x90, 0x3, 0xec, 0x0,
    0xb0, 0x3, 0xe4, 0x0, 0x90, 0x3, 0xe1, 0x30,
    0x1, 0x88, 0x7, 0xd6, 0x1, 0x38, 0x7, 0xca,
    0x1, 0x68, 0x7, 0xc4, 0x60, 0x4, 0x10, 0xf,
    0xa8, 0x2, 0x60, 0xf, 0x98, 0x40, 0x12, 0x1,
    0xf9, 0x80, 0x2, 0xa0, 0x1f, 0x48, 0x5, 0x0,
    0x1f, 0xb, 0x80, 0x9, 0x40, 0x3e, 0x81, 0x0,
    0x40, 0x0,

    /* U+0029 ")" */
    0x8f, 0xf9, 0x40, 0x3d, 0x2, 0x0, 0x80, 0xf,
    0xa4, 0x0, 0x4e, 0x1, 0xe7, 0x10, 0x4, 0x80,
    0x7c, 0xc0, 0x1, 0x60, 0xf, 0x48, 0x5, 0x60,
    0x1e, 0x15, 0x0, 0x11, 0x80, 0x7b, 0xc0, 0x2b,
    0x0, 0xf2, 0x80, 0x4c, 0x1, 0xf2, 0x80, 0x4,
    0xc0, 0x3d, 0x80, 0x15, 0x80, 0x79, 0xc0, 0x24,
    0x0, 0xf0, 0x90, 0x0, 0xc0, 0x3e, 0x70, 0x8,
    0xc0, 0x3d, 0x80, 0x12, 0x0, 0x79, 0x40, 0x2d,
    0x0, 0xf1, 0x0, 0x4c, 0x1, 0xe1, 0x10, 0x0,
    0xc0, 0x3e, 0x20, 0x8, 0x40, 0x3c, 0xc0, 0x11,
    0x0, 0x78, 0xc0, 0x27, 0x0, 0xf0, 0x80, 0x44,
    0x1, 0xee, 0x0, 0x84, 0x3, 0xfd, 0xe0, 0x1e,
    0x30, 0xf, 0xfe, 0x10, 0x80, 0x7f, 0xf5, 0x4,
    0x3, 0xc6, 0x1, 0xff, 0xc2, 0xf0, 0xf, 0x70,
    0x4, 0x20, 0x1e, 0x10, 0x8, 0x80, 0x3c, 0x60,
    0x13, 0x80, 0x79, 0x80, 0x22, 0x0, 0xf1, 0x0,
    0x42, 0x1, 0xc2, 0x20, 0x1, 0x80, 0x78, 0x80,
    0x26, 0x0, 0xf2, 0x80, 0x5a, 0x1, 0xec, 0x0,
    0x90, 0x3, 0xce, 0x1, 0x18, 0x7, 0x9, 0x0,
    0xc, 0x3, 0xce, 0x1, 0x58, 0x7, 0xb0, 0x2,
    0x40, 0xf, 0x28, 0x0, 0x4c, 0x3, 0x94, 0x2,
    0x60, 0xf, 0x78, 0x5, 0x40, 0x1c, 0x2a, 0x0,
    0x32, 0x0, 0xe9, 0x0, 0xa4, 0x3, 0xcc, 0x0,
    0x15, 0x0, 0xe7, 0x10, 0x4, 0x0, 0x7a, 0x40,
    0x4, 0xc0, 0x1d, 0x2, 0x0, 0x80, 0xf, 0x0,

    /* U+002A "*" */
    0x0, 0xfc, 0xff, 0xe1, 0x0, 0xff, 0xfc, 0xe4,
    0x88, 0x7, 0xff, 0x0, 0xf1, 0xc1, 0x4d, 0xbd,
    0x80, 0x3f, 0x86, 0x70, 0xe4, 0x0, 0x20, 0x33,
    0x86, 0x1, 0xe6, 0xf6, 0x0, 0x11, 0x17, 0xd8,
    0x0, 0x79, 0x3e, 0x0, 0x5c, 0x91, 0x1, 0xac,
    0x20, 0x19, 0xd4, 0x0, 0x33, 0x80, 0x2c, 0xc0,
    0xf, 0xca, 0x1, 0xc5, 0x76, 0x20, 0xf, 0x2f,
    0x40, 0x7, 0xf2, 0x58, 0x7, 0x14, 0x88, 0x7,
    0xf1, 0xe4, 0x80, 0x71, 0x64, 0x88, 0x7, 0x8a,
    0xb0, 0xc0, 0x6, 0x0, 0x40, 0x3, 0x73, 0x80,
    0x68, 0xd5, 0x0, 0x26, 0xd0, 0x2, 0xac, 0x80,
    0x11, 0xa8, 0x10, 0xe0, 0x2, 0xbb, 0x10, 0x80,
    0x49, 0xb0, 0x0, 0x2b, 0x29, 0x0, 0x46, 0xa0,
    0x7, 0xe7, 0xe5, 0x5, 0x21, 0xbe, 0x70, 0xf,
    0xf8, 0x6b, 0x20, 0x0, 0x82, 0x1, 0xff, 0xc2,
    0x32, 0x0, 0xff, 0xf2, 0xa4, 0x40, 0x40, 0x3f,
    0x0,

    /* U+002B "+" */
    0x0, 0xff, 0xab, 0xfd, 0xa0, 0x1f, 0xff, 0xf0,
    0xf, 0xff, 0xf8, 0x7, 0xff, 0xfc, 0x3, 0xff,
    0x92, 0xab, 0xfe, 0x60, 0x1, 0xaa, 0xff, 0x84,
    0x55, 0x5f, 0xe3, 0x0, 0xd, 0x57, 0xf9, 0x40,
    0x3f, 0xfd, 0x3, 0xff, 0xfe, 0x50, 0x1, 0x7f,
    0xff, 0x90, 0x3, 0xff, 0xfe, 0x1, 0xff, 0xff,
    0x0, 0xff, 0xff, 0x80, 0x7f, 0x0,

    /* U+002C "," */
    0x0, 0x8, 0x4, 0x37, 0xdf, 0x41, 0x8, 0x0,
    0x59, 0x70, 0xc, 0xe0, 0x1c, 0x6c, 0x1, 0x9a,
    0x1c, 0x2, 0xd0, 0x90, 0x9, 0xc1, 0x0, 0x6,
    0x21, 0x80, 0xb, 0x0, 0x20, 0x1, 0x40, 0x4,
    0x2, 0x40, 0x80, 0x7, 0x0, 0x60, 0x3, 0x40,
    0x6, 0x0, 0x40, 0x0,

    /* U+002D "-" */
    0x58, 0x8f, 0xfe, 0x10, 0x7b, 0xbf, 0xff, 0x8,
    0x3, 0xff, 0xaa,

    /* U+002E "." */
    0x0, 0x84, 0x40, 0x10, 0xdf, 0x72, 0x80, 0x16,
    0x80, 0x5, 0x90, 0x50, 0xc, 0xe0, 0x20, 0x18,
    0xc1, 0xc0, 0x35, 0x4, 0xb0, 0x89, 0xdc,

    /* U+002F "/" */
    0x0, 0xff, 0xe3, 0xbc, 0x41, 0x40, 0x3f, 0xf8,
    0xc9, 0xe, 0xe0, 0xf, 0xfe, 0x3e, 0x80, 0x4a,
    0x1, 0xff, 0xc6, 0x70, 0x2, 0x80, 0x7f, 0xf1,
    0x90, 0x40, 0x1e, 0x1, 0xff, 0xc6, 0xe0, 0x9,
    0x40, 0x3f, 0xf8, 0xca, 0x0, 0x50, 0xf, 0xfe,
    0x32, 0x80, 0x5c, 0x1, 0xff, 0xc6, 0xe0, 0x0,
    0xa0, 0x7, 0xff, 0x19, 0x0, 0xe, 0x1, 0xff,
    0xc6, 0x60, 0xb, 0x40, 0x3f, 0xf8, 0xda, 0x0,
    0x14, 0x0, 0xff, 0xe2, 0x8a, 0x0, 0x1c, 0x3,
    0xff, 0x8c, 0xe0, 0x15, 0x0, 0x7f, 0xf1, 0xa8,
    0x0, 0x26, 0x1, 0xff, 0xc5, 0x13, 0x0, 0x30,
    0x7, 0xff, 0x19, 0x80, 0x2b, 0x0, 0xff, 0xe3,
    0x58, 0x0, 0x8c, 0x3, 0xff, 0x8a, 0x46, 0x0,
    0xa0, 0xf, 0xfe, 0x32, 0x80, 0x4a, 0x1, 0xff,
    0xc6, 0xa0, 0x1, 0x90, 0x7, 0xff, 0x14, 0x88,
    0x0, 0xb0, 0xf, 0xfe, 0x35, 0x0, 0x4c, 0x1,
    0xff, 0xc6, 0x50, 0x1, 0x88, 0x7, 0xff, 0x14,
    0xc8, 0x1, 0x40, 0x1f, 0xfc, 0x6b, 0x0, 0x9c,
    0x3, 0xff, 0x8c, 0xc0, 0x4, 0x10, 0xf, 0xfe,
    0x2a, 0x8, 0x3, 0x40, 0x3f, 0xf8, 0xda, 0x1,
    0x38, 0x7, 0xff, 0x19, 0xc0, 0x8, 0x20, 0x1f,
    0xfc, 0x54, 0x10, 0x7, 0x0, 0x7f, 0xf1, 0xb8,
    0x2, 0x50, 0xf, 0xfe, 0x32, 0x80, 0x14, 0x3,
    0xff, 0x8c, 0xa0, 0x17, 0x80, 0x7f, 0xf1, 0xbc,
    0x2, 0x50, 0xf, 0xfe, 0x32, 0x80, 0x14, 0x3,
    0xff, 0x8c, 0xa0, 0x17, 0x0, 0x7f, 0xf1, 0xb8,
    0x0, 0x28, 0x1, 0xff, 0xc5, 0x14, 0x0, 0x38,
    0x7, 0xff, 0x19, 0xc0, 0x2a, 0x0, 0xff, 0xe3,
    0x68, 0x0, 0x4c, 0x3, 0xff, 0x8a, 0x28, 0x0,
    0x60, 0xf, 0xfe, 0x33, 0x80, 0x56, 0x1, 0xff,
    0xc6, 0xa0, 0x1, 0x18, 0x7, 0xff, 0x14, 0x8c,
    0x0, 0xa0, 0x1f, 0xfc, 0x65, 0x0, 0xa8, 0x3,
    0xff, 0x8d, 0x40, 0x2, 0x20, 0x7, 0xff, 0x14,
    0x88, 0x0, 0xa0, 0xf, 0xfe, 0x35, 0x0, 0x4a,
    0x1, 0xff, 0xc6, 0x50, 0x1, 0x90, 0x7, 0xff,
    0x14, 0xc8, 0x1, 0x60, 0x1f, 0xfc, 0x6b, 0x0,
    0x98, 0x3, 0xff, 0x8c, 0xc0, 0x3, 0x10, 0xf,
    0xfe, 0x29, 0x88, 0x2, 0x80, 0x3f, 0xf8, 0xc0,

    /* U+0030 "0" */
    0x0, 0xff, 0x85, 0xeb, 0x7b, 0xfb, 0x69, 0xc8,
    0x3, 0xff, 0x90, 0x77, 0xd0, 0xa4, 0x20, 0x24,
    0xb1, 0xb6, 0x60, 0x1f, 0xfc, 0x59, 0xc4, 0x0,
    0xff, 0x93, 0x28, 0x3, 0xff, 0x84, 0x38, 0xc0,
    0x1c, 0x26, 0x86, 0x20, 0x1c, 0xba, 0x40, 0x1f,
    0xf0, 0xe1, 0x80, 0x42, 0xfb, 0xd9, 0x79, 0xdb,
    0x2, 0x1, 0x16, 0x8, 0x7, 0xfb, 0x48, 0x2,
    0x5f, 0x82, 0x0, 0xe2, 0x7e, 0x60, 0x8, 0x70,
    0x3, 0xfa, 0xc, 0x2, 0x7a, 0x10, 0xf, 0xf4,
    0xc8, 0x2, 0x29, 0x0, 0xf8, 0x9c, 0x2, 0x68,
    0x0, 0xff, 0xe0, 0xb4, 0x0, 0x4c, 0x60, 0x1e,
    0x90, 0x8, 0xa4, 0x3, 0xff, 0x86, 0xe6, 0x1,
    0x78, 0x7, 0x12, 0x0, 0x52, 0x1, 0xff, 0xc5,
    0xf0, 0x8, 0xd0, 0x3, 0x50, 0x4, 0x88, 0x0,
    0xff, 0xe2, 0x9a, 0x80, 0x5c, 0x1, 0x98, 0x2,
    0xe0, 0xf, 0xfe, 0x3f, 0x0, 0x4a, 0x1, 0x10,
    0x80, 0x4a, 0x1, 0xff, 0xc7, 0x41, 0x0, 0x90,
    0x0, 0x80, 0x12, 0x0, 0x7f, 0xf2, 0x50, 0x2,
    0xc0, 0x6, 0x0, 0x46, 0x1, 0xff, 0xc9, 0xd0,
    0x9, 0x0, 0xc, 0x1, 0x68, 0x7, 0xff, 0x24,
    0xc0, 0x22, 0x0, 0x10, 0x4, 0xc0, 0x1f, 0xfc,
    0x95, 0x0, 0x84, 0x0, 0x20, 0x10, 0x80, 0x7f,
    0xf2, 0x44, 0x3, 0x8, 0x7, 0x18, 0x7, 0xff,
    0x38, 0xc4, 0x3, 0x8, 0x7, 0xff, 0x38, 0x40,
    0x3f, 0xfa, 0xa2, 0x1, 0x84, 0x3, 0xff, 0x9c,
    0x20, 0x1c, 0x60, 0x1f, 0xfc, 0xe3, 0x1, 0x0,
    0x84, 0x3, 0xff, 0x92, 0x20, 0x18, 0x40, 0x80,
    0x26, 0x0, 0xff, 0xe4, 0xa8, 0x4, 0x20, 0x6,
    0x0, 0xb4, 0x3, 0xff, 0x92, 0x60, 0x11, 0x0,
    0x30, 0x2, 0x30, 0xf, 0xfe, 0x4e, 0x80, 0x48,
    0x0, 0x50, 0x9, 0x0, 0x3f, 0xf9, 0x28, 0x1,
    0x60, 0x0, 0xc4, 0x2, 0x50, 0xf, 0xfe, 0x3a,
    0x8, 0x4, 0x80, 0x13, 0x0, 0x5c, 0x1, 0xff,
    0xc7, 0xe0, 0x9, 0x40, 0x35, 0x0, 0x48, 0x80,
    0xf, 0xfe, 0x29, 0x28, 0x5, 0xc0, 0x18, 0x90,
    0x2, 0x90, 0xf, 0xfe, 0x2f, 0x0, 0x46, 0x80,
    0x1d, 0x20, 0x11, 0x48, 0x7, 0xff, 0xd, 0xcc,
    0x2, 0xf0, 0xf, 0x13, 0x80, 0x4d, 0x0, 0x1f,
    0xfc, 0x16, 0x80, 0x9, 0x8c, 0x3, 0xe8, 0x30,
    0x9, 0xe8, 0x40, 0x3f, 0xd3, 0x20, 0x8, 0xa4,
    0x3, 0xfb, 0x48, 0x2, 0x5f, 0x82, 0x0, 0xe2,
    0x7e, 0x60, 0x8, 0x70, 0x3, 0xfc, 0x38, 0x60,
    0x10, 0xbe, 0xf6, 0x5e, 0x76, 0xc0, 0x80, 0x45,
    0x82, 0x1, 0xff, 0xe, 0x30, 0x7, 0x9, 0xa1,
    0x88, 0x7, 0x2e, 0x90, 0x7, 0xff, 0xa, 0x71,
    0x0, 0x3f, 0xe3, 0xca, 0x0, 0xff, 0xe2, 0x9d,
    0xf4, 0x29, 0x8, 0x9, 0x24, 0x6e, 0x18, 0x7,
    0xf0,

    /* U+0031 "1" */
    0x8f, 0xff, 0xfe, 0x6, 0x0, 0x7f, 0xf4, 0x35,
    0x57, 0xf2, 0x0, 0x65, 0xaa, 0xfd, 0xe0, 0x1f,
    0xff, 0xf0, 0xf, 0xff, 0xf8, 0x7, 0xff, 0xfc,
    0x3, 0xff, 0xfe, 0x1, 0xff, 0xff, 0x0, 0xff,
    0xff, 0x80, 0x7f, 0xf8, 0x0,

    /* U+0032 "2" */
    0x0, 0xf8, 0x56, 0x6f, 0x7f, 0xee, 0xda, 0x72,
    0x0, 0xff, 0xe1, 0x2e, 0x75, 0x32, 0x10, 0x4,
    0x24, 0xb1, 0xb8, 0xa0, 0x1f, 0xe4, 0xda, 0x30,
    0xf, 0xfe, 0x9, 0xd5, 0x88, 0x7, 0xd5, 0x64,
    0x1, 0xe2, 0x34, 0x32, 0x0, 0xf2, 0x60, 0x80,
    0x61, 0xc5, 0x0, 0xc5, 0x19, 0xfb, 0x97, 0x9b,
    0xf8, 0xc0, 0x18, 0xb0, 0x3, 0x51, 0x80, 0x45,
    0x7a, 0xe6, 0x1, 0xf1, 0xce, 0x98, 0x4, 0x50,
    0x1, 0x49, 0x0, 0x1b, 0x50, 0x3, 0xff, 0x80,
    0x58, 0x60, 0x13, 0x88, 0x0, 0xb0, 0xe2, 0x40,
    0x3f, 0xf8, 0x9c, 0x1, 0x9c, 0x2, 0x1c, 0x70,
    0xf, 0xfe, 0x29, 0x20, 0x5, 0x80, 0x1f, 0xfc,
    0xcd, 0x0, 0x98, 0x3, 0xff, 0x98, 0x60, 0x10,
    0x80, 0x7f, 0xf3, 0x4, 0x3, 0xff, 0xa0, 0x20,
    0x10, 0x80, 0x7f, 0xf3, 0x34, 0x2, 0x50, 0xf,
    0xfe, 0x62, 0x80, 0x58, 0x1, 0xff, 0xcb, 0x42,
    0x0, 0x94, 0x3, 0xff, 0x97, 0x20, 0x13, 0x0,
    0x7f, 0xf2, 0xdc, 0x80, 0x3, 0x0, 0x1f, 0xfc,
    0xa4, 0x80, 0xa, 0x4, 0x3, 0xff, 0x92, 0x56,
    0x1, 0x2b, 0x0, 0x7f, 0xf2, 0x4b, 0x0, 0x22,
    0xa0, 0xf, 0xfe, 0x49, 0x60, 0x80, 0x7, 0x0,
    0x3f, 0xf9, 0x25, 0x82, 0x0, 0x1c, 0x10, 0xf,
    0xfe, 0x41, 0x60, 0x80, 0x7, 0x8, 0x3, 0xff,
    0x90, 0x58, 0x20, 0x1, 0xc2, 0x0, 0xff, 0xe4,
    0x16, 0x8, 0x0, 0x70, 0x80, 0x3f, 0xf9, 0x5,
    0x82, 0x0, 0x1c, 0x20, 0xf, 0xfe, 0x41, 0x60,
    0x80, 0x7, 0x8, 0x3, 0xff, 0x90, 0x78, 0x20,
    0x1, 0xc2, 0x0, 0xff, 0xe4, 0x1e, 0x88, 0x0,
    0x70, 0x80, 0x3f, 0xf9, 0x7, 0xa2, 0x0, 0x1c,
    0x20, 0xf, 0xfe, 0x41, 0xe8, 0x80, 0x7, 0x8,
    0x3, 0xff, 0x90, 0x78, 0x20, 0x1, 0xc2, 0x0,
    0xff, 0xe4, 0x1e, 0x0, 0x43, 0x84, 0x1, 0xff,
    0xc8, 0x3c, 0x0, 0x87, 0x8, 0x3, 0xff, 0x90,
    0x78, 0x1, 0xe, 0x10, 0x7, 0xff, 0x20, 0xf0,
    0x3, 0x2c, 0x55, 0x7f, 0xf1, 0xd8, 0x3c, 0x3,
    0x91, 0x57, 0xff, 0x91, 0xa0, 0x20, 0x1f, 0xfe,
    0xc0,

    /* U+0033 "3" */
    0x0, 0x77, 0xff, 0xff, 0x31, 0x40, 0x3f, 0xfe,
    0x2c, 0xab, 0xff, 0xc7, 0x0, 0xc6, 0xa0, 0x14,
    0x55, 0x7f, 0xf1, 0x8c, 0x2, 0x1e, 0x0, 0xff,
    0xe5, 0x2b, 0x0, 0x54, 0x40, 0x1f, 0xfc, 0x93,
    0xa0, 0xa, 0x10, 0x3, 0xff, 0x92, 0x3a, 0x1,
    0x23, 0x80, 0x7f, 0xf2, 0xa8, 0x40, 0x5, 0x60,
    0x1f, 0xfc, 0xa8, 0x40, 0xb, 0xc0, 0x3f, 0xf9,
    0x4a, 0xe0, 0x15, 0x10, 0x7, 0xff, 0x24, 0xa8,
    0x2, 0x75, 0x0, 0xff, 0xe4, 0x8f, 0x80, 0x47,
    0x0, 0x1f, 0xfc, 0xaa, 0x20, 0x0, 0xe8, 0x7,
    0xff, 0x2a, 0x10, 0x2, 0xd1, 0x0, 0xff, 0xe4,
    0xab, 0x80, 0x52, 0x60, 0x1f, 0xfc, 0x92, 0xa0,
    0x9, 0x58, 0x3, 0xff, 0x95, 0x0, 0x19, 0x7b,
    0x6e, 0x10, 0x3, 0xff, 0x8c, 0x20, 0x1c, 0x24,
    0x8f, 0x7a, 0xc0, 0x1f, 0xfc, 0xf2, 0x9c, 0x10,
    0xf, 0xfe, 0x14, 0xe6, 0x2e, 0xa8, 0xe8, 0x1,
    0xc7, 0xe2, 0x1, 0xff, 0xc1, 0x23, 0x32, 0x2a,
    0xa2, 0xfe, 0x44, 0x2, 0x1d, 0x0, 0xff, 0xe5,
    0x37, 0x98, 0x4, 0x6c, 0x1, 0xff, 0xca, 0x1c,
    0x30, 0xa, 0x0, 0x3f, 0xf9, 0x9e, 0x1, 0xa,
    0x0, 0x7f, 0xf2, 0xcc, 0xc0, 0x16, 0x0, 0x7f,
    0xf3, 0x2c, 0x2, 0x30, 0xf, 0xfe, 0x61, 0x0,
    0x4e, 0x1, 0xff, 0xd0, 0x10, 0xf, 0xfe, 0x61,
    0x80, 0x42, 0x1, 0xff, 0xcc, 0xc0, 0x9, 0x40,
    0x2, 0x1, 0xff, 0xc9, 0x40, 0xb, 0x0, 0x79,
    0xc0, 0x3f, 0xf8, 0xf0, 0x20, 0x12, 0x85, 0x84,
    0x58, 0x80, 0x7f, 0xf1, 0x15, 0xc0, 0x27, 0x4,
    0x50, 0x2, 0x74, 0x8, 0x7, 0xff, 0x6, 0x28,
    0x2, 0x19, 0x5, 0x30, 0xc, 0xfd, 0x6c, 0x40,
    0x1f, 0x1c, 0x73, 0x80, 0x6a, 0x10, 0x1c, 0x70,
    0xe, 0x49, 0xdf, 0xdc, 0xbc, 0xdf, 0xc7, 0x10,
    0xd, 0x48, 0x1, 0xa3, 0x50, 0x3, 0xe2, 0x34,
    0x32, 0x0, 0xf1, 0x62, 0x80, 0x78, 0xaf, 0x58,
    0x40, 0x3f, 0xf8, 0x25, 0x3a, 0x60, 0x1f, 0xc5,
    0x3d, 0x90, 0xa6, 0x20, 0x10, 0x92, 0xc6, 0x6b,
    0x0, 0x78,

    /* U+0034 "4" */
    0x0, 0xff, 0xe4, 0x2f, 0xfe, 0x20, 0xf, 0xfe,
    0x81, 0xd0, 0x5, 0x44, 0x1, 0xff, 0xcf, 0x1e,
    0x0, 0x99, 0x40, 0x3f, 0xfa, 0x14, 0x40, 0x3,
    0x90, 0xf, 0xfe, 0x83, 0xa0, 0x0, 0x74, 0x3,
    0xff, 0xa0, 0x90, 0x1, 0x50, 0x80, 0x7f, 0xf3,
    0xc6, 0x80, 0x28, 0x40, 0xf, 0xfe, 0x86, 0x88,
    0x1, 0x1c, 0x3, 0xff, 0xa1, 0x26, 0x0, 0x2a,
    0x0, 0xff, 0xe8, 0x33, 0x0, 0x2e, 0x10, 0xf,
    0xfe, 0x79, 0xc8, 0x5, 0x26, 0x1, 0xff, 0xcf,
    0x1e, 0x0, 0x95, 0x80, 0x3f, 0xfa, 0x14, 0x40,
    0x2, 0xa0, 0xf, 0xfe, 0x84, 0x20, 0x5, 0xe0,
    0x1f, 0xfd, 0x4, 0x70, 0xa, 0x88, 0x3, 0xff,
    0x9e, 0x54, 0x1, 0x3a, 0x80, 0x7f, 0xf4, 0x38,
    0x40, 0x7, 0x0, 0x1f, 0x84, 0xce, 0x10, 0xf,
    0xfe, 0x1c, 0x98, 0x0, 0x74, 0x3, 0xfa, 0x73,
    0x27, 0x0, 0xff, 0xe1, 0x33, 0x0, 0x2a, 0x10,
    0xf, 0xfe, 0x79, 0xc8, 0x5, 0x8, 0x1, 0xff,
    0xcf, 0x1d, 0x0, 0x91, 0xc0, 0x3f, 0xfa, 0x14,
    0x20, 0x2, 0xb0, 0xf, 0xfe, 0x84, 0x20, 0x5,
    0xe0, 0x1f, 0xfd, 0x4, 0x70, 0xa, 0x48, 0x3,
    0xff, 0x9e, 0x54, 0x1, 0x33, 0x0, 0x3f, 0xfa,
    0x1e, 0x20, 0x3, 0x90, 0xf, 0xfe, 0x84, 0x90,
    0x4, 0x7f, 0xff, 0xfc, 0x47, 0x0, 0xa7, 0xff,
    0xe3, 0x50, 0xf, 0xff, 0xcd, 0xaa, 0xff, 0xf2,
    0x48, 0x2, 0x35, 0x5f, 0x85, 0xea, 0xbf, 0xf9,
    0x2e, 0x1, 0x55, 0x7e, 0x20, 0xf, 0xff, 0xf8,
    0x7, 0xff, 0xfc, 0x3, 0xff, 0xfe, 0x1, 0xff,
    0xff, 0x0, 0xff, 0xe1, 0x80,

    /* U+0035 "5" */
    0x0, 0xc3, 0xff, 0xff, 0xc9, 0x70, 0xf, 0x18,
    0x7, 0xff, 0x41, 0x80, 0x3f, 0xfa, 0x2, 0x1,
    0x1a, 0xaf, 0xff, 0x14, 0xc0, 0x3c, 0x40, 0x15,
    0x57, 0xff, 0x19, 0x0, 0x3d, 0xc0, 0x11, 0x80,
    0x7f, 0xf3, 0xc, 0x2, 0x60, 0xf, 0xfe, 0x63,
    0x0, 0x44, 0x1, 0xff, 0xcc, 0x20, 0x8, 0x40,
    0x3f, 0xf9, 0x82, 0x0, 0x10, 0xf, 0xfe, 0x60,
    0x80, 0x44, 0x1, 0xff, 0xcc, 0x30, 0x9, 0x80,
    0x3f, 0xf9, 0x8c, 0x1, 0x18, 0x7, 0xff, 0x30,
    0x80, 0x2e, 0x0, 0xff, 0xe6, 0x8, 0x4, 0x40,
    0x1f, 0xfc, 0xce, 0x0, 0x84, 0x3, 0xff, 0x98,
    0x60, 0x17, 0xd5, 0x69, 0x94, 0x3a, 0xa0, 0x80,
    0x7f, 0xf0, 0x58, 0x2, 0x45, 0x5c, 0xcc, 0x78,
    0xab, 0xed, 0x93, 0x0, 0xff, 0x10, 0x7, 0xff,
    0xc, 0x9b, 0x30, 0x80, 0x1f, 0x84, 0x3, 0xff,
    0x8c, 0x77, 0x20, 0x1f, 0x7f, 0xff, 0xbb, 0x72,
    0x58, 0x80, 0x39, 0xac, 0x3, 0xff, 0x88, 0x24,
    0x6d, 0x3b, 0xa6, 0x0, 0xc9, 0x20, 0x1f, 0xfc,
    0x92, 0x9c, 0x10, 0x9, 0x8c, 0x3, 0xff, 0x94,
    0x78, 0x20, 0x14, 0x80, 0x7f, 0xf2, 0xca, 0x0,
    0x25, 0x0, 0xff, 0xe6, 0x30, 0x6, 0x40, 0xf,
    0xfe, 0x61, 0x80, 0x44, 0x1, 0xff, 0xcc, 0x60,
    0x8, 0x40, 0x3f, 0xf9, 0x86, 0x1, 0xff, 0xd0,
    0x20, 0x8, 0x40, 0x3f, 0xf9, 0x8a, 0x1, 0x10,
    0x0, 0x40, 0x3f, 0xf9, 0x8, 0x20, 0x12, 0x2,
    0x79, 0x0, 0x7f, 0xf1, 0xe4, 0x2, 0x40, 0x4,
    0x8e, 0xb8, 0x7, 0xff, 0x16, 0x88, 0x2, 0xf0,
    0x82, 0x0, 0x46, 0xa8, 0x7, 0xff, 0x4, 0x6d,
    0x40, 0x25, 0x40, 0xb1, 0x0, 0x8a, 0xba, 0x54,
    0x40, 0x3c, 0x29, 0x5c, 0x80, 0x11, 0x58, 0x0,
    0xfc, 0xc0, 0x30, 0xb5, 0x77, 0x37, 0x32, 0xee,
    0x5a, 0x80, 0x62, 0xf1, 0x0, 0x87, 0x28, 0x80,
    0x3c, 0x24, 0x67, 0x8, 0x7, 0x97, 0x8, 0x3,
    0xcb, 0xb4, 0x80, 0x1f, 0xfc, 0x24, 0xca, 0x10,
    0xf, 0xe5, 0xbf, 0xb7, 0x42, 0x10, 0x8, 0x4d,
    0xa7, 0xac, 0xc0, 0x3c,

    /* U+0036 "6" */
    0x0, 0xff, 0xe0, 0xa4, 0x5e, 0xf7, 0xfb, 0xb6,
    0xe1, 0x0, 0x3f, 0xf8, 0x85, 0x5f, 0x6e, 0x84,
    0x20, 0x1, 0x24, 0x7b, 0xfa, 0x20, 0xf, 0xf8,
    0x6b, 0x54, 0x3, 0xff, 0x84, 0xb8, 0x1, 0xfe,
    0x5f, 0x50, 0xe, 0x13, 0x56, 0x62, 0xa0, 0x80,
    0x69, 0x0, 0xfe, 0x6a, 0x10, 0x8, 0x63, 0x3b,
    0x2a, 0x65, 0x57, 0xdb, 0x24, 0x2e, 0x1, 0xf9,
    0x64, 0x3, 0x47, 0x39, 0x80, 0x7e, 0x26, 0xdc,
    0x0, 0xfc, 0x74, 0x1, 0xe, 0xb8, 0x7, 0xff,
    0x8, 0x80, 0x3f, 0x70, 0x4, 0x5e, 0x40, 0x1f,
    0xfc, 0xb7, 0x20, 0xb, 0xc4, 0x3, 0xff, 0x99,
    0x20, 0x14, 0x90, 0x7, 0xff, 0x31, 0x84, 0x0,
    0x4c, 0x1, 0xff, 0xcd, 0xa0, 0xa, 0xc0, 0x3f,
    0xf9, 0xa2, 0x60, 0x13, 0x0, 0x7f, 0xf3, 0x50,
    0x2, 0x40, 0xf, 0xfe, 0x76, 0x0, 0x46, 0x1,
    0xff, 0xce, 0x20, 0xb, 0x40, 0x3f, 0xf9, 0xcc,
    0x1, 0x30, 0x7, 0x96, 0x73, 0xbf, 0xdd, 0xb4,
    0xe4, 0x1, 0xfc, 0x40, 0x10, 0x80, 0x43, 0x1f,
    0x4c, 0x62, 0x0, 0x12, 0x58, 0xdb, 0x40, 0xf,
    0xf8, 0xc0, 0xb, 0xee, 0x1, 0xff, 0xc0, 0x4b,
    0xa0, 0xf, 0xf0, 0x84, 0x50, 0x80, 0x46, 0xcf,
    0xe, 0xc6, 0x1, 0xcb, 0xa2, 0x1, 0x8, 0x7,
    0x33, 0x80, 0x51, 0xd9, 0x30, 0xf1, 0x39, 0xf2,
    0x40, 0x11, 0x60, 0x7, 0xe3, 0x90, 0x1, 0xeb,
    0x88, 0x7, 0xe6, 0xd6, 0x0, 0x8a, 0x40, 0x2,
    0x1, 0xbc, 0x0, 0x98, 0x40, 0x1f, 0xfc, 0x9,
    0x60, 0x9, 0x88, 0x3, 0xc6, 0x5, 0x40, 0x1f,
    0xfc, 0x39, 0x20, 0xa, 0xc0, 0x4, 0x1, 0xd2,
    0x20, 0x1f, 0xfc, 0x49, 0x0, 0x9c, 0x0, 0xc0,
    0x18, 0x50, 0x3, 0xff, 0x8a, 0x80, 0x10, 0x90,
    0x18, 0x6, 0x70, 0xf, 0xfe, 0x3a, 0x0, 0x4c,
    0x1a, 0x1, 0xb8, 0x3, 0xff, 0x8e, 0x20, 0x10,
    0x82, 0x0, 0x7f, 0xf4, 0x84, 0xc0, 0x2e, 0x0,
    0xff, 0xe3, 0x88, 0x4, 0x20, 0xa, 0x0, 0x90,
    0x3, 0xff, 0x8e, 0x80, 0x12, 0x80, 0x18, 0x2,
    0x24, 0x0, 0xff, 0xe2, 0xa0, 0x4, 0x42, 0x1,
    0x40, 0x5, 0x20, 0x1f, 0xfc, 0x59, 0x0, 0xa8,
    0x3, 0x39, 0x0, 0xa, 0x80, 0x3f, 0xf8, 0x72,
    0x40, 0x13, 0x0, 0x77, 0x0, 0x4b, 0x62, 0x1,
    0xff, 0xc0, 0x96, 0x0, 0xa4, 0x40, 0x38, 0xe4,
    0x2, 0x4e, 0x71, 0x0, 0xfc, 0xda, 0xc0, 0x12,
    0xb0, 0x7, 0xcd, 0x20, 0x1a, 0x3b, 0x6a, 0x1e,
    0x27, 0x3e, 0x48, 0x2, 0x5a, 0x0, 0xfe, 0x6c,
    0x20, 0xc, 0x4a, 0xf0, 0xec, 0x60, 0x1d, 0x14,
    0x1, 0xff, 0x1e, 0xc9, 0x0, 0x7f, 0xf0, 0x17,
    0x5c, 0x3, 0xff, 0x84, 0xdb, 0x90, 0x84, 0x1,
    0x9, 0xad, 0x75, 0x10, 0x7, 0x80,

    /* U+0037 "7" */
    0x3f, 0xff, 0xfe, 0x84, 0x80, 0x7f, 0xfd, 0x5,
    0x57, 0xff, 0x8e, 0x80, 0x1b, 0x40, 0x31, 0x55,
    0x7f, 0xf1, 0xcc, 0x2, 0x24, 0x0, 0xff, 0xe6,
    0x30, 0x5, 0x60, 0x1f, 0xfc, 0xc6, 0x10, 0x0,
    0xb0, 0x7, 0xff, 0x32, 0xc0, 0x26, 0x0, 0xff,
    0xe6, 0x21, 0x0, 0x52, 0x1, 0xff, 0xcc, 0xf0,
    0x9, 0x44, 0x3, 0xff, 0x96, 0x48, 0x1, 0x48,
    0x4, 0x7d, 0xd6, 0x80, 0x7f, 0xf1, 0x2c, 0x2,
    0x33, 0x0, 0x61, 0x1c, 0x1, 0xff, 0xc3, 0x16,
    0x0, 0xa4, 0x3, 0xff, 0x98, 0xc0, 0x11, 0x28,
    0x7, 0xff, 0x32, 0x40, 0x2a, 0x0, 0xff, 0xe6,
    0x30, 0x80, 0x4e, 0x1, 0xff, 0xcc, 0xb0, 0x9,
    0xc0, 0x3f, 0xf9, 0x88, 0x40, 0x15, 0x0, 0x7f,
    0xf3, 0x3c, 0x2, 0x52, 0x0, 0xff, 0xe5, 0x92,
    0x0, 0x52, 0x1, 0xff, 0xcc, 0xb0, 0x8, 0xcc,
    0x1, 0xff, 0xcb, 0x16, 0x0, 0xa4, 0x3, 0xff,
    0x98, 0xc0, 0x10, 0xa8, 0x7, 0xff, 0x32, 0x40,
    0x29, 0x0, 0xff, 0xe6, 0x28, 0x80, 0x4c, 0x1,
    0xff, 0xcc, 0x90, 0x9, 0x84, 0x3, 0xff, 0x96,
    0x66, 0x0, 0xac, 0x3, 0xff, 0x99, 0x20, 0x12,
    0x10, 0x7, 0xff, 0x2c, 0x94, 0x2, 0xf0, 0xf,
    0xfe, 0x65, 0x80, 0x46, 0x80, 0x1f, 0xfc, 0xc6,
    0x0, 0xa4, 0x3, 0xff, 0x98, 0xe0, 0x10, 0xa8,
    0x7, 0xff, 0x32, 0x80, 0x29, 0x0, 0xff, 0xe6,
    0x29, 0x0, 0x4c, 0x1, 0xff, 0xcc, 0x90, 0x9,
    0x84, 0x3, 0xff, 0x96, 0x66, 0x0, 0xac, 0x3,
    0xff, 0x99, 0x20, 0x12, 0x10, 0x7, 0xff, 0x2c,
    0x54, 0x2, 0xf0, 0xf, 0xfe, 0x64, 0x80, 0x44,
    0x80, 0x1f, 0xfc, 0xc6, 0x0, 0xac, 0x3, 0xff,
    0x88,

    /* U+0038 "8" */
    0x0, 0xfe, 0x15, 0x9c, 0xef, 0xfb, 0xb6, 0xdc,
    0xc0, 0x3f, 0xf8, 0xa7, 0x5d, 0x4c, 0x62, 0x1,
    0x9, 0x24, 0x67, 0x40, 0x80, 0x7f, 0xf0, 0x67,
    0x14, 0x3, 0xff, 0x82, 0x2f, 0xec, 0x1, 0xfe,
    0x1c, 0x60, 0xe, 0x36, 0x78, 0x83, 0xa0, 0x80,
    0x61, 0x99, 0x0, 0x7f, 0x69, 0x80, 0x43, 0x3d,
    0x93, 0xe, 0xe8, 0xbe, 0xc6, 0x0, 0xcd, 0x0,
    0x1f, 0x41, 0x80, 0x4d, 0xcc, 0x20, 0x1f, 0x8e,
    0x74, 0x80, 0x27, 0x40, 0xe, 0x17, 0x0, 0x9a,
    0x40, 0x3f, 0xf8, 0x25, 0x84, 0x1, 0x40, 0x7,
    0x30, 0x4, 0x52, 0x1, 0xff, 0xc3, 0x1e, 0x0,
    0x8c, 0x80, 0x36, 0x0, 0x54, 0x1, 0xff, 0xc5,
    0x32, 0x0, 0x90, 0x3, 0x30, 0x4, 0x80, 0x1f,
    0xfc, 0x64, 0x0, 0xbc, 0x3, 0x18, 0x4, 0x20,
    0x1f, 0xfc, 0x6e, 0x0, 0xfc, 0x60, 0x10, 0x80,
    0x7f, 0xf1, 0xbc, 0x3, 0xf3, 0x0, 0x4a, 0x1,
    0xff, 0xc6, 0x30, 0xb, 0xc0, 0x36, 0x0, 0x54,
    0x1, 0xff, 0xc5, 0x14, 0x0, 0x90, 0x3, 0x30,
    0x4, 0x6a, 0x1, 0xff, 0xc4, 0xa0, 0x8, 0xc8,
    0x3, 0xb, 0x80, 0x54, 0xa0, 0x1f, 0xfc, 0x2a,
    0x40, 0xb, 0xc0, 0x3d, 0x6, 0x1, 0x55, 0x8,
    0x3, 0xfc, 0x9a, 0xa0, 0x14, 0x18, 0x7, 0xd8,
    0x80, 0x12, 0xee, 0x42, 0xa1, 0xa2, 0x1a, 0xba,
    0xc8, 0x2, 0x97, 0x0, 0xfe, 0xb9, 0x10, 0x8,
    0xde, 0xaf, 0x2e, 0xd2, 0xa2, 0x1, 0x26, 0xb0,
    0x7, 0xfc, 0xf2, 0x1, 0xff, 0xc3, 0x2f, 0x20,
    0xf, 0xf9, 0xfa, 0x0, 0x3f, 0xf8, 0x65, 0x7a,
    0x80, 0x1f, 0x87, 0x20, 0x3, 0x1c, 0x5e, 0xf7,
    0xfb, 0xb6, 0x9c, 0x40, 0x22, 0xb8, 0x0, 0xf0,
    0xe1, 0x80, 0x4d, 0xd8, 0xe8, 0x42, 0x0, 0x12,
    0x58, 0xeb, 0x20, 0x9, 0xe8, 0x3, 0xb4, 0x80,
    0x2b, 0x91, 0x0, 0xff, 0xe0, 0x26, 0xb0, 0x4,
    0xae, 0x1, 0x29, 0x80, 0x58, 0x80, 0x1f, 0xfc,
    0x49, 0x60, 0xa, 0x4, 0x1, 0x20, 0x13, 0x18,
    0x7, 0xff, 0x1a, 0x48, 0x2, 0x60, 0x1, 0x80,
    0x56, 0x1, 0xff, 0xc8, 0xa0, 0xa, 0xc0, 0xc0,
    0x21, 0x20, 0xf, 0xfe, 0x42, 0x0, 0x46, 0xe,
    0x1, 0x18, 0x7, 0xff, 0x24, 0x40, 0x39, 0xc0,
    0x3f, 0xf9, 0xa2, 0x1, 0xc2, 0x1, 0x10, 0x7,
    0xff, 0x25, 0x80, 0x21, 0x2, 0x0, 0xca, 0x1,
    0xff, 0xc8, 0xf0, 0x9, 0x40, 0xa, 0x1, 0x40,
    0x7, 0xff, 0x1c, 0xd4, 0x2, 0xd0, 0x4, 0x80,
    0x45, 0x20, 0x1f, 0xfc, 0x51, 0xe0, 0x8, 0x58,
    0x0, 0x6c, 0x1, 0x35, 0x88, 0x7, 0xff, 0x9,
    0x3c, 0x80, 0x28, 0x0, 0xd2, 0x60, 0x12, 0x74,
    0x18, 0x7, 0xf9, 0x6e, 0xc2, 0x1, 0x33, 0x0,
    0x3b, 0xc, 0x3, 0x3e, 0x75, 0xcc, 0x3b, 0xa2,
    0xb3, 0xe9, 0x0, 0x33, 0xc8, 0x7, 0xd9, 0x0,
    0x1c, 0x28, 0xcf, 0x10, 0x75, 0x30, 0xe, 0x2b,
    0x80, 0xf, 0xe7, 0xe7, 0x10, 0xf, 0xfe, 0x11,
    0xce, 0xa0, 0x7, 0xfc, 0x31, 0xd9, 0xa, 0x64,
    0x20, 0x1, 0x24, 0x7a, 0xec, 0x60, 0xf, 0x80,

    /* U+0039 "9" */
    0x0, 0xfe, 0x59, 0xce, 0xff, 0xb6, 0xe0, 0xc0,
    0x3f, 0xf8, 0xa3, 0x3f, 0x4c, 0x62, 0x1, 0x12,
    0x3e, 0x73, 0x80, 0x7f, 0xf0, 0x9b, 0x98, 0x3,
    0xff, 0x80, 0x31, 0xc8, 0x1, 0xff, 0x4c, 0x80,
    0x38, 0xd9, 0xe1, 0xd8, 0xc0, 0x30, 0xdb, 0x80,
    0x7f, 0x43, 0x0, 0x43, 0x1f, 0x93, 0xf, 0x13,
    0x9d, 0x2, 0x1, 0x43, 0x80, 0x7c, 0xae, 0x1,
    0x27, 0xb8, 0x7, 0xe1, 0x7f, 0x50, 0xa, 0x10,
    0x3, 0xd6, 0x1, 0x2d, 0x88, 0x7, 0xfc, 0x34,
    0xc0, 0x15, 0x8, 0x6, 0x61, 0x0, 0xd, 0x0,
    0x7f, 0xf0, 0xe4, 0xc0, 0x3, 0x0, 0x1b, 0x40,
    0x28, 0x0, 0xff, 0xe2, 0xf0, 0x4, 0xc2, 0x1,
    0x20, 0x4, 0xe0, 0x1f, 0xfc, 0x52, 0x30, 0xa,
    0x40, 0x4, 0x1, 0x10, 0x80, 0x7f, 0xf1, 0x90,
    0x2, 0x50, 0x0, 0x80, 0x42, 0x1, 0xff, 0xc7,
    0xe0, 0x8, 0x88, 0x1, 0xff, 0xd2, 0x40, 0x10,
    0x8, 0x40, 0x3f, 0xf8, 0xfc, 0x1, 0xb0, 0x8,
    0x2, 0x21, 0x0, 0xff, 0xe3, 0x20, 0x6, 0x60,
    0x1, 0x0, 0x4e, 0x1, 0xff, 0xc5, 0x33, 0x0,
    0x63, 0x0, 0x28, 0x5, 0x0, 0x1f, 0xfc, 0x5f,
    0x0, 0xfd, 0x20, 0x10, 0xd0, 0x7, 0xff, 0xe,
    0x8c, 0xc, 0x3, 0x8, 0xb, 0x80, 0x4b, 0x62,
    0x1, 0xff, 0xd, 0xa8, 0x3, 0xc0, 0x31, 0x80,
    0x20, 0xc0, 0x24, 0xf7, 0x10, 0xf, 0x85, 0xfd,
    0x0, 0xe, 0x62, 0x1, 0xf6, 0x18, 0x4, 0x31,
    0xd9, 0x30, 0xee, 0x9c, 0xe8, 0x10, 0x3, 0x40,
    0x7, 0xfb, 0x18, 0x3, 0x8d, 0x9e, 0x20, 0xc6,
    0x1, 0xa2, 0x40, 0x2, 0x1, 0x18, 0x7, 0x4e,
    0x20, 0x7, 0xff, 0x1, 0xb5, 0xc0, 0x3e, 0x10,
    0xf, 0x1d, 0xec, 0xa9, 0x8, 0x0, 0x4d, 0xab,
    0xa4, 0x80, 0x21, 0x0, 0xff, 0xe0, 0x93, 0x56,
    0xf7, 0xfb, 0xb2, 0x54, 0x40, 0x38, 0x80, 0x23,
    0x0, 0xff, 0xe7, 0x28, 0x4, 0xc0, 0x1f, 0xfc,
    0xec, 0x0, 0xb0, 0x3, 0xff, 0x9c, 0x80, 0x12,
    0x0, 0x7f, 0xf3, 0x50, 0x40, 0x2, 0x40, 0x1f,
    0xfc, 0xdf, 0x0, 0xa4, 0x3, 0xff, 0x9a, 0x88,
    0x0, 0x98, 0x3, 0xff, 0x98, 0x34, 0x1, 0x38,
    0x80, 0x7f, 0xf3, 0x34, 0x40, 0x3, 0x0, 0x1f,
    0xfc, 0xb1, 0xd3, 0x0, 0xa8, 0x3, 0xf1, 0x0,
    0x7f, 0xf0, 0x9b, 0xc8, 0x2, 0x84, 0x0, 0xfd,
    0xfc, 0xe4, 0x1, 0xf8, 0x9f, 0x64, 0x40, 0x27,
    0x70, 0x7, 0xe5, 0x21, 0x8d, 0xec, 0xa9, 0x95,
    0x67, 0x6c, 0x10, 0x6, 0x98, 0x0, 0xfe, 0x80,
    0xc, 0x26, 0xac, 0xc5, 0x31, 0x0, 0xe4, 0xd6,
    0x0, 0xff, 0x7b, 0x0, 0x7f, 0xf0, 0x93, 0x2c,
    0x80, 0x3f, 0xe2, 0x9f, 0xb7, 0x42, 0x10, 0x0,
    0x89, 0x1a, 0xbe, 0xcc, 0x3, 0xfc,

    /* U+003A ":" */
    0x0, 0x4f, 0x71, 0xc0, 0x12, 0xc2, 0x28, 0x70,
    0x70, 0xd, 0x40, 0x20, 0x1e, 0x50, 0xc, 0x81,
    0x68, 0x0, 0x59, 0x1, 0xbe, 0xe5, 0x0, 0x61,
    0x10, 0x7, 0xff, 0xfc, 0x3, 0xff, 0xae, 0x22,
    0x0, 0x86, 0xfb, 0x94, 0x0, 0xb4, 0x0, 0x2c,
    0x82, 0x80, 0x67, 0x1, 0x0, 0xc6, 0xe, 0x1,
    0xa8, 0x25, 0x84, 0x4e, 0xe0,

    /* U+003B ";" */
    0x0, 0x4f, 0x71, 0xc0, 0x12, 0xc2, 0x28, 0x70,
    0x70, 0xd, 0x40, 0x20, 0x1e, 0x50, 0xc, 0x81,
    0x68, 0x0, 0x59, 0x1, 0xbe, 0xe5, 0x0, 0x61,
    0x10, 0x7, 0xff, 0xfc, 0x3, 0xff, 0xbb, 0x1d,
    0xc8, 0x0, 0x43, 0x88, 0x9d, 0xc0, 0xa0, 0x1a,
    0x80, 0xc0, 0x31, 0x83, 0x80, 0x65, 0x9, 0x50,
    0xb, 0x0, 0x16, 0x1, 0x28, 0x1, 0x0, 0x4,
    0x40, 0x6, 0x80, 0x14, 0x2, 0x40, 0x5, 0x80,
    0x46, 0x2, 0x60, 0x3, 0x0, 0x38, 0x4, 0x80,
    0xc, 0x0, 0xb0, 0x0, 0xa0, 0x14, 0xee, 0x80,
    0x20,

    /* U+003C "<" */
    0x0, 0xff, 0xe6, 0x21, 0x0, 0x7f, 0xf2, 0x45,
    0xf6, 0xd8, 0x3, 0xff, 0x8e, 0x75, 0xd0, 0x40,
    0x1f, 0xfc, 0x76, 0xdc, 0x50, 0xf, 0xfe, 0x39,
    0xcf, 0xc9, 0x0, 0x64, 0xb4, 0x0, 0xff, 0xe0,
    0x36, 0x61, 0x80, 0x30, 0xc7, 0x5a, 0x0, 0x7f,
    0x8a, 0x7a, 0x4c, 0x3, 0x25, 0xf3, 0x88, 0x7,
    0xf9, 0x73, 0x58, 0x40, 0x21, 0x8e, 0xb4, 0x0,
    0xff, 0x14, 0x75, 0x18, 0x6, 0x4b, 0xe7, 0x10,
    0xf, 0xf2, 0xde, 0xb8, 0x80, 0x43, 0x1d, 0x68,
    0x1, 0xff, 0xc0, 0xea, 0x40, 0xc, 0x97, 0xce,
    0x20, 0x1f, 0xfc, 0x11, 0x10, 0x4, 0x51, 0xd6,
    0x80, 0x1f, 0xfc, 0x95, 0x61, 0x0, 0xff, 0xe5,
    0xbf, 0x5a, 0x0, 0x7f, 0xf1, 0x46, 0xd0, 0x3,
    0x25, 0xf4, 0x8, 0x7, 0xff, 0xd, 0x2f, 0x9c,
    0x40, 0x21, 0x7e, 0xb4, 0x0, 0xff, 0xe1, 0x8c,
    0x75, 0x20, 0x6, 0x4b, 0xe8, 0x10, 0xf, 0xfe,
    0x1a, 0xde, 0xb8, 0x80, 0x42, 0xfd, 0x68, 0x1,
    0xff, 0xc3, 0x28, 0xea, 0x40, 0xc, 0x97, 0xd0,
    0x20, 0x1f, 0xfc, 0x35, 0xbd, 0x71, 0x0, 0x85,
    0xfa, 0xd0, 0x3, 0xff, 0x86, 0x51, 0xd4, 0x60,
    0x19, 0x2f, 0x88, 0x3, 0xff, 0x88, 0xb9, 0xac,
    0x20, 0x10, 0xb0, 0x7, 0xff, 0x18, 0xa7, 0xa4,
    0xc0, 0x3f, 0xf9, 0x8d, 0x98, 0x67,

    /* U+003D "=" */
    0x5, 0x5f, 0xfe, 0x60, 0x8a, 0xab, 0xff, 0x98,
    0xa0, 0x1f, 0xfe, 0x81, 0xff, 0xff, 0xe6, 0x20,
    0x7, 0xff, 0xfc, 0x3, 0xff, 0xfe, 0x1, 0xff,
    0xef, 0x55, 0xff, 0xe6, 0x8, 0xaa, 0xbf, 0xf9,
    0x8a, 0x1, 0xff, 0xe8,

    /* U+003E ">" */
    0x5, 0x0, 0xff, 0xe6, 0xd, 0x74, 0x10, 0x7,
    0xff, 0x2c, 0x5f, 0x6d, 0x0, 0x3f, 0xf9, 0x89,
    0x7c, 0xe2, 0x1, 0xff, 0xc4, 0x1c, 0x60, 0xc,
    0x31, 0xd4, 0x80, 0x1f, 0xfc, 0x33, 0x9f, 0x93,
    0x0, 0xcb, 0x7a, 0xe2, 0x1, 0xff, 0xc3, 0x6c,
    0xc3, 0x0, 0x62, 0x8e, 0xa3, 0x0, 0xff, 0xe1,
    0x9c, 0xfc, 0x98, 0x6, 0x5c, 0xd6, 0x0, 0xff,
    0xe2, 0x36, 0x61, 0x80, 0x31, 0x4f, 0xc9, 0x80,
    0x7f, 0xf0, 0xce, 0x7e, 0x4c, 0x3, 0x36, 0x61,
    0x80, 0x3f, 0xf8, 0x8d, 0x9a, 0xc0, 0x18, 0xe7,
    0xcc, 0x3, 0xff, 0x88, 0x53, 0xf2, 0x60, 0x19,
    0xc0, 0x3f, 0xf8, 0xed, 0x42, 0x1, 0xff, 0xc9,
    0x39, 0xf9, 0x10, 0xf, 0xfe, 0x3b, 0x66, 0x18,
    0x3, 0x1c, 0xa0, 0x7, 0xff, 0x0, 0xe7, 0xe4,
    0xc0, 0x33, 0x66, 0x18, 0x3, 0xfe, 0x6c, 0xc3,
    0x0, 0x63, 0x9f, 0x93, 0x0, 0xff, 0x1c, 0xfc,
    0x98, 0x6, 0x6c, 0xc3, 0x0, 0x7f, 0xcd, 0xb8,
    0xc0, 0x18, 0xa7, 0xe4, 0xc0, 0x3f, 0xc7, 0x3f,
    0x24, 0x1, 0x97, 0x35, 0x80, 0x3f, 0xf8, 0x1b,
    0x8c, 0x1, 0x8a, 0x3a, 0x8c, 0x3, 0xff, 0x82,
    0x24, 0x1, 0x96, 0xf5, 0xc4, 0x3, 0xff, 0x8c,
    0x51, 0xd4, 0x80, 0x1f, 0xfc, 0x75, 0xbd, 0x71,
    0x0, 0xff, 0xe4, 0x0,

    /* U+003F "?" */
    0x0, 0xfc, 0x4d, 0x59, 0xdf, 0xf7, 0x64, 0xb1,
    0x0, 0x7f, 0xf0, 0x5f, 0x75, 0x2a, 0x62, 0x1,
    0x9, 0xb4, 0xed, 0xa0, 0x7, 0xf3, 0x74, 0x10,
    0x7, 0xff, 0x5, 0x2e, 0x84, 0x3, 0x87, 0x24,
    0x40, 0x38, 0xd5, 0x98, 0xa8, 0x20, 0x1c, 0xb8,
    0x20, 0x11, 0x61, 0x80, 0x66, 0xcf, 0xca, 0x99,
    0x55, 0xf6, 0xb8, 0x6, 0x2c, 0x0, 0xf, 0x90,
    0x4, 0xbd, 0x26, 0x1, 0xf8, 0xa3, 0x48, 0x2,
    0x27, 0x1, 0xa0, 0xa, 0xa8, 0x20, 0x1f, 0xfc,
    0x2, 0xc1, 0x0, 0xa4, 0x0, 0xf8, 0x56, 0xa0,
    0x1f, 0xfc, 0x31, 0xa0, 0x8, 0x50, 0x0, 0x7a,
    0x80, 0x1f, 0xfc, 0x54, 0x10, 0x8, 0x80, 0x3f,
    0xf9, 0x6a, 0x1, 0x70, 0x7, 0xff, 0x2c, 0x80,
    0x3f, 0xf9, 0xe6, 0x1, 0x70, 0x7, 0xff, 0x2d,
    0x0, 0x22, 0x0, 0xff, 0xe5, 0x20, 0x80, 0x48,
    0x1, 0xff, 0xca, 0x90, 0x9, 0xc0, 0x3f, 0xf9,
    0x54, 0x40, 0x1, 0x80, 0xf, 0xfe, 0x4c, 0xa8,
    0x5, 0x40, 0x1f, 0xfc, 0x99, 0x60, 0xa, 0x50,
    0x3, 0xff, 0x91, 0x6c, 0x1, 0x4b, 0x0, 0x7f,
    0xf1, 0xc7, 0x10, 0x2, 0xa6, 0x0, 0xff, 0xe4,
    0x69, 0x80, 0x56, 0xa0, 0x1f, 0xfc, 0x8b, 0x30,
    0xb, 0x10, 0x3, 0xff, 0x90, 0xc8, 0x1, 0x59,
    0x80, 0x7f, 0xf2, 0x60, 0x2, 0x74, 0x0, 0xff,
    0xe4, 0xa8, 0x80, 0x6, 0x0, 0x3f, 0xf9, 0x58,
    0x1, 0x38, 0x7, 0xff, 0x2d, 0x40, 0x2f, 0x0,
    0xff, 0xe5, 0xb8, 0x8c, 0x40, 0x1f, 0xfc, 0xbb,
    0xee, 0x90, 0x3, 0xff, 0xfe, 0x1, 0xff, 0xff,
    0x0, 0xff, 0xe0, 0x9d, 0x64, 0x0, 0x7f, 0xf2,
    0xcb, 0x14, 0xde, 0x80, 0x3f, 0xf9, 0x56, 0x1,
    0x94, 0x40, 0x3f, 0xfc, 0xba, 0x1, 0x8c, 0x40,
    0x3f, 0xf9, 0x29, 0x44, 0xb, 0xa0, 0x1f, 0xe0,

    /* U+0040 "@" */
    0x0, 0xff, 0xe3, 0x8a, 0x45, 0x67, 0x73, 0xfe,
    0xec, 0xa8, 0x51, 0x0, 0xff, 0xeb, 0x13, 0xe7,
    0x5b, 0xa9, 0x88, 0x80, 0x21, 0x35, 0x7a, 0xed,
    0x82, 0x0, 0xff, 0xe8, 0xa5, 0xec, 0x18, 0x7,
    0xc2, 0x20, 0xf, 0x89, 0xf7, 0x14, 0x3, 0xff,
    0x9a, 0x77, 0x64, 0x0, 0xcb, 0x17, 0xdf, 0xee,
    0xe7, 0xfb, 0xae, 0x58, 0x40, 0x23, 0xac, 0x30,
    0xf, 0xfe, 0x54, 0x62, 0x0, 0x4d, 0x7f, 0x4e,
    0x82, 0x1, 0xe1, 0x46, 0x9e, 0xc7, 0x10, 0x1,
    0xe4, 0x80, 0x7f, 0xf1, 0xcb, 0x1c, 0x2, 0x7e,
    0x94, 0x0, 0xff, 0xe2, 0x1c, 0x74, 0x88, 0x1,
    0xb4, 0x80, 0x3f, 0xf8, 0x87, 0x86, 0x0, 0x4d,
    0x81, 0x0, 0xff, 0xe4, 0xb7, 0x30, 0x0, 0xb5,
    0x0, 0x3f, 0xf8, 0x47, 0x82, 0x0, 0x9b, 0x20,
    0xf, 0xfe, 0x6c, 0xe0, 0x80, 0x2d, 0x0, 0x3f,
    0xf8, 0x5, 0xa0, 0x1, 0xb6, 0x0, 0xff, 0xe8,
    0x1f, 0x98, 0x2, 0xcc, 0x3, 0xfe, 0xf1, 0x1,
    0xc4, 0x0, 0xff, 0xe9, 0xe, 0x18, 0x3, 0x44,
    0x3, 0xfa, 0x88, 0x1, 0xa4, 0x1, 0xff, 0xc1,
    0x23, 0x43, 0x10, 0xf, 0xfe, 0x1e, 0x90, 0xe,
    0x80, 0x7e, 0x45, 0x0, 0x51, 0x80, 0x7f, 0x8a,
    0x37, 0xf7, 0x2f, 0x3b, 0x92, 0x60, 0x1d, 0x9f,
    0xee, 0x0, 0x87, 0xc0, 0x6, 0xc0, 0x1f, 0x48,
    0x1, 0x54, 0x1, 0xfc, 0x35, 0xae, 0x40, 0x1e,
    0x16, 0xcc, 0x10, 0x7, 0xfc, 0x50, 0x0, 0x80,
    0xf, 0x31, 0x0, 0xd8, 0x7, 0xf2, 0x7a, 0x80,
    0x7f, 0xf0, 0xf, 0x58, 0x3, 0xfe, 0x73, 0x1,
    0x70, 0xe, 0xb0, 0x4, 0x88, 0x7, 0xe6, 0xb1,
    0x0, 0x8e, 0x73, 0xbf, 0xdb, 0x4a, 0x1, 0x4c,
    0x0, 0x7f, 0xd0, 0x0, 0x90, 0xc, 0x84, 0x0,
    0x60, 0xf, 0xcb, 0x20, 0x11, 0x66, 0x18, 0xc4,
    0x0, 0x4b, 0x5a, 0xa0, 0x7, 0x60, 0xf, 0xf2,
    0x18, 0xa, 0x80, 0x5c, 0x0, 0x61, 0x0, 0xf8,
    0xa8, 0x2, 0x5d, 0x30, 0xf, 0xe2, 0xa9, 0x0,
    0x48, 0x80, 0x7f, 0xa8, 0x1, 0xc0, 0x12, 0x80,
    0x28, 0x3, 0xf4, 0x80, 0x4b, 0x40, 0x1f, 0xfc,
    0x16, 0x90, 0x1, 0x0, 0x7f, 0x9c, 0x0, 0x80,
    0x3, 0x0, 0x9, 0x80, 0x7c, 0x88, 0x0, 0x15,
    0x0, 0x7f, 0xf0, 0xd9, 0x40, 0x3f, 0xf8, 0x2,
    0x80, 0x4, 0x4, 0x0, 0x20, 0x7, 0xef, 0x0,
    0xa4, 0x3, 0xff, 0x8b, 0x60, 0x1f, 0xfc, 0x13,
    0x0, 0x18, 0x68, 0x3, 0x40, 0x3f, 0x20, 0x0,
    0x90, 0x3, 0xff, 0x8a, 0x2e, 0x1, 0xff, 0xc0,
    0xd0, 0x6, 0x83, 0x80, 0xc, 0x3, 0xe4, 0x0,
    0x94, 0x3, 0xff, 0x8f, 0x60, 0x1f, 0xfc, 0x7,
    0x0, 0x30, 0x10, 0x1, 0x80, 0x3e, 0x30, 0xb,
    0x0, 0x3f, 0xf8, 0xe6, 0x1, 0xff, 0xc0, 0x20,
    0x1, 0x0, 0x63, 0x0, 0xfb, 0x80, 0x25, 0x0,
    0xff, 0xe4, 0x18, 0x7, 0xff, 0x1c, 0x40, 0x3e,
    0x30, 0x8, 0x40, 0x3f, 0xf9, 0xe, 0x1, 0xff,
    0xc2, 0x11, 0x0, 0x7f, 0xc2, 0x1, 0xff, 0xdc,
    0x10, 0xf, 0xf8, 0x40, 0x3f, 0xf9, 0x8e, 0x1,
    0xff, 0xc2, 0x10, 0xc, 0x20, 0x1f, 0x18, 0x4,
    0x40, 0x1f, 0xfc, 0x81, 0x0, 0xff, 0xe1, 0x18,
    0x8, 0x0, 0xc0, 0x3e, 0xf0, 0x9, 0xc0, 0x3f,
    0xf9, 0x4, 0x1, 0xff, 0x10, 0x0, 0x40, 0x80,
    0xc, 0x1, 0xf2, 0x80, 0x58, 0x1, 0xff, 0xc7,
    0x50, 0xf, 0xfe, 0x3, 0x0, 0x14, 0x18, 0x0,
    0x60, 0x1f, 0x18, 0x80, 0x1c, 0x3, 0xff, 0x8f,
    0xc0, 0x1f, 0xfc, 0x3, 0x0, 0x70, 0x68, 0x3,
    0x0, 0x3f, 0x30, 0x0, 0x5c, 0x3, 0xff, 0x8a,
    0x68, 0x1, 0xff, 0xc0, 0xc0, 0x1, 0x82, 0x0,
    0x14, 0x3, 0xf4, 0x80, 0x50, 0x40, 0x1f, 0xfc,
    0x4f, 0x0, 0xff, 0xe0, 0xa0, 0x1, 0x0, 0xc0,
    0x2, 0x80, 0x1f, 0xb, 0x80, 0x5e, 0x20, 0x1f,
    0xfc, 0x29, 0x30, 0xc, 0x20, 0x1f, 0x30, 0x1,
    0x40, 0x25, 0x0, 0x68, 0x7, 0xe8, 0x20, 0x1,
    0x61, 0x0, 0x7f, 0xf0, 0x29, 0x80, 0x5c, 0x2,
    0x20, 0xe, 0x18, 0x0, 0x48, 0x5, 0xc0, 0x6,
    0x10, 0xf, 0xd8, 0x20, 0x2, 0xd7, 0x0, 0xfe,
    0x5d, 0x50, 0x6, 0xe8, 0x2, 0x80, 0xe, 0xa1,
    0x4, 0x30, 0x9, 0x8, 0x1, 0x20, 0x1f, 0x87,
    0x4, 0x2, 0x8f, 0xa6, 0x43, 0x45, 0x9e, 0xa2,
    0x0, 0x59, 0xa8, 0x4, 0xb8, 0xa8, 0xda, 0x80,
    0x9, 0x0, 0xeb, 0x0, 0x38, 0x80, 0x7e, 0x2f,
    0x40, 0xc, 0xb3, 0x79, 0x74, 0xc2, 0x0, 0x2c,
    0x40, 0x4, 0x0, 0x47, 0x57, 0x24, 0x0, 0xa2,
    0x0, 0xe6, 0x20, 0x5, 0x80, 0x7f, 0xd, 0xd1,
    0x0, 0x7f, 0x85, 0xf4, 0xc0, 0x27, 0x70, 0x7,
    0xc3, 0x6a, 0x1, 0xf4, 0x0, 0x15, 0x80, 0x3f,
    0xcb, 0xb8, 0xe8, 0x20, 0x1, 0x36, 0xae, 0x80,
    0xf, 0x46, 0x28, 0x80, 0x9c, 0x7a, 0x0, 0x7e,
    0x55, 0x0, 0x24, 0xc0, 0x3f, 0xe3, 0x8b, 0xef,
    0xf7, 0x64, 0xa8, 0x7, 0xf1, 0xd7, 0x7f, 0x63,
    0x88, 0x7, 0xfa, 0xc4, 0x1, 0xa4, 0x1, 0xff,
    0xe3, 0x1d, 0x0, 0xe, 0x18, 0x7, 0xff, 0x8c,
    0xec, 0x0, 0x38, 0xa0, 0x1f, 0xfe, 0x34, 0xb0,
    0xa, 0xa8, 0x20, 0x1f, 0xfe, 0x24, 0xd2, 0x0,
    0x2f, 0x38, 0x7, 0xff, 0x24, 0x80, 0x3f, 0xf9,
    0x85, 0xac, 0x1, 0x47, 0xc9, 0x80, 0x7f, 0xf0,
    0xc5, 0xf7, 0x0, 0x3f, 0xf9, 0xd3, 0x66, 0x1,
    0x36, 0x6c, 0xb1, 0x88, 0x7, 0x8d, 0x63, 0x7a,
    0x8, 0x4c, 0x3, 0xff, 0x9c, 0x99, 0x46, 0x1,
    0x13, 0x4e, 0x77, 0xf7, 0x5f, 0xec, 0xa7, 0x20,
    0x8, 0x9c, 0x3, 0xff, 0xa0, 0xb9, 0x87, 0x20,
    0xf, 0x8, 0xc0, 0x1e, 0x15, 0xbd, 0x40, 0xf,
    0xfe, 0x91, 0xc6, 0xea, 0x9d, 0x8, 0x40, 0x21,
    0x24, 0x69, 0xde, 0xa4, 0x0, 0xff, 0xe2, 0x0,

    /* U+0041 "A" */
    0x0, 0xff, 0xe2, 0x9f, 0xfe, 0x50, 0xf, 0xfe,
    0xbc, 0x80, 0x69, 0x0, 0xff, 0xeb, 0xa, 0x80,
    0x63, 0x30, 0x7, 0xff, 0x56, 0x40, 0x3d, 0x0,
    0x1f, 0xfd, 0x56, 0x0, 0x84, 0x0, 0x84, 0x1,
    0xff, 0xd3, 0x61, 0x0, 0x34, 0x80, 0x56, 0x1,
    0xff, 0xd3, 0xb0, 0xa, 0xd8, 0x2, 0x61, 0x0,
    0xff, 0xe8, 0xa9, 0x0, 0x10, 0x85, 0x80, 0x26,
    0x0, 0xff, 0xe8, 0xc8, 0x5, 0xe0, 0xb, 0x0,
    0xa4, 0x3, 0xff, 0xa0, 0x66, 0x0, 0x12, 0x0,
    0x9, 0x0, 0x2, 0xc0, 0x1f, 0xfc, 0xf9, 0x0,
    0xac, 0x3, 0x78, 0x5, 0x60, 0x1f, 0xfc, 0xe2,
    0x50, 0x0, 0xb0, 0x6, 0x42, 0x0, 0x12, 0x0,
    0x7f, 0xf3, 0x6c, 0x2, 0x60, 0xf, 0x58, 0x5,
    0xe0, 0x1f, 0xfc, 0xc1, 0x60, 0xa, 0x40, 0x3c,
    0xc2, 0x0, 0x42, 0x0, 0xff, 0xe5, 0xb0, 0x4,
    0xa2, 0x1, 0xf3, 0x0, 0x56, 0x1, 0xff, 0xcb,
    0x90, 0xa, 0x40, 0x3f, 0x48, 0x4, 0xc2, 0x1,
    0xff, 0xc9, 0x51, 0x0, 0x19, 0x80, 0x3f, 0xa,
    0x80, 0x52, 0x1, 0xff, 0xc9, 0x90, 0xa, 0x40,
    0x3f, 0xd2, 0x1, 0x30, 0x7, 0xff, 0x21, 0xc,
    0x0, 0x2a, 0x1, 0xfe, 0x33, 0x0, 0x5, 0x80,
    0x3f, 0xf8, 0xfe, 0x1, 0x48, 0x7, 0xff, 0x2,
    0x40, 0x2b, 0x0, 0xff, 0xe3, 0x12, 0x0, 0x4c,
    0x1, 0xff, 0xc0, 0x51, 0x0, 0x12, 0x0, 0x7f,
    0xf1, 0x6c, 0x2, 0x61, 0x0, 0xff, 0xe0, 0xc8,
    0x5, 0x0, 0x1f, 0xfc, 0x41, 0x60, 0xa, 0xc0,
    0x3f, 0xf8, 0x4c, 0x1, 0x19, 0x80, 0x3f, 0xf8,
    0x72, 0x1, 0x21, 0x0, 0x7f, 0xf0, 0x85, 0x80,
    0x29, 0x0, 0xff, 0xe1, 0xb0, 0x5, 0xe0, 0x1f,
    0xfc, 0x4b, 0x0, 0x94, 0x40, 0x3f, 0xf8, 0x2c,
    0x20, 0x2, 0x40, 0xf, 0xfe, 0x21, 0x20, 0x5,
    0x20, 0x1f, 0xfc, 0x1b, 0x0, 0x8b, 0xff, 0xff,
    0x8c, 0x80, 0x13, 0x80, 0x7f, 0xf0, 0x10, 0x80,
    0x3f, 0xf9, 0xee, 0x1, 0xff, 0x78, 0x7, 0xff,
    0x42, 0x40, 0x3f, 0xc6, 0x80, 0x14, 0xcf, 0xff,
    0x28, 0x40, 0x2, 0xa0, 0x1f, 0xd2, 0x1, 0x2b,
    0x37, 0xff, 0x2a, 0x40, 0x29, 0x0, 0xfc, 0x2a,
    0x1, 0x48, 0x7, 0xff, 0x29, 0x80, 0x23, 0x30,
    0x7, 0xd2, 0x1, 0x19, 0x80, 0x3f, 0xf9, 0x42,
    0xc0, 0x14, 0x80, 0x7c, 0xc0, 0x14, 0x0, 0x7f,
    0xf3, 0x2c, 0x2, 0x52, 0x0, 0xe6, 0x10, 0x1,
    0x20, 0x7, 0xff, 0x30, 0x90, 0x2, 0xb0, 0xe,
    0xb0, 0xa, 0xc0, 0x3f, 0xf9, 0xde, 0x1, 0x30,
    0x80, 0x4a, 0x40, 0x1, 0x60, 0xf, 0xfe, 0x72,
    0x10, 0x4, 0xc0, 0x14, 0x80, 0x4c, 0x1, 0xff,
    0xd0, 0xb0, 0xa, 0x40, 0x6, 0x60, 0xa, 0x40,
    0x3f, 0xfa, 0xc, 0x1, 0xa, 0x84, 0x80, 0x4a,
    0x20, 0x1f, 0xfd, 0x17, 0x0, 0xa0, 0x0,

    /* U+0042 "B" */
    0x9f, 0xff, 0xfe, 0x2f, 0x73, 0x25, 0xc8, 0x3,
    0xff, 0xa0, 0x22, 0x36, 0x8d, 0xd3, 0x80, 0x7f,
    0xf5, 0xa, 0x35, 0x0, 0x3f, 0xc9, 0x11, 0xff,
    0xc1, 0x76, 0x30, 0xe, 0x2b, 0x50, 0xf, 0xe3,
    0x77, 0xff, 0xe0, 0xc4, 0xe7, 0xd1, 0x0, 0x6a,
    0x40, 0xf, 0xfe, 0x72, 0xec, 0x0, 0x69, 0x0,
    0xff, 0xe8, 0x3c, 0x0, 0x44, 0xa0, 0x1f, 0xfd,
    0x7, 0x30, 0xb, 0x80, 0x3f, 0xfa, 0x34, 0x1,
    0x28, 0x7, 0xff, 0x45, 0x40, 0x21, 0x0, 0xff,
    0xe8, 0x90, 0x7, 0xff, 0x54, 0xc0, 0x3f, 0xfa,
    0xac, 0x1, 0x10, 0x7, 0xff, 0x47, 0x40, 0x24,
    0x0, 0xff, 0xe8, 0x13, 0x0, 0x54, 0x1, 0xff,
    0xcf, 0x1f, 0x0, 0x90, 0xc0, 0x3f, 0xf9, 0xcb,
    0xe4, 0x0, 0x1a, 0x0, 0xff, 0xe5, 0x9, 0x2c,
    0xf5, 0x8, 0x0, 0xb0, 0x40, 0x3f, 0x3f, 0xff,
    0xff, 0x7, 0xb6, 0x98, 0x40, 0x26, 0xc2, 0x0,
    0xff, 0xe9, 0x26, 0x88, 0x7, 0xff, 0x4d, 0x2f,
    0x54, 0x3, 0xf9, 0x22, 0x3f, 0xf8, 0x4e, 0xe5,
    0x20, 0xc, 0x55, 0x40, 0xf, 0xc6, 0xef, 0xff,
    0xc2, 0x88, 0x56, 0xf4, 0x90, 0x4, 0xb6, 0x1,
    0xff, 0xce, 0x16, 0xd8, 0x0, 0x92, 0x0, 0x3f,
    0xfa, 0xf, 0x20, 0x13, 0x90, 0x7, 0xff, 0x41,
    0x8c, 0x2, 0xa0, 0xf, 0xfe, 0x8d, 0x0, 0x48,
    0x1, 0xff, 0xd1, 0x40, 0x8, 0xc0, 0x3f, 0xfa,
    0x24, 0x1, 0x84, 0x3, 0xff, 0xe4, 0x40, 0x18,
    0x40, 0x3f, 0xfa, 0x8, 0x1, 0x8, 0x7, 0xff,
    0x46, 0x80, 0x24, 0x0, 0xff, 0xe8, 0x31, 0x80,
    0x5e, 0x1, 0xff, 0xcf, 0x79, 0x0, 0x8d, 0x40,
    0x3f, 0xf9, 0x82, 0xdb, 0x0, 0x1b, 0x80, 0x3c,
    0x6e, 0xff, 0xfc, 0x28, 0x85, 0x6f, 0x49, 0x0,
    0x6c, 0x20, 0xf, 0x24, 0x47, 0xff, 0x9, 0xdc,
    0xa4, 0x1, 0xc7, 0xa6, 0x1, 0xff, 0xd1, 0x4a,
    0xc2, 0x0, 0xff, 0xe6, 0x9, 0x23, 0xd7, 0x5a,
    0x80, 0x78,

    /* U+0043 "C" */
    0x0, 0xff, 0xe1, 0x9b, 0xd6, 0x77, 0xfd, 0xd9,
    0x4e, 0x60, 0x1f, 0xfc, 0x82, 0x9e, 0xc8, 0x53,
    0x10, 0x8, 0x4d, 0x63, 0x3a, 0x4, 0x3, 0xff,
    0x86, 0x55, 0xac, 0x20, 0x1f, 0xfc, 0x11, 0x7e,
    0x91, 0x0, 0xff, 0xe0, 0x46, 0xa8, 0x7, 0xc4,
    0x68, 0x64, 0x1, 0xf3, 0x7a, 0x80, 0x7f, 0xe,
    0x38, 0x7, 0x1c, 0x67, 0xee, 0x5e, 0x6f, 0xec,
    0xa0, 0x6, 0x1a, 0x80, 0xf, 0x8b, 0xcc, 0x3,
    0x26, 0x61, 0xcc, 0x3, 0xe2, 0x6b, 0xd6, 0x0,
    0xce, 0xe0, 0xe, 0x1c, 0x10, 0x8, 0x6e, 0xc6,
    0x1, 0xff, 0xc1, 0x29, 0xc2, 0x0, 0xa, 0x80,
    0x76, 0x8, 0x4, 0x9e, 0x80, 0x1f, 0xfc, 0x53,
    0xd4, 0x1c, 0x20, 0xd, 0x24, 0x1, 0x2d, 0x88,
    0x7, 0xff, 0x22, 0xf0, 0x80, 0x32, 0x30, 0x4,
    0x94, 0x1, 0xff, 0xcb, 0x20, 0xe, 0x90, 0x8,
    0x68, 0x3, 0xff, 0xa2, 0x84, 0x1, 0x58, 0x80,
    0x7f, 0xf4, 0x7c, 0x2, 0x35, 0x0, 0xff, 0xe8,
    0x8a, 0x0, 0x50, 0x1, 0xff, 0xd2, 0x70, 0x8,
    0x50, 0x3, 0xff, 0xa5, 0xe0, 0x13, 0x80, 0x7f,
    0xf4, 0xd4, 0x2, 0xc0, 0xf, 0xfe, 0x99, 0x80,
    0x4e, 0x1, 0xff, 0xd7, 0x30, 0xf, 0xfe, 0x90,
    0x80, 0x61, 0x0, 0xff, 0xfb, 0x8, 0x6, 0x10,
    0xf, 0xfe, 0xb9, 0x80, 0x7f, 0xf4, 0xcc, 0x2,
    0x70, 0xf, 0xfe, 0x9a, 0x80, 0x58, 0x1, 0xff,
    0xd3, 0xf0, 0x9, 0xc0, 0x3f, 0xfa, 0x6e, 0x1,
    0xa, 0x0, 0x7f, 0xf4, 0x85, 0x0, 0x28, 0x0,
    0xff, 0xe9, 0xf8, 0x4, 0x6a, 0x1, 0xff, 0xd2,
    0x42, 0x0, 0xac, 0x40, 0x3f, 0xfa, 0x52, 0x1,
    0xd, 0x0, 0x7f, 0xf4, 0x91, 0x80, 0x24, 0xa0,
    0xf, 0xfe, 0x59, 0x0, 0x7a, 0x48, 0x2, 0x5b,
    0x10, 0xf, 0xfe, 0x38, 0xe6, 0xc, 0x3, 0xde,
    0x20, 0x12, 0x7a, 0x0, 0x7f, 0xf1, 0x53, 0xcc,
    0x74, 0x80, 0x38, 0xb0, 0x40, 0x21, 0xbb, 0x18,
    0x7, 0xff, 0x4, 0xaa, 0xc4, 0x0, 0x2a, 0x1,
    0xe2, 0xf3, 0x0, 0xc9, 0x98, 0x73, 0x0, 0xf8,
    0x9a, 0xf5, 0x40, 0x34, 0x38, 0x7, 0xc3, 0x8e,
    0x1, 0xc7, 0x19, 0xfb, 0x97, 0x9b, 0xfb, 0x28,
    0x1, 0x86, 0xdc, 0x3, 0xfd, 0x1a, 0x80, 0x1f,
    0x11, 0xa1, 0x90, 0x7, 0xcd, 0xc8, 0x1, 0xff,
    0xc0, 0x2b, 0xd6, 0x10, 0xf, 0xfe, 0x9, 0x3f,
    0x48, 0x7, 0xff, 0x10, 0xa7, 0xb2, 0x14, 0x84,
    0x2, 0x13, 0x59, 0xdd, 0x40, 0x80, 0x70,

    /* U+0044 "D" */
    0x9f, 0xff, 0xfe, 0x2f, 0x65, 0x3a, 0x0, 0x7f,
    0xf5, 0x44, 0xd6, 0x2f, 0xe9, 0x0, 0x3f, 0xfb,
    0xb, 0x7a, 0xa0, 0x1f, 0xfc, 0x22, 0x55, 0xff,
    0xe0, 0x21, 0x88, 0x7, 0x8a, 0xac, 0x80, 0x3f,
    0xf8, 0xb, 0x55, 0xff, 0xc0, 0xbc, 0xee, 0x5b,
    0x8, 0x6, 0x4d, 0x40, 0xf, 0xfe, 0x78, 0xa4,
    0xf4, 0x88, 0x6, 0xb7, 0x0, 0xff, 0xe9, 0x37,
    0x30, 0x6, 0x86, 0x0, 0xff, 0xe9, 0xcd, 0x0,
    0x69, 0x40, 0xf, 0xfe, 0x9a, 0xe0, 0x6, 0xa1,
    0x0, 0xff, 0xe9, 0x9d, 0x80, 0x43, 0x0, 0x1f,
    0xfd, 0x44, 0x70, 0x9, 0x88, 0x3, 0xff, 0xa9,
    0x4, 0x1, 0x40, 0x7, 0xff, 0x56, 0xc0, 0x25,
    0x10, 0xf, 0xfe, 0xa3, 0x8, 0x4, 0x80, 0x1f,
    0xfd, 0x57, 0x0, 0xbc, 0x3, 0xff, 0xab, 0xa0,
    0x13, 0x80, 0x7f, 0xf5, 0x54, 0x2, 0x20, 0xf,
    0xfe, 0xa8, 0x88, 0x2, 0x30, 0xf, 0xfe, 0xa9,
    0x80, 0x4e, 0x1, 0xff, 0xd5, 0x10, 0x8, 0x40,
    0x3f, 0xfb, 0x22, 0x1, 0xff, 0xd5, 0x10, 0xf,
    0xfe, 0xc9, 0x80, 0x4e, 0x1, 0xff, 0xd4, 0x11,
    0x0, 0x46, 0x1, 0xff, 0xd4, 0x50, 0x8, 0x80,
    0x3f, 0xfa, 0xba, 0x1, 0x38, 0x7, 0xff, 0x55,
    0xc0, 0x2f, 0x0, 0xff, 0xea, 0x30, 0x80, 0x48,
    0x1, 0xff, 0xd4, 0xb0, 0x9, 0x44, 0x3, 0xff,
    0xa7, 0x4, 0x1, 0x40, 0x7, 0xff, 0x4d, 0x1c,
    0x2, 0x62, 0x0, 0xff, 0xe9, 0x1d, 0x80, 0x43,
    0x0, 0x1f, 0xfd, 0x24, 0xc0, 0xd, 0x42, 0x1,
    0xff, 0xd1, 0x8b, 0x0, 0xd2, 0x80, 0x1f, 0xfd,
    0x6, 0xe7, 0x0, 0xd0, 0xc0, 0x1f, 0xfc, 0xd1,
    0x49, 0xe9, 0x10, 0xd, 0x6e, 0x1, 0xfe, 0x5a,
    0xaf, 0xfe, 0x5, 0xe7, 0x72, 0xd8, 0x40, 0x32,
    0x6a, 0x0, 0x7f, 0xc4, 0xab, 0xff, 0xc0, 0x43,
    0x10, 0xf, 0x15, 0x59, 0x0, 0x7f, 0xf5, 0x12,
    0xf5, 0x40, 0x3f, 0xfa, 0x2, 0x4b, 0x17, 0xf6,
    0x80, 0x1f, 0xfc, 0x0,

    /* U+0045 "E" */
    0x9f, 0xff, 0xfe, 0x72, 0x0, 0x7f, 0xfc, 0xc9,
    0x57, 0xff, 0x94, 0xc0, 0x1c, 0xb5, 0x5f, 0xfc,
    0xa2, 0x0, 0xff, 0xff, 0x80, 0x7f, 0xff, 0xc0,
    0x3f, 0xff, 0xe0, 0x1f, 0xff, 0xf0, 0xf, 0xff,
    0xf8, 0x7, 0xcf, 0xff, 0xff, 0xc7, 0xc0, 0xf,
    0xff, 0xb1, 0xb3, 0x7f, 0xf1, 0xec, 0x3, 0xf2,
    0x4c, 0xff, 0xf1, 0xdc, 0x3, 0xff, 0xfe, 0x1,
    0xff, 0xff, 0x0, 0xff, 0xff, 0x80, 0x7f, 0xff,
    0xc0, 0x3f, 0xff, 0xe0, 0x1f, 0xe5, 0xaa, 0xff,
    0xe5, 0x88, 0x6, 0x25, 0x5f, 0xfe, 0x58, 0x7,
    0xff, 0xbc,

    /* U+0046 "F" */
    0x9f, 0xff, 0xfe, 0x72, 0x0, 0x7f, 0xfc, 0x9,
    0x57, 0xff, 0x94, 0xc0, 0x19, 0x6a, 0xbf, 0xf9,
    0x44, 0x1, 0xff, 0xff, 0x0, 0xff, 0xff, 0x80,
    0x7f, 0xff, 0xc0, 0x3f, 0xff, 0xe0, 0x1f, 0xff,
    0xf0, 0xf, 0xfe, 0x4a, 0xcc, 0xff, 0xf1, 0xdc,
    0x3, 0xe2, 0x66, 0xff, 0xe3, 0xd8, 0x7, 0xff,
    0xcd, 0xff, 0xff, 0xf8, 0xf8, 0x1, 0xff, 0xff,
    0x0, 0xff, 0xff, 0x80, 0x7f, 0xff, 0xc0, 0x3f,
    0xff, 0xe0, 0x1f, 0xff, 0xf0, 0xf, 0xff, 0xf8,
    0x0,

    /* U+0047 "G" */
    0x0, 0xff, 0xe1, 0x9b, 0x56, 0x77, 0xfd, 0xdb,
    0x70, 0x80, 0x1f, 0xfc, 0x91, 0x8e, 0xc9, 0x53,
    0x10, 0x8, 0x49, 0x1e, 0xfe, 0x90, 0x3, 0xff,
    0x88, 0x35, 0xce, 0x20, 0x1f, 0xfc, 0x25, 0xbc,
    0x30, 0xf, 0xfe, 0xb, 0xf2, 0x80, 0x7c, 0x46,
    0x71, 0x8, 0x7, 0x8f, 0x24, 0x3, 0xfc, 0x39,
    0x0, 0x1c, 0x71, 0x9f, 0xb9, 0x96, 0xf7, 0x2d,
    0x84, 0x3, 0x36, 0x88, 0x7, 0xc5, 0x86, 0x1,
    0x97, 0x30, 0xe6, 0x1, 0xf0, 0xa4, 0xf4, 0x88,
    0x4, 0x58, 0x1, 0xe1, 0xf2, 0x0, 0x8a, 0xe8,
    0xc0, 0x3f, 0xf8, 0x4d, 0xcc, 0x1, 0x58, 0x7,
    0xb0, 0x80, 0x24, 0xd4, 0x0, 0xff, 0xe3, 0x4d,
    0x4, 0xb0, 0x7, 0x49, 0x0, 0x4b, 0x60, 0x1f,
    0xfc, 0x95, 0xe6, 0x0, 0xe3, 0x60, 0x9, 0x28,
    0x3, 0xff, 0x96, 0x20, 0x1e, 0xe0, 0x8, 0x68,
    0x3, 0xff, 0xa4, 0x84, 0x1, 0x50, 0x80, 0x7f,
    0xf4, 0xbc, 0x2, 0x34, 0x0, 0xff, 0xe9, 0xa,
    0x0, 0x50, 0x1, 0xff, 0xd3, 0x70, 0x8, 0x50,
    0x3, 0xff, 0xa7, 0xe0, 0x13, 0x80, 0x7f, 0xf5,
    0x14, 0x2, 0xc0, 0xf, 0xfe, 0xa1, 0x80, 0x4e,
    0x1, 0xff, 0xd8, 0x30, 0xf, 0xfe, 0x98, 0x80,
    0x61, 0x0, 0xff, 0xf9, 0xff, 0xe0, 0x10, 0xc,
    0x20, 0x1f, 0xfd, 0x83, 0x0, 0xff, 0xea, 0x18,
    0x4, 0xe0, 0x1f, 0xfd, 0x45, 0x0, 0xb0, 0x3,
    0xff, 0xa9, 0xe0, 0x13, 0x80, 0x7f, 0xf5, 0x1c,
    0x2, 0x14, 0x0, 0xff, 0xe9, 0x8a, 0x0, 0x50,
    0x1, 0xff, 0xd4, 0xf0, 0x8, 0xd4, 0x3, 0xff,
    0xa6, 0x84, 0x1, 0x58, 0x80, 0x7f, 0xf4, 0xe4,
    0x2, 0x1a, 0x0, 0xff, 0xe9, 0xa3, 0x0, 0x49,
    0x40, 0x1f, 0xfd, 0x39, 0x20, 0x9, 0x6c, 0x40,
    0x3f, 0xfa, 0x5e, 0x20, 0x12, 0x7a, 0x0, 0x7f,
    0xf1, 0xa0, 0x3, 0xfc, 0x58, 0x20, 0x10, 0xdd,
    0x8c, 0x3, 0xff, 0x84, 0xba, 0xe0, 0x1f, 0xf1,
    0x79, 0x80, 0x64, 0xcc, 0x39, 0x80, 0x7c, 0x29,
    0x3d, 0x44, 0x1, 0xa8, 0x3, 0xf0, 0xe3, 0x80,
    0x71, 0xc6, 0x7e, 0xe6, 0x5b, 0xdc, 0xb6, 0x10,
    0xc, 0x7a, 0xa0, 0x1f, 0xe8, 0xd5, 0x0, 0xf8,
    0x8c, 0xe2, 0x10, 0xf, 0xc, 0xe1, 0x0, 0x7f,
    0xf0, 0xa, 0xb5, 0x84, 0x3, 0xff, 0x84, 0x95,
    0xcc, 0x1, 0xff, 0xc4, 0x29, 0xec, 0x85, 0x31,
    0x0, 0x84, 0x91, 0xef, 0xed, 0x40, 0x3c,

    /* U+0048 "H" */
    0x9f, 0xfa, 0x0, 0x3f, 0xf9, 0x9f, 0xf8, 0x80,
    0x3f, 0xff, 0xe0, 0x1f, 0xff, 0xf0, 0xf, 0xff,
    0xf8, 0x7, 0xff, 0xfc, 0x3, 0xff, 0xfe, 0x1,
    0xff, 0xff, 0x0, 0xff, 0xff, 0x80, 0x7f, 0xfb,
    0x5f, 0xff, 0xff, 0x98, 0x1, 0xff, 0xff, 0x0,
    0x12, 0xaf, 0xff, 0x30, 0x3, 0xf9, 0x6a, 0xbf,
    0xf9, 0x80, 0x1f, 0xff, 0xf0, 0xf, 0xff, 0xf8,
    0x7, 0xff, 0xfc, 0x3, 0xff, 0xfe, 0x1, 0xff,
    0xff, 0x0, 0xff, 0xff, 0x80, 0x7f, 0xff, 0xc0,
    0x3f, 0xfd, 0xc0,

    /* U+0049 "I" */
    0x9f, 0xfa, 0x0, 0x3f, 0xff, 0xe0, 0x1f, 0xff,
    0xf0, 0xf, 0xff, 0x8,

    /* U+004A "J" */
    0x0, 0xcd, 0xff, 0xff, 0xc6, 0x0, 0xff, 0xf4,
    0x92, 0xaf, 0xff, 0x8, 0x3, 0xf9, 0x2a, 0xbf,
    0xf8, 0x36, 0x1, 0xff, 0xff, 0x0, 0xff, 0xff,
    0x80, 0x7f, 0xff, 0xc0, 0x3f, 0xff, 0xe0, 0x1f,
    0xff, 0xf0, 0xf, 0xff, 0xf8, 0x7, 0xff, 0xfc,
    0x3, 0xff, 0xcc, 0x60, 0x1f, 0xfc, 0xb1, 0x0,
    0x84, 0x3, 0xff, 0x8e, 0xc0, 0x11, 0x0, 0x62,
    0x0, 0xff, 0xe1, 0x60, 0x4, 0xa0, 0x15, 0x78,
    0x80, 0x7f, 0xf0, 0x5c, 0x2, 0xf0, 0x4, 0x29,
    0x68, 0x7, 0xff, 0x1, 0xc4, 0x2, 0x70, 0x3,
    0x80, 0xf, 0x48, 0x3, 0xf9, 0x20, 0x2, 0x51,
    0x0, 0x50, 0x4, 0x5b, 0x24, 0x1, 0xc3, 0x16,
    0x1, 0xa0, 0x2, 0x59, 0x0, 0xcd, 0xba, 0xba,
    0xbc, 0xe7, 0x0, 0xd2, 0x40, 0x19, 0xac, 0x40,
    0x31, 0x22, 0xa1, 0x80, 0x74, 0xb0, 0x7, 0x93,
    0xdc, 0x3, 0xfe, 0x3c, 0x60, 0xf, 0xc3, 0x1f,
    0x4a, 0x40, 0x1, 0x24, 0x8c, 0xc1, 0x80, 0x70,

    /* U+004B "K" */
    0x9f, 0xfa, 0x0, 0x3f, 0xf9, 0x23, 0xbf, 0xf6,
    0x0, 0x7f, 0xf3, 0xc7, 0x8, 0x0, 0x5a, 0x1,
    0xff, 0xcf, 0xd2, 0x0, 0x16, 0x8, 0x7, 0xff,
    0x3b, 0xc, 0x0, 0x3e, 0x20, 0x1f, 0xfc, 0xeb,
    0x30, 0x0, 0xe1, 0x0, 0x7f, 0xf3, 0xa9, 0x0,
    0x2d, 0x20, 0xf, 0xfe, 0x75, 0x28, 0x5, 0x86,
    0x1, 0xff, 0xce, 0x95, 0x0, 0xac, 0xc0, 0x3f,
    0xf9, 0xd0, 0xc0, 0x15, 0x20, 0x7, 0xff, 0x3a,
    0x1c, 0x2, 0x95, 0x0, 0xff, 0xe7, 0x3b, 0x80,
    0x28, 0x60, 0xf, 0xfe, 0x73, 0x40, 0x4, 0xee,
    0x0, 0xff, 0xe7, 0x2c, 0x80, 0x4d, 0x0, 0x1f,
    0xfc, 0xe5, 0xa0, 0x9, 0x64, 0x3, 0xff, 0x9c,
    0x94, 0x1, 0x25, 0x0, 0x7f, 0xf3, 0x8e, 0xc0,
    0x23, 0xb0, 0xf, 0xfe, 0x71, 0xe0, 0x4, 0x78,
    0x1, 0xff, 0xce, 0x2d, 0x0, 0x8b, 0x40, 0x3f,
    0xf9, 0xc5, 0x82, 0x1, 0x38, 0x80, 0x7f, 0xf3,
    0x4b, 0x4, 0x3, 0x2b, 0x80, 0x7f, 0xf3, 0x7,
    0xc4, 0x3, 0xd0, 0xa0, 0x1f, 0xfc, 0xa1, 0xc2,
    0x0, 0xa4, 0x3, 0x51, 0x80, 0x7f, 0xf2, 0x7,
    0x48, 0x2, 0xb6, 0xa0, 0xd, 0xa2, 0x1, 0xff,
    0xc6, 0x1d, 0x30, 0xa, 0xd0, 0x16, 0x0, 0x21,
    0xd0, 0xf, 0xfe, 0x33, 0x18, 0x5, 0x48, 0x1,
    0x3b, 0x0, 0x47, 0x40, 0x1f, 0xfc, 0x99, 0x50,
    0xe, 0x94, 0x0, 0x95, 0xc0, 0x3f, 0xf8, 0xf2,
    0xc0, 0x1f, 0x51, 0x0, 0x50, 0x80, 0x1f, 0xfc,
    0x58, 0x60, 0xf, 0xc3, 0xe2, 0x1, 0x59, 0x0,
    0x7f, 0xf0, 0xdd, 0xc0, 0x1f, 0xe2, 0xd0, 0xd,
    0xe2, 0x1, 0xff, 0xc1, 0x58, 0x0, 0xff, 0xe0,
    0x1d, 0x0, 0x45, 0xa0, 0x1f, 0xfc, 0x12, 0x0,
    0xff, 0xe1, 0x2b, 0x80, 0x47, 0x20, 0x1f, 0xfd,
    0x8, 0x50, 0x9, 0x9c, 0x3, 0xff, 0xa1, 0x46,
    0x1, 0x42, 0x0, 0x7f, 0xf4, 0x34, 0x40, 0x2b,
    0x20, 0xf, 0xfe, 0x78, 0xe0, 0x6, 0xf1, 0x0,
    0xff, 0xe7, 0x95, 0x80, 0x45, 0x40, 0x1f, 0xfd,
    0x4, 0x90, 0x9, 0x24, 0x3, 0xff, 0xa0, 0xcc,
    0x0, 0x99, 0x80, 0x1f, 0xfd, 0x9, 0x40, 0xa,
    0x50, 0x3, 0xff, 0xa1, 0x64, 0x1, 0x51, 0x0,

    /* U+004C "L" */
    0x9f, 0xfa, 0x0, 0x3f, 0xff, 0xe0, 0x1f, 0xff,
    0xf0, 0xf, 0xff, 0xf8, 0x7, 0xff, 0xfc, 0x3,
    0xff, 0xfe, 0x1, 0xff, 0xff, 0x0, 0xff, 0xff,
    0x80, 0x7f, 0xff, 0xc0, 0x3f, 0xff, 0xe0, 0x1f,
    0xff, 0xf0, 0xf, 0xff, 0xf8, 0x7, 0xff, 0xfc,
    0x3, 0xff, 0xf6, 0xb5, 0x5f, 0xfc, 0x94, 0x0,
    0xc4, 0xab, 0xff, 0xc9, 0x30, 0xf, 0xff, 0x50,

    /* U+004D "M" */
    0x9f, 0xf8, 0x40, 0x3f, 0xfa, 0x93, 0xff, 0x8,
    0x6, 0xb0, 0xf, 0xfe, 0x99, 0x30, 0x7, 0xe5,
    0x30, 0xf, 0xfe, 0x94, 0x80, 0x7f, 0xbc, 0x3,
    0xff, 0xa2, 0x88, 0x0, 0xff, 0x1b, 0x0, 0x7f,
    0xf4, 0x24, 0x3, 0xff, 0x81, 0x0, 0x1f, 0xfc,
    0xf7, 0x20, 0xf, 0xfe, 0x0, 0xc0, 0x7, 0xff,
    0x34, 0x64, 0x3, 0xff, 0x84, 0xe4, 0x1, 0xff,
    0xcc, 0x81, 0x0, 0xff, 0x88, 0x2, 0x80, 0xf,
    0xfe, 0x59, 0x30, 0x0, 0x84, 0x3, 0xf5, 0x88,
    0x1, 0x50, 0x3, 0xff, 0x95, 0x20, 0x14, 0x80,
    0x7f, 0x1d, 0x80, 0x52, 0x1, 0xff, 0xc9, 0x44,
    0x0, 0x11, 0x0, 0x1f, 0xe5, 0x30, 0x1, 0x30,
    0x7, 0xff, 0x22, 0x40, 0x29, 0x0, 0xff, 0xe0,
    0x78, 0x5, 0x0, 0x1f, 0xfc, 0x76, 0x20, 0x3,
    0x10, 0x7, 0xff, 0x0, 0xd4, 0x0, 0x30, 0x1,
    0xff, 0xc5, 0x18, 0x0, 0xc, 0x0, 0x7f, 0xf0,
    0xac, 0x2, 0x72, 0x0, 0xff, 0xe2, 0x48, 0x80,
    0x20, 0x40, 0x3f, 0xf8, 0x43, 0x0, 0x14, 0x80,
    0x7f, 0xf0, 0xc9, 0xc0, 0x4, 0xc0, 0x1f, 0xfc,
    0x47, 0x20, 0x2, 0x20, 0x3, 0xff, 0x85, 0x20,
    0x14, 0x80, 0x7f, 0xf1, 0xa0, 0x2, 0x90, 0xf,
    0xfe, 0xa, 0x20, 0x0, 0x88, 0x0, 0xff, 0xe3,
    0x2a, 0x0, 0x9, 0x80, 0x3f, 0xf8, 0x12, 0x1,
    0x48, 0x7, 0xff, 0x22, 0x40, 0x28, 0x10, 0xf,
    0xf3, 0x10, 0x1, 0x88, 0x3, 0xff, 0x90, 0x4c,
    0x0, 0x18, 0x0, 0xff, 0x40, 0x0, 0x60, 0x3,
    0xff, 0x95, 0x2, 0x0, 0x62, 0x0, 0xfd, 0x2,
    0x0, 0x81, 0x0, 0xff, 0xe5, 0xc, 0x0, 0x52,
    0x1, 0xf1, 0x38, 0x0, 0x98, 0x3, 0xff, 0x98,
    0xc4, 0x0, 0x44, 0x0, 0x7a, 0x0, 0x29, 0x0,
    0xff, 0xe7, 0x48, 0x5, 0x20, 0x1c, 0x6a, 0x0,
    0x44, 0x0, 0x7f, 0xf3, 0x91, 0x40, 0x4, 0xe0,
    0x1b, 0xc0, 0x29, 0x0, 0xff, 0xe8, 0x40, 0x5,
    0x22, 0x0, 0x63, 0x0, 0x39, 0x0, 0x7f, 0xf4,
    0x9, 0xc0, 0x3, 0x0, 0x8, 0x0, 0xc, 0x0,
    0x7f, 0xf4, 0xa0, 0x40, 0xc, 0x50, 0x20, 0x8,
    0x0, 0xff, 0xea, 0x58, 0x5, 0xce, 0x0, 0x26,
    0x0, 0xff, 0xea, 0x29, 0x80, 0xc, 0x2, 0x90,
    0xf, 0xfe, 0xb7, 0x80, 0x72, 0xa0, 0x7, 0xff,
    0x58, 0xd4, 0x3, 0x40, 0x7, 0xff, 0x62, 0xc0,
    0x27, 0x20, 0xf, 0xfe, 0xc0, 0xc0, 0x94, 0x0,
    0x7f, 0xf6, 0x9f, 0xb4, 0x3, 0xff, 0xfe, 0x1,
    0xff, 0xff, 0x0, 0xff, 0xed, 0x0,

    /* U+004E "N" */
    0x9f, 0xf8, 0xc0, 0x3f, 0xf9, 0x9f, 0xf8, 0x80,
    0x36, 0x88, 0x7, 0xff, 0x50, 0x68, 0x3, 0xff,
    0xaa, 0x90, 0x1, 0xff, 0xd5, 0x74, 0x0, 0xff,
    0xea, 0xd1, 0x0, 0x7f, 0xf5, 0x7, 0xc0, 0x3f,
    0xfa, 0x22, 0x1, 0x15, 0x0, 0x7f, 0xf4, 0x19,
    0x0, 0x25, 0x60, 0xf, 0xfe, 0x85, 0x8, 0x5,
    0x26, 0x1, 0xff, 0xcf, 0x1d, 0x0, 0xda, 0x20,
    0x1f, 0xfc, 0xf3, 0x90, 0x8, 0x68, 0x3, 0xff,
    0xa0, 0xcc, 0x0, 0x92, 0x0, 0x3f, 0xfa, 0x12,
    0x40, 0x13, 0xa0, 0x7, 0xff, 0x43, 0xc4, 0x2,
    0xb2, 0x0, 0xff, 0xe7, 0x95, 0x0, 0x6f, 0x0,
    0xff, 0xe8, 0x23, 0x80, 0x45, 0x40, 0x1f, 0xfd,
    0x8, 0x40, 0x9, 0x58, 0x3, 0xff, 0xa1, 0x42,
    0x1, 0x49, 0x80, 0x7f, 0xf3, 0xc7, 0x40, 0x36,
    0x88, 0x7, 0xff, 0x3c, 0xe4, 0x2, 0x1a, 0x0,
    0xff, 0xe8, 0x32, 0x80, 0x49, 0x0, 0x1f, 0xfd,
    0xa, 0x20, 0x9, 0xd4, 0x3, 0xff, 0xa1, 0xe0,
    0x1a, 0x88, 0x3, 0xff, 0x9e, 0x56, 0x1, 0xbc,
    0x3, 0xff, 0xa0, 0x8e, 0x1, 0x15, 0x0, 0x7f,
    0xf4, 0x21, 0x0, 0x25, 0x60, 0xf, 0xfe, 0x85,
    0x8, 0x5, 0x26, 0x1, 0xff, 0xcf, 0x1d, 0x0,
    0xda, 0x20, 0x1f, 0xfc, 0xf3, 0x90, 0x8, 0x68,
    0x3, 0xff, 0xa0, 0xca, 0x1, 0x24, 0x0, 0x7f,
    0xf4, 0x28, 0x80, 0x27, 0x50, 0xf, 0xfe, 0x87,
    0x80, 0x6a, 0x0, 0xff, 0xe8, 0x15, 0x0, 0x7f,
    0xf5, 0x55, 0xc0, 0x3f, 0xfa, 0xb0, 0x80, 0x1f,
    0xfd, 0x5a, 0x10, 0xf, 0xfe, 0xa0, 0xe8, 0x7,
    0xff, 0x54, 0xe4, 0x3, 0xff, 0xaa, 0xca, 0x1,
    0x80,

    /* U+004F "O" */
    0x0, 0xff, 0xe1, 0x9b, 0xd6, 0x77, 0xfd, 0xd9,
    0x4e, 0x60, 0x1f, 0xfc, 0xf2, 0x9e, 0xc8, 0x53,
    0x10, 0x8, 0x4d, 0x63, 0x3a, 0x8, 0x3, 0xff,
    0x94, 0x55, 0xac, 0x20, 0x1f, 0xfc, 0x11, 0x7d,
    0xa2, 0x0, 0xff, 0xe3, 0xc6, 0xa8, 0x7, 0xc4,
    0x67, 0x10, 0x7, 0xcb, 0xae, 0x1, 0xff, 0xc4,
    0x1c, 0x70, 0xe, 0x39, 0xdf, 0xdc, 0xcb, 0x7f,
    0x64, 0xc0, 0x3a, 0x30, 0x40, 0x3f, 0xf8, 0x25,
    0xe6, 0x1, 0x9b, 0x71, 0x88, 0x3, 0xe2, 0x6c,
    0xd5, 0x0, 0xc7, 0x84, 0x1, 0xff, 0xe, 0x8,
    0x4, 0x59, 0x24, 0x1, 0xff, 0xc1, 0x2a, 0xc2,
    0x0, 0x8b, 0xc4, 0x3, 0xfd, 0x82, 0x1, 0x2e,
    0x98, 0x7, 0xff, 0x14, 0xf5, 0x40, 0x22, 0xd0,
    0xf, 0xe9, 0x20, 0x9, 0xa8, 0x3, 0xff, 0x93,
    0x4c, 0x1, 0x1c, 0x80, 0x7c, 0x8c, 0x1, 0x2c,
    0x80, 0x7f, 0xf2, 0xe5, 0x0, 0x26, 0x30, 0xf,
    0x48, 0x4, 0x34, 0x1, 0xff, 0xcd, 0xa1, 0x0,
    0xbc, 0x3, 0x90, 0x80, 0x2a, 0x0, 0xff, 0xe7,
    0xd, 0x80, 0x46, 0x80, 0x1b, 0xc0, 0x24, 0x40,
    0x7, 0xff, 0x3d, 0x4c, 0x2, 0xf0, 0x8, 0x50,
    0x2, 0xf0, 0xf, 0xfe, 0x8c, 0x80, 0x48, 0x20,
    0x7, 0x0, 0x85, 0x0, 0x3f, 0xfa, 0x2a, 0x1,
    0x90, 0x1, 0xe0, 0x13, 0x80, 0x7f, 0xf4, 0xd4,
    0x2, 0xc0, 0x2, 0x80, 0x58, 0x1, 0xff, 0xd3,
    0xd0, 0x9, 0x40, 0x6, 0x1, 0x38, 0x7, 0xff,
    0x4c, 0xc0, 0x22, 0x0, 0xf1, 0x80, 0x7f, 0xf4,
    0xd8, 0x2, 0x10, 0x10, 0xc, 0x20, 0x1f, 0xfd,
    0x33, 0x0, 0xff, 0xf2, 0x8, 0x6, 0x10, 0xf,
    0xfe, 0x99, 0x80, 0x7f, 0x8c, 0x3, 0xff, 0xa6,
    0xc0, 0x10, 0x80, 0xc, 0x2, 0x70, 0xf, 0xfe,
    0x99, 0x80, 0x44, 0x0, 0x50, 0xb, 0x0, 0x3f,
    0xfa, 0x7a, 0x1, 0x28, 0x3, 0xc0, 0x27, 0x0,
    0xff, 0xe9, 0xa8, 0x5, 0x80, 0x7, 0x0, 0x85,
    0x0, 0x3f, 0xfa, 0x2a, 0x1, 0x90, 0x0, 0x28,
    0x1, 0x78, 0x7, 0xff, 0x46, 0x40, 0x24, 0x10,
    0xb, 0xc0, 0x24, 0x40, 0x7, 0xff, 0x3d, 0xc,
    0x2, 0xf0, 0xc, 0x84, 0x1, 0x48, 0x7, 0xff,
    0x38, 0x68, 0x2, 0x34, 0x0, 0xe9, 0x0, 0x8a,
    0x80, 0x3f, 0xf9, 0xb4, 0x20, 0x17, 0x80, 0x79,
    0x18, 0x2, 0x59, 0x0, 0xff, 0xe5, 0xca, 0x0,
    0x4c, 0x60, 0x1f, 0x49, 0x0, 0x4d, 0x40, 0x1f,
    0xfc, 0x9a, 0x60, 0x8, 0xe4, 0x3, 0xfb, 0xc4,
    0x2, 0x5d, 0x30, 0xf, 0xfe, 0x29, 0xea, 0x80,
    0x43, 0xa0, 0x1f, 0xe2, 0xc1, 0x0, 0x8b, 0x24,
    0x80, 0x3f, 0xf8, 0x25, 0x58, 0x40, 0x11, 0x60,
    0x80, 0x7f, 0xc5, 0xe6, 0x1, 0x9b, 0x6d, 0x88,
    0x3, 0xe2, 0x6c, 0xd5, 0x0, 0xc7, 0x84, 0x1,
    0xff, 0xc1, 0x1c, 0x70, 0xe, 0x49, 0xdf, 0xdc,
    0xbc, 0xdf, 0xd9, 0x30, 0xe, 0x7c, 0x10, 0xf,
    0xfe, 0x24, 0x6a, 0x0, 0x7c, 0x46, 0x86, 0x40,
    0x1f, 0x2e, 0xc0, 0x7, 0xff, 0x1c, 0xaf, 0x58,
    0x40, 0x3f, 0xf8, 0x22, 0xdb, 0x44, 0x1, 0xff,
    0xca, 0x29, 0xec, 0x85, 0x31, 0x0, 0x84, 0xd6,
    0x33, 0xa4, 0x80, 0x3f, 0xf8, 0x0,

    /* U+0050 "P" */
    0x9f, 0xff, 0xfe, 0x1f, 0x6e, 0x4a, 0x88, 0x7,
    0xff, 0x38, 0x48, 0xda, 0xba, 0xd4, 0x3, 0xff,
    0xa4, 0x95, 0xa6, 0x1, 0xfe, 0x25, 0x5f, 0xf9,
    0xc, 0x3, 0xc5, 0x90, 0x1, 0xfc, 0xb5, 0x5f,
    0xf5, 0xe7, 0xec, 0x10, 0x6, 0x79, 0x0, 0xff,
    0xe5, 0x93, 0xed, 0x0, 0x66, 0x70, 0xf, 0xfe,
    0x6a, 0xf1, 0x0, 0x50, 0x60, 0x1f, 0xfc, 0xd1,
    0xf1, 0x0, 0xa0, 0x3, 0xff, 0x9c, 0x50, 0x1,
    0x21, 0x0, 0x7f, 0xf3, 0x98, 0x80, 0x25, 0x0,
    0xff, 0xe7, 0xa0, 0x5, 0x80, 0x1f, 0xfc, 0xfd,
    0x0, 0x94, 0x3, 0xff, 0x9e, 0xe0, 0x10, 0x80,
    0x7f, 0xf3, 0xc8, 0x3, 0xff, 0xa6, 0x60, 0x1f,
    0xfd, 0x31, 0x0, 0xff, 0xe9, 0xb0, 0x4, 0x40,
    0x1f, 0xfc, 0xff, 0x0, 0x9c, 0x3, 0xff, 0x9c,
    0x2a, 0x1, 0x60, 0x7, 0xff, 0x3a, 0x0, 0x33,
    0x80, 0x7f, 0xf3, 0x55, 0x80, 0x26, 0x10, 0xf,
    0xfe, 0x63, 0x50, 0x4, 0x30, 0x1, 0xff, 0xcb,
    0x3b, 0x90, 0xd, 0x42, 0x1, 0xff, 0xc6, 0x12,
    0x58, 0xdc, 0x40, 0xd, 0x48, 0x1, 0xf3, 0xff,
    0xff, 0xdd, 0xb4, 0xe4, 0x1, 0x8b, 0x14, 0x3,
    0xff, 0xa0, 0xfa, 0x60, 0x1f, 0xfc, 0xe3, 0x8e,
    0x80, 0xf, 0xf8, 0x91, 0x3f, 0xca, 0xcf, 0x17,
    0xf8, 0xe2, 0x1, 0xff, 0xc0, 0x5b, 0xbf, 0xf5,
    0x4c, 0x3a, 0x0, 0x7f, 0xff, 0xc0, 0x3f, 0xff,
    0xe0, 0x1f, 0xff, 0xf0, 0xf, 0xff, 0xf8, 0x7,
    0xff, 0xd0,

    /* U+0051 "Q" */
    0x0, 0xff, 0xe1, 0x9b, 0xd6, 0x77, 0xfd, 0xd9,
    0x4e, 0x60, 0x1f, 0xfd, 0x2, 0x9e, 0xc8, 0x53,
    0x10, 0x8, 0x4d, 0x63, 0x3a, 0x8, 0x3, 0xff,
    0x96, 0x55, 0xac, 0x20, 0x1f, 0xfc, 0x11, 0x7d,
    0xa2, 0x0, 0xff, 0xe4, 0x46, 0xa8, 0x7, 0xc4,
    0x67, 0x10, 0x7, 0xcb, 0xae, 0x1, 0xff, 0xc5,
    0x1c, 0x70, 0xe, 0x38, 0xdf, 0xdc, 0xcb, 0x7f,
    0x60, 0xc0, 0x3a, 0x30, 0x40, 0x3f, 0xf8, 0x45,
    0x86, 0x1, 0x97, 0x71, 0xc8, 0x3, 0xe2, 0x7c,
    0xd5, 0x0, 0xc7, 0x84, 0x1, 0xff, 0xc0, 0x1c,
    0x20, 0x8, 0xb2, 0x88, 0x3, 0xff, 0x82, 0x55,
    0x64, 0x1, 0x17, 0x88, 0x7, 0xfd, 0xa2, 0x1,
    0x26, 0x98, 0x7, 0xff, 0x15, 0x35, 0x0, 0x22,
    0xd0, 0xf, 0xf4, 0x98, 0x4, 0xd6, 0x1, 0xff,
    0xc9, 0xb5, 0x0, 0x8e, 0x40, 0x3f, 0x1b, 0x0,
    0x49, 0x20, 0x1f, 0xfc, 0xba, 0x40, 0x9, 0x8c,
    0x3, 0xef, 0x0, 0x86, 0x80, 0x3f, 0xf9, 0xb4,
    0x20, 0x17, 0x80, 0x79, 0xc, 0x2, 0xa1, 0x0,
    0xff, 0xe6, 0x8d, 0x80, 0x46, 0x80, 0x1d, 0xe0,
    0x11, 0xa0, 0x7, 0xff, 0x3d, 0x4c, 0x2, 0xf0,
    0xc, 0x28, 0x1, 0x40, 0x7, 0xff, 0x46, 0x40,
    0x24, 0x10, 0x9, 0x0, 0x21, 0x40, 0xf, 0xfe,
    0x8a, 0x80, 0x64, 0x0, 0xb0, 0x2, 0x70, 0xf,
    0xfe, 0x9a, 0x80, 0x58, 0x1, 0x28, 0x5, 0x80,
    0x1f, 0xfd, 0x3d, 0x0, 0x94, 0x2, 0x30, 0x9,
    0xc0, 0x3f, 0xfa, 0x66, 0x1, 0x10, 0x7, 0xc6,
    0x1, 0xff, 0xd3, 0x60, 0x8, 0x40, 0x2, 0x1,
    0x84, 0x3, 0xff, 0xa6, 0x60, 0x1f, 0xfe, 0x61,
    0x0, 0xc2, 0x1, 0xff, 0xd3, 0x30, 0xf, 0xf8,
    0xc0, 0x3f, 0xfa, 0x6c, 0x1, 0x8, 0x4, 0x40,
    0x13, 0x80, 0x7f, 0xf4, 0xc8, 0x2, 0x20, 0x9,
    0xc0, 0x2c, 0x0, 0xff, 0xe9, 0xe0, 0x4, 0xa0,
    0x16, 0x0, 0x4e, 0x1, 0xff, 0xd3, 0x40, 0xb,
    0x0, 0x27, 0x0, 0x84, 0xc0, 0x3f, 0xfa, 0x28,
    0x20, 0x12, 0x0, 0x42, 0x80, 0x14, 0x0, 0x7f,
    0xf4, 0x60, 0x2, 0x41, 0x0, 0xdc, 0x1, 0x22,
    0x0, 0x3f, 0xf9, 0xe8, 0x60, 0x17, 0x80, 0x72,
    0x90, 0x5, 0x20, 0x1f, 0xfc, 0xfa, 0x0, 0x89,
    0x0, 0x3d, 0x20, 0x11, 0x50, 0x7, 0xff, 0x36,
    0xc4, 0x2, 0x90, 0xf, 0x91, 0x40, 0x25, 0x90,
    0xf, 0xfe, 0x5c, 0xa0, 0x4, 0xc8, 0x1, 0xfa,
    0x88, 0x2, 0x6a, 0x0, 0xff, 0xe4, 0xd3, 0x0,
    0x45, 0x20, 0x1f, 0xef, 0x10, 0x9, 0x70, 0x80,
    0x3f, 0xf8, 0xa7, 0xaa, 0x1, 0xf, 0x80, 0x7f,
    0xc5, 0xa2, 0x1, 0x1e, 0xc8, 0x80, 0x7f, 0xf0,
    0x4a, 0x70, 0x80, 0x21, 0xc2, 0x0, 0xff, 0xe0,
    0x1e, 0x10, 0x6, 0x6e, 0xb5, 0x10, 0xf, 0x85,
    0xaf, 0x58, 0x3, 0x1f, 0x90, 0x7, 0xff, 0x8,
    0xb5, 0x80, 0x39, 0x2b, 0xb9, 0x97, 0x57, 0x9d,
    0xc9, 0x40, 0xe, 0x7c, 0x10, 0xf, 0xfe, 0x2c,
    0xe1, 0x80, 0x78, 0x4d, 0x15, 0xc, 0x40, 0x3c,
    0x99, 0x0, 0x1f, 0xfc, 0x83, 0xcb, 0x50, 0xf,
    0xfe, 0x1b, 0x65, 0x98, 0x7, 0xff, 0x2d, 0x2b,
    0xa9, 0x90, 0x80, 0x3e, 0x7b, 0xf9, 0x30, 0xf,
    0xfe, 0x78, 0xac, 0xde, 0xff, 0x94, 0x3, 0x22,
    0x0, 0x3f, 0xf8, 0x24, 0x1, 0xff, 0xcb, 0xa5,
    0x0, 0x8f, 0x48, 0x3, 0xfe, 0x3c, 0xa0, 0xf,
    0xfe, 0x5d, 0x30, 0x4, 0x5a, 0xc0, 0x1f, 0xcf,
    0x82, 0xae, 0x1, 0xff, 0xcb, 0x99, 0x0, 0x69,
    0xe8, 0x30, 0x0, 0x9c, 0x74, 0x0, 0x44, 0x1,
    0xff, 0xcc, 0x6c, 0x20, 0x8, 0x5f, 0x3f, 0xdd,
    0x8e, 0x20, 0x15, 0x28, 0x7, 0xff, 0x34, 0xf5,
    0xc0, 0x3f, 0xf8, 0x7, 0xaa, 0x1, 0xff, 0xd0,
    0x8e, 0x83, 0x0, 0xf9, 0x2b, 0x8, 0x3, 0xff,
    0xa4, 0x2f, 0x9d, 0x75, 0x35, 0x9f, 0x6a, 0x1,
    0x80,

    /* U+0052 "R" */
    0x9f, 0xff, 0xfe, 0x1f, 0x6e, 0x4a, 0x88, 0x7,
    0xff, 0x38, 0x48, 0xda, 0xba, 0xd4, 0x3, 0xff,
    0xa4, 0x95, 0xa6, 0x1, 0xfe, 0x25, 0x5f, 0xf9,
    0xc, 0x3, 0xc5, 0x90, 0x1, 0xfc, 0xb5, 0x5f,
    0xf5, 0xe7, 0xec, 0x10, 0x6, 0x7a, 0x0, 0xff,
    0xe5, 0x93, 0xed, 0x8, 0x4, 0xae, 0x1, 0xff,
    0xcd, 0x5f, 0x20, 0xa, 0xc, 0x3, 0xff, 0x9a,
    0x3e, 0x20, 0x14, 0x0, 0x7f, 0xf3, 0x8a, 0x0,
    0x24, 0x20, 0xf, 0xfe, 0x73, 0x10, 0x4, 0xa0,
    0x1f, 0xfc, 0xf4, 0x0, 0xb0, 0x3, 0xff, 0x9f,
    0xa0, 0x12, 0x80, 0x7f, 0xf3, 0xdc, 0x2, 0x10,
    0xf, 0xfe, 0x79, 0x0, 0x7f, 0xf4, 0xcc, 0x3,
    0xff, 0xa6, 0x20, 0x1f, 0xfd, 0x35, 0x0, 0x88,
    0x3, 0xff, 0x9f, 0x80, 0x13, 0x80, 0x7f, 0xf3,
    0x85, 0x40, 0x2f, 0x0, 0xff, 0xe7, 0x40, 0x6,
    0x50, 0xf, 0xfe, 0x6b, 0x30, 0x2, 0x70, 0xf,
    0xfe, 0x6b, 0x48, 0x4, 0x30, 0x1, 0xff, 0xcb,
    0x3b, 0x90, 0xd, 0xa0, 0x1f, 0xfc, 0x71, 0x25,
    0x8d, 0xc4, 0x0, 0xd6, 0x60, 0x1f, 0x3f, 0xff,
    0xfd, 0xdb, 0x4e, 0x40, 0x18, 0xb5, 0x0, 0x3f,
    0xf9, 0xe3, 0x1a, 0x40, 0x1f, 0xfc, 0xf7, 0xe7,
    0x0, 0xff, 0x8d, 0x9b, 0xfc, 0xf1, 0x26, 0x1,
    0x20, 0x7, 0xff, 0x5, 0x26, 0x7f, 0xd0, 0xed,
    0xa2, 0x0, 0x37, 0x0, 0xff, 0xe7, 0xd, 0x80,
    0x50, 0x60, 0x1f, 0xfc, 0xe5, 0x60, 0xb, 0x80,
    0x3f, 0xf9, 0xf2, 0x40, 0x2, 0xa0, 0xf, 0xfe,
    0x7f, 0x0, 0x4a, 0xa0, 0xf, 0xfe, 0x71, 0xc0,
    0x5, 0x42, 0x1, 0xff, 0xce, 0x74, 0x0, 0xb4,
    0x3, 0xff, 0x9f, 0x42, 0x0, 0x37, 0x0, 0xff,
    0xe7, 0xd, 0x80, 0x50, 0x60, 0x1f, 0xfc, 0xe5,
    0x50, 0x5, 0xc0, 0x1f, 0xfc, 0xfa, 0x20, 0x1,
    0x48, 0x7, 0xff, 0x3f, 0x80, 0x26, 0x50,

    /* U+0053 "S" */
    0x0, 0xfe, 0x26, 0x9c, 0xef, 0xfb, 0xb6, 0xe1,
    0x4, 0x3, 0xff, 0x84, 0xb9, 0xb2, 0xc6, 0x20,
    0x10, 0x92, 0x3d, 0xf5, 0xa8, 0x7, 0xf8, 0xb2,
    0x8c, 0x3, 0xff, 0x84, 0x95, 0xee, 0x1, 0xf2,
    0x69, 0x80, 0x70, 0xa2, 0xb3, 0x14, 0xc4, 0x3,
    0xd1, 0xa0, 0x1c, 0x76, 0x1, 0x8e, 0x7b, 0x97,
    0x53, 0x2a, 0xce, 0xd9, 0x30, 0xc, 0x20, 0x1d,
    0xc0, 0x1a, 0x71, 0x84, 0x3, 0xf1, 0x36, 0x73,
    0x80, 0x24, 0x3, 0x39, 0x0, 0x54, 0xc0, 0x1f,
    0xfc, 0x21, 0x8d, 0x65, 0x0, 0xd4, 0x1, 0x32,
    0x80, 0x7f, 0xf1, 0x4a, 0x40, 0x31, 0x10, 0x2,
    0x80, 0xf, 0xfe, 0x63, 0x80, 0x46, 0x20, 0x1f,
    0xfc, 0xc3, 0x0, 0x9c, 0x3, 0xff, 0xd6, 0x40,
    0x12, 0x80, 0x7f, 0xf3, 0x54, 0x2, 0x15, 0x0,
    0xff, 0xe6, 0x9, 0x80, 0x54, 0x60, 0x1f, 0xfc,
    0xc8, 0x0, 0xd8, 0xc0, 0x1f, 0xfc, 0xb4, 0x70,
    0xd, 0x3a, 0xc2, 0x1, 0xff, 0xc9, 0x86, 0x0,
    0xc5, 0x3d, 0x6c, 0x40, 0x1f, 0xfc, 0x79, 0xa0,
    0xf, 0x24, 0xef, 0x53, 0x8, 0x7, 0xff, 0x11,
    0x7a, 0x4, 0x3, 0xc2, 0xb3, 0xdb, 0x28, 0x1,
    0xff, 0xc2, 0x17, 0xea, 0x50, 0xf, 0xc4, 0xd7,
    0xce, 0x20, 0x1f, 0xfc, 0x25, 0xaf, 0xc8, 0x40,
    0xf, 0x86, 0x39, 0xc0, 0x3f, 0xf8, 0x86, 0xf7,
    0xf8, 0xe6, 0x1, 0xe8, 0xb1, 0x0, 0xff, 0xe3,
    0x1c, 0x67, 0x41, 0x0, 0x64, 0xd0, 0xf, 0xfe,
    0x48, 0xbe, 0xd0, 0x80, 0x47, 0x20, 0x1f, 0xfc,
    0xb5, 0xf2, 0x0, 0x98, 0x80, 0x3f, 0xf9, 0x63,
    0x80, 0x19, 0x40, 0x3f, 0xf9, 0x82, 0xc0, 0x16,
    0x80, 0x7f, 0xf3, 0x70, 0x2, 0x60, 0xf, 0xfe,
    0x68, 0x80, 0x7f, 0xf4, 0x48, 0x2, 0x70, 0x0,
    0x80, 0x7f, 0xf2, 0xb0, 0x2, 0x30, 0x2f, 0x40,
    0xf, 0xfe, 0x41, 0x28, 0x5, 0x61, 0x3, 0x72,
    0x1, 0xff, 0xc6, 0x1e, 0x0, 0x88, 0xc9, 0x40,
    0xd, 0xce, 0x20, 0x1f, 0xfc, 0x22, 0xd3, 0x0,
    0xa4, 0x9, 0x40, 0x21, 0x8e, 0xa5, 0x10, 0xf,
    0xe4, 0x9d, 0x30, 0x9, 0xd0, 0x1, 0x52, 0x1,
    0xcb, 0x5d, 0xcb, 0xa9, 0x95, 0x53, 0x7e, 0xd8,
    0x3, 0x3c, 0x0, 0x66, 0xe6, 0x0, 0xf0, 0xa2,
    0xb3, 0x15, 0x44, 0x1, 0xc3, 0x50, 0x1, 0xe1,
    0x9e, 0x83, 0x0, 0xff, 0xe1, 0x14, 0x72, 0x80,
    0x7f, 0xb, 0xe7, 0x53, 0xa1, 0x8, 0x4, 0x26,
    0xb1, 0x9a, 0xe0, 0x1e,

    /* U+0054 "T" */
    0xcf, 0xff, 0xfe, 0x97, 0x0, 0x7f, 0xfd, 0x2d,
    0x57, 0xff, 0x82, 0x1, 0x95, 0x7f, 0xf8, 0x2e,
    0xea, 0xaf, 0xfe, 0x8, 0x6, 0x8a, 0xaf, 0xfe,
    0x4, 0x80, 0x7f, 0xff, 0xc0, 0x3f, 0xff, 0xe0,
    0x1f, 0xff, 0xf0, 0xf, 0xff, 0xf8, 0x7, 0xff,
    0xfc, 0x3, 0xff, 0xfe, 0x1, 0xff, 0xff, 0x0,
    0xff, 0xff, 0x80, 0x7f, 0xff, 0xc0, 0x3f, 0xff,
    0xe0, 0x1f, 0xff, 0xf0, 0xf, 0xff, 0xf8, 0x7,
    0xff, 0xfc, 0x3, 0xff, 0xfe, 0x1, 0xff, 0xfa,

    /* U+0055 "U" */
    0xff, 0xc6, 0x1, 0xff, 0xcb, 0xcf, 0xf9, 0x0,
    0x3f, 0xff, 0xe0, 0x1f, 0xff, 0xf0, 0xf, 0xff,
    0xf8, 0x7, 0xff, 0xfc, 0x3, 0xff, 0xfe, 0x1,
    0xff, 0xff, 0x0, 0xff, 0xff, 0x80, 0x7f, 0xff,
    0xc0, 0x3f, 0xff, 0xe0, 0x1f, 0xfe, 0x67, 0x10,
    0xf, 0xfe, 0x78, 0x80, 0x7e, 0x70, 0xf, 0xfe,
    0x59, 0x80, 0x42, 0x60, 0x10, 0x80, 0x7f, 0xf2,
    0xc4, 0x2, 0x36, 0x0, 0xb4, 0x3, 0xff, 0x94,
    0x20, 0x18, 0x4c, 0x2, 0x30, 0xf, 0xfe, 0x52,
    0x0, 0x44, 0x1a, 0x1, 0x28, 0x7, 0xff, 0x2b,
    0x40, 0x27, 0x4, 0x0, 0x85, 0x40, 0x3f, 0xf9,
    0x2c, 0x1, 0x60, 0x9, 0x80, 0x5c, 0x1, 0xff,
    0xc8, 0x51, 0x0, 0x9c, 0x1, 0x40, 0x12, 0x20,
    0x3, 0xff, 0x8f, 0x0, 0x12, 0x88, 0x1, 0x88,
    0x2, 0xa1, 0x0, 0xff, 0xe2, 0xc9, 0x0, 0x52,
    0x1, 0xa0, 0x2, 0x1c, 0x20, 0xf, 0xfe, 0x1c,
    0xb0, 0x4, 0xa6, 0x1, 0x95, 0x80, 0x22, 0xc6,
    0x0, 0xff, 0xe0, 0x1d, 0xb0, 0x4, 0x56, 0x1,
    0xe9, 0x40, 0x8, 0x67, 0x5c, 0xc0, 0x3c, 0x2b,
    0x78, 0x80, 0x10, 0xf8, 0x80, 0x7d, 0x6a, 0x1,
    0x8a, 0x33, 0xf7, 0x31, 0xbd, 0xca, 0x40, 0xc,
    0x58, 0x40, 0x1f, 0xd5, 0x22, 0x1, 0xe2, 0x33,
    0x10, 0x80, 0x79, 0xb4, 0x80, 0x3f, 0xe6, 0xf8,
    0x10, 0xf, 0xfe, 0xa, 0xe4, 0x80, 0x7f, 0xf0,
    0x85, 0xfb, 0x21, 0x8, 0x40, 0x21, 0x36, 0xaf,
    0xa3, 0x0, 0xfc,

    /* U+0056 "V" */
    0x9f, 0xfb, 0x40, 0x3f, 0xfa, 0x2f, 0xff, 0x5d,
    0x80, 0x22, 0x40, 0xf, 0xfe, 0x85, 0x0, 0x5c,
    0x48, 0x1, 0x78, 0x7, 0xff, 0x3d, 0x8, 0x0,
    0x4a, 0x1e, 0x1, 0x21, 0x0, 0x7f, 0xf3, 0xbc,
    0x2, 0xa0, 0x2, 0x10, 0x5, 0x60, 0x1f, 0xfc,
    0xd2, 0x40, 0x9, 0xc0, 0x2a, 0x0, 0x98, 0x3,
    0xff, 0x9b, 0x60, 0x13, 0x0, 0x67, 0x0, 0xce,
    0x1, 0xff, 0xcb, 0x16, 0x0, 0xac, 0x3, 0x98,
    0x2, 0xa0, 0xf, 0xfe, 0x5b, 0x0, 0x48, 0x40,
    0x1d, 0x60, 0x11, 0x20, 0x7, 0xff, 0x2a, 0x40,
    0x2f, 0x0, 0xf1, 0x20, 0x5, 0xe0, 0x1f, 0xfc,
    0x95, 0x10, 0x1, 0x20, 0x7, 0xde, 0x1, 0x21,
    0x0, 0x7f, 0xf2, 0x24, 0x2, 0xb0, 0xf, 0xc8,
    0x40, 0x15, 0x80, 0x7f, 0xf1, 0xcc, 0xc0, 0x1,
    0x60, 0xf, 0xeb, 0x0, 0x98, 0x40, 0x3f, 0xf8,
    0xd2, 0x1, 0x30, 0x7, 0xf9, 0x84, 0x2, 0x60,
    0xf, 0xfe, 0x28, 0xa8, 0x5, 0x20, 0x1f, 0xf3,
    0x0, 0x52, 0x1, 0xff, 0xc5, 0x90, 0x9, 0x44,
    0x3, 0xfe, 0x90, 0x8, 0x54, 0x3, 0xff, 0x88,
    0xc0, 0x14, 0x80, 0x7f, 0xf0, 0x5, 0x40, 0x29,
    0x0, 0xff, 0xe1, 0xb0, 0x80, 0xc, 0xc0, 0x1f,
    0xfc, 0x19, 0x0, 0x8c, 0xc0, 0x1f, 0xfc, 0x2b,
    0x0, 0xa4, 0x3, 0xff, 0x84, 0x66, 0x0, 0xa4,
    0x3, 0xff, 0x82, 0x84, 0x0, 0x15, 0x0, 0xff,
    0xe1, 0xc8, 0x4, 0xa2, 0x1, 0xff, 0xc0, 0xf0,
    0x9, 0x80, 0x3f, 0xf8, 0x8a, 0x20, 0x13, 0x0,
    0x7f, 0xc4, 0x80, 0x14, 0x80, 0x7f, 0xf1, 0x64,
    0x2, 0x90, 0xf, 0xfa, 0xc0, 0x25, 0x10, 0xf,
    0xfe, 0x2b, 0x0, 0x42, 0xa0, 0x1f, 0xe6, 0x0,
    0xa4, 0x3, 0xff, 0x8c, 0x2a, 0x1, 0x48, 0x7,
    0xf3, 0x80, 0x46, 0x60, 0xf, 0xfe, 0x3c, 0x80,
    0x46, 0x60, 0xf, 0xd4, 0x1, 0x48, 0x7, 0xff,
    0x20, 0xcc, 0x1, 0x48, 0x7, 0xca, 0x40, 0x1,
    0x50, 0xf, 0xfe, 0x4c, 0x80, 0x4a, 0x20, 0x1e,
    0x90, 0xa, 0x40, 0x3f, 0xf9, 0x4a, 0x20, 0x14,
    0x80, 0x71, 0x98, 0x2, 0x60, 0xf, 0xfe, 0x5c,
    0x80, 0x4c, 0x1, 0xd2, 0x1, 0x30, 0x80, 0x7f,
    0xf2, 0xd8, 0x2, 0x16, 0x0, 0x85, 0x40, 0x2b,
    0x0, 0xff, 0xe6, 0xb, 0x0, 0x56, 0x1, 0x30,
    0x4, 0x84, 0x1, 0xff, 0xcd, 0xb0, 0x8, 0x90,
    0x1, 0x20, 0x17, 0x80, 0x7f, 0xf3, 0x89, 0x0,
    0x2e, 0x5, 0x10, 0x1, 0x20, 0x7, 0xff, 0x3f,
    0xc0, 0x25, 0x29, 0x0, 0xac, 0x3, 0xff, 0xa0,
    0x84, 0x1, 0x71, 0x80, 0x4c, 0x1, 0xff, 0xd1,
    0xb0, 0x8, 0xc0, 0x27, 0x0, 0xff, 0xe9, 0x30,
    0x7, 0xd4, 0x1, 0xff, 0xd3, 0x70, 0xe, 0x42,
    0x0, 0xff, 0xe9, 0xd0, 0x7, 0x78, 0x7, 0xff,
    0x50, 0x90, 0x2, 0x24, 0x0, 0xff, 0xe2, 0x0,

    /* U+0057 "W" */
    0xcf, 0xf9, 0xc0, 0x3f, 0xf9, 0x5b, 0xff, 0x28,
    0x7, 0xff, 0x2b, 0xbf, 0xe0, 0xa0, 0xa, 0x80,
    0x3f, 0xf9, 0x24, 0x40, 0xb, 0x80, 0x3f, 0xf9,
    0x28, 0x20, 0x4, 0x7, 0x0, 0x88, 0x80, 0x1f,
    0xfc, 0x8a, 0x0, 0xc8, 0x1, 0xff, 0xc9, 0xd0,
    0xb, 0x40, 0x4c, 0x2, 0x50, 0xf, 0xfe, 0x42,
    0x80, 0x72, 0x80, 0x7f, 0xf2, 0x1c, 0x2, 0x70,
    0x5, 0x80, 0x56, 0x1, 0xff, 0xc7, 0x32, 0x0,
    0xee, 0x0, 0xff, 0xe3, 0xa0, 0x80, 0x10, 0x40,
    0xc, 0x1, 0x19, 0x0, 0x7f, 0xf1, 0xac, 0x3,
    0xc8, 0x20, 0x1f, 0xfc, 0x6d, 0x0, 0xb4, 0x2,
    0x13, 0x0, 0x94, 0x3, 0xff, 0x8c, 0xa0, 0x1,
    0x40, 0x9, 0x0, 0x3f, 0xf8, 0xce, 0x1, 0x38,
    0x6, 0xb0, 0xa, 0xc0, 0x3f, 0xf8, 0xa6, 0x40,
    0x7, 0xe0, 0xb, 0x80, 0x3f, 0xf8, 0xa8, 0x20,
    0x4, 0x10, 0xc, 0xc0, 0x11, 0x88, 0x7, 0xff,
    0x12, 0xc0, 0x2d, 0x50, 0x9, 0x4, 0x3, 0xff,
    0x89, 0xa0, 0x16, 0x80, 0x70, 0x98, 0x4, 0xc0,
    0x1f, 0xfc, 0x46, 0x0, 0xa, 0x2, 0x80, 0x48,
    0x1, 0xff, 0xc4, 0x70, 0x9, 0xc0, 0x3d, 0x60,
    0x15, 0x80, 0x7f, 0xf0, 0xcc, 0x40, 0xe, 0x0,
    0xf0, 0xb, 0x80, 0x3f, 0xf8, 0x68, 0x20, 0x4,
    0x10, 0xf, 0x28, 0x4, 0x62, 0x1, 0xff, 0xc2,
    0xa0, 0xb, 0x40, 0xa, 0x1, 0x20, 0x80, 0x7f,
    0xf0, 0xb4, 0x2, 0xd0, 0xf, 0x88, 0xc0, 0x26,
    0x0, 0xff, 0xe1, 0x38, 0x0, 0x50, 0x2, 0x50,
    0x9, 0xc0, 0x3f, 0xf8, 0x4e, 0x1, 0x38, 0x7,
    0xeb, 0x0, 0xac, 0x3, 0xff, 0x82, 0x82, 0x0,
    0x70, 0xd, 0xe0, 0x16, 0x80, 0x7f, 0xf0, 0x50,
    0x40, 0x8, 0x20, 0x1f, 0x94, 0x2, 0x31, 0x0,
    0xff, 0xe0, 0x68, 0x5, 0x40, 0x19, 0x40, 0x24,
    0x10, 0xf, 0xfe, 0x6, 0x80, 0x5a, 0x1, 0xfc,
    0x46, 0x1, 0x38, 0x7, 0xff, 0x1, 0xc0, 0x2,
    0x60, 0x1c, 0xa0, 0x13, 0x80, 0x7f, 0xf0, 0x1c,
    0x2, 0x70, 0xf, 0xf5, 0x80, 0x54, 0x1, 0xff,
    0x20, 0x80, 0x18, 0x3, 0xdc, 0x1, 0x68, 0x7,
    0xfc, 0x82, 0x0, 0x41, 0x0, 0xff, 0x28, 0x4,
    0x62, 0x1, 0xfe, 0xd0, 0xa, 0xc0, 0x3c, 0x80,
    0x12, 0x8, 0x7, 0xfb, 0x40, 0x2d, 0x0, 0xff,
    0x88, 0x80, 0x13, 0x80, 0x7f, 0x9c, 0x0, 0x26,
    0x1, 0xf2, 0x80, 0x4e, 0x1, 0xfe, 0x70, 0x9,
    0xc0, 0x3f, 0xf8, 0x14, 0x1, 0x68, 0x7, 0xf2,
    0x8, 0x1, 0x80, 0x3f, 0x70, 0x5, 0xa0, 0x1f,
    0xc8, 0x20, 0x3, 0x10, 0xf, 0xfe, 0x2, 0x80,
    0x48, 0x20, 0x1f, 0xb8, 0x2, 0xb0, 0xf, 0xc8,
    0x20, 0x4, 0x10, 0xf, 0xda, 0x1, 0x50, 0x7,
    0xff, 0x4, 0x88, 0x1, 0x38, 0x7, 0xe5, 0x0,
    0x11, 0x80, 0x7f, 0x38, 0x4, 0xe0, 0x1f, 0x9c,
    0x2, 0x70, 0xf, 0xfe, 0x15, 0x0, 0x5a, 0x1,
    0xf2, 0x0, 0x4a, 0x1, 0xfe, 0xd0, 0xb, 0x40,
    0x3e, 0x31, 0x0, 0x18, 0x80, 0x7f, 0xf0, 0x94,
    0x2, 0x41, 0x0, 0xf7, 0x0, 0x54, 0x1, 0xfe,
    0x41, 0x0, 0x20, 0x80, 0x7a, 0x80, 0x2a, 0x0,
    0xff, 0xe1, 0x91, 0x0, 0x27, 0x0, 0xf2, 0x80,
    0x8, 0x80, 0x1f, 0xf3, 0x80, 0x4e, 0x1, 0xe7,
    0x0, 0x9c, 0x3, 0xff, 0x88, 0xa0, 0x16, 0x80,
    0x72, 0x80, 0x4a, 0x1, 0xff, 0xc0, 0xd0, 0xb,
    0x40, 0x38, 0xc4, 0x0, 0x62, 0x1, 0xff, 0xc4,
    0xa0, 0x9, 0x4, 0x3, 0x78, 0x5, 0x40, 0x1f,
    0xfc, 0x4, 0x10, 0x2, 0x8, 0x6, 0xa0, 0xa,
    0xc0, 0x3f, 0xf8, 0xa4, 0x40, 0x9, 0x0, 0x32,
    0x80, 0x8, 0x80, 0x1f, 0xfc, 0x17, 0x0, 0x9c,
    0x3, 0x38, 0x4, 0xc0, 0x1f, 0xfc, 0x65, 0x0,
    0xb8, 0x2, 0x50, 0xa, 0x80, 0x3f, 0xf8, 0x5a,
    0x1, 0x68, 0x4, 0x62, 0x0, 0x31, 0x0, 0xff,
    0xe3, 0x58, 0x4, 0x80, 0x17, 0x0, 0x4a, 0x1,
    0xff, 0xc2, 0x41, 0x0, 0x20, 0x80, 0x28, 0x2,
    0xb0, 0xf, 0xfe, 0x39, 0x90, 0x4, 0xa0, 0x4,
    0x0, 0x11, 0x0, 0x3f, 0xf8, 0x6e, 0x1, 0x38,
    0x1, 0xc0, 0x26, 0x0, 0xff, 0xe4, 0x28, 0x5,
    0xe0, 0xa0, 0x15, 0x0, 0x7f, 0xf1, 0x34, 0x2,
    0xd0, 0x31, 0x0, 0x18, 0x80, 0x7f, 0xf2, 0x2c,
    0x2, 0x50, 0xe0, 0x9, 0x40, 0x3f, 0xf8, 0x88,
    0x20, 0x4, 0x1a, 0x0, 0xac, 0x3, 0xff, 0x92,
    0x64, 0x1, 0x32, 0x0, 0xc, 0x80, 0x3f, 0xf8,
    0xae, 0x1, 0x3b, 0x80, 0x25, 0x0, 0xff, 0xe5,
    0x28, 0x5, 0x20, 0x15, 0x80, 0x7f, 0xf1, 0xa8,
    0x2, 0x81, 0x0, 0x19, 0x0, 0x7f, 0xf2, 0xac,
    0x3, 0xe6, 0x0, 0xff, 0xe3, 0x18, 0x80, 0x4,
    0x2, 0xb0, 0xf, 0xfe, 0x59, 0x90, 0x7, 0x18,
    0x80, 0x7f, 0xf1, 0xdc, 0x3, 0xca, 0x1, 0xff,
    0xcc, 0x50, 0xe, 0xb0, 0xf, 0xfe, 0x45, 0x0,
    0x71, 0x90, 0x7, 0xff, 0x32, 0xc0, 0x39, 0x80,
    0x3f, 0xf9, 0x6, 0x20, 0x1a, 0xc0, 0x3f, 0xf9,
    0xa6, 0x20, 0x11, 0x88, 0x7, 0xff, 0x25, 0x80,
    0x32, 0x80, 0x7f, 0xf0, 0x40,

    /* U+0058 "X" */
    0x0, 0x5f, 0xfd, 0xc2, 0x1, 0xff, 0xc9, 0x2f,
    0xfc, 0xa0, 0x15, 0x8, 0x0, 0x68, 0x3, 0xff,
    0x93, 0xe0, 0x12, 0xa8, 0x2, 0x1a, 0x0, 0x91,
    0xc0, 0x3f, 0xf8, 0xf2, 0x40, 0x2, 0xa0, 0xe,
    0x46, 0x0, 0xa0, 0xc0, 0x3f, 0xf8, 0xa8, 0xc0,
    0x17, 0x0, 0x7d, 0x24, 0x1, 0x70, 0x7, 0xff,
    0x10, 0x68, 0x2, 0x83, 0x0, 0xfd, 0xe0, 0x11,
    0x50, 0x7, 0xff, 0xe, 0x84, 0x0, 0x6e, 0x1,
    0xfc, 0x52, 0x1, 0x2a, 0x80, 0x3f, 0xf8, 0x2e,
    0x80, 0x1, 0xd0, 0xf, 0xf9, 0x90, 0x2, 0xa2,
    0x0, 0xff, 0x8a, 0x0, 0x2b, 0x10, 0xf, 0xfe,
    0x5, 0x8, 0x5, 0xc0, 0x1f, 0xf7, 0x80, 0x4c,
    0xa0, 0x1f, 0xfc, 0x11, 0xa0, 0x8, 0xe0, 0x3,
    0xfa, 0x48, 0x0, 0x52, 0x1, 0xff, 0xc3, 0x47,
    0x0, 0x9d, 0x0, 0x3e, 0x56, 0x0, 0xb8, 0x3,
    0xff, 0x8b, 0x4, 0x1, 0x50, 0x80, 0x70, 0xd8,
    0x5, 0x6, 0x1, 0xff, 0xc6, 0xf0, 0x8, 0x68,
    0x3, 0xa8, 0x40, 0x8, 0xe0, 0x1f, 0xfc, 0x72,
    0x90, 0x9, 0x18, 0x2, 0x74, 0x0, 0xd, 0x0,
    0x7f, 0xf2, 0x59, 0x0, 0x29, 0x20, 0x38, 0x0,
    0xa8, 0x40, 0x3f, 0xf9, 0x54, 0x20, 0x17, 0x8f,
    0x0, 0x4c, 0x80, 0x1f, 0xfc, 0xb1, 0xa0, 0x8,
    0xbc, 0x80, 0x5, 0x20, 0x1f, 0xfc, 0xd4, 0x70,
    0x8, 0x40, 0x2f, 0x0, 0xff, 0xe7, 0xc1, 0x80,
    0x74, 0x90, 0x7, 0xff, 0x42, 0x40, 0x39, 0xc0,
    0x3f, 0xfa, 0x36, 0x1, 0xd6, 0x1, 0xff, 0xd0,
    0xa1, 0x0, 0xe5, 0x60, 0xf, 0xfe, 0x73, 0x28,
    0x4, 0x60, 0x14, 0x90, 0x7, 0xff, 0x30, 0xa4,
    0x2, 0x7c, 0x20, 0xb, 0xc0, 0x3f, 0xf9, 0x9c,
    0x1, 0x1c, 0x7, 0x0, 0x45, 0x20, 0x1f, 0xfc,
    0xa8, 0x30, 0xb, 0x80, 0x7, 0x0, 0x13, 0x20,
    0x7, 0xff, 0x21, 0x1c, 0x2, 0x92, 0x0, 0x9d,
    0x0, 0x2a, 0x10, 0xf, 0xfe, 0x30, 0xd0, 0x4,
    0xac, 0x1, 0xd4, 0x20, 0x1, 0xa0, 0xf, 0xfe,
    0x35, 0x8, 0x0, 0x6c, 0x3, 0xc3, 0x40, 0x12,
    0x38, 0x7, 0xff, 0x11, 0xd0, 0x2, 0xd1, 0x0,
    0xf9, 0x18, 0x2, 0x83, 0x0, 0xff, 0xe1, 0x1c,
    0x0, 0x4e, 0x60, 0x1f, 0xd2, 0x40, 0x17, 0x0,
    0x7f, 0xf0, 0xb8, 0x2, 0x38, 0x0, 0xff, 0xbc,
    0x2, 0x2a, 0x0, 0xff, 0xe0, 0x49, 0x0, 0x5c,
    0x1, 0xff, 0xc0, 0x29, 0x0, 0x95, 0x40, 0x1f,
    0xe5, 0x60, 0xa, 0x88, 0x3, 0xff, 0x82, 0xc8,
    0x1, 0x51, 0x0, 0x7e, 0x2a, 0x0, 0x95, 0x40,
    0x1f, 0xfc, 0x3a, 0x10, 0xb, 0x80, 0x3f, 0x70,
    0x4, 0x34, 0x1, 0xff, 0xc4, 0x1a, 0x0, 0x8e,
    0x0, 0x3d, 0x6, 0x1, 0x68, 0x7, 0xff, 0x19,
    0x1c, 0x2, 0x74, 0x0, 0xc6, 0xe0, 0x13, 0x98,
    0x7, 0xff, 0x1e, 0xc, 0x2, 0xa1, 0x0, 0xe,
    0x80, 0x47, 0x0, 0x1f, 0xfc, 0x9e, 0x0, 0x86,
    0x80, 0x16, 0x20, 0x17, 0x0, 0x7f, 0xf2, 0x8a,
    0x40, 0x24, 0x60,

    /* U+0059 "Y" */
    0xaf, 0xfb, 0x0, 0x3f, 0xf9, 0xdd, 0xff, 0x1d,
    0x80, 0x46, 0xc0, 0x1f, 0xfc, 0xc8, 0x10, 0x3,
    0x18, 0xc0, 0x5, 0x2, 0x1, 0xff, 0xca, 0x27,
    0x0, 0xc, 0x0, 0x1c, 0x80, 0x3, 0x0, 0x1f,
    0xfc, 0xa9, 0x0, 0xa0, 0x40, 0x2e, 0x0, 0x98,
    0xc0, 0x3f, 0xf9, 0xa, 0x80, 0x3, 0x60, 0xc,
    0x6a, 0x1, 0x78, 0x7, 0xff, 0x22, 0xc0, 0x2f,
    0x0, 0xf5, 0x80, 0x46, 0xc0, 0x1f, 0xfc, 0x68,
    0x10, 0x3, 0x18, 0x7, 0x86, 0x0, 0x28, 0x10,
    0xf, 0xfe, 0x21, 0x38, 0x0, 0x60, 0x3, 0xf3,
    0x90, 0x0, 0x60, 0x3, 0xff, 0x89, 0x20, 0x14,
    0x8, 0x7, 0xf4, 0x80, 0x4c, 0x60, 0x1f, 0xfc,
    0x25, 0x40, 0x1, 0xb0, 0x7, 0xf9, 0x14, 0x2,
    0xf0, 0xf, 0xfe, 0x15, 0x80, 0x5e, 0x1, 0xff,
    0xc0, 0xb0, 0x8, 0xd8, 0x3, 0xff, 0x81, 0x2,
    0x0, 0x63, 0x0, 0xff, 0xe0, 0xc, 0x0, 0x50,
    0x20, 0x1f, 0xe2, 0x70, 0x0, 0xc0, 0x7, 0xff,
    0x9, 0xc8, 0x0, 0x30, 0x1, 0xfe, 0x90, 0xa,
    0x4, 0x3, 0xff, 0x87, 0x20, 0x13, 0x18, 0x7,
    0xe5, 0x40, 0x1, 0xb0, 0x7, 0xff, 0x11, 0x14,
    0x2, 0xf0, 0xf, 0xd6, 0x1, 0x78, 0x7, 0xff,
    0x1a, 0xc0, 0x23, 0x60, 0xf, 0x40, 0x80, 0x18,
    0xc0, 0x3f, 0xf8, 0xc3, 0x0, 0x14, 0x8, 0x6,
    0x27, 0x0, 0xc, 0x0, 0x7f, 0xf2, 0x1c, 0x80,
    0x3, 0x0, 0x1a, 0x40, 0x28, 0x10, 0xf, 0xfe,
    0x4c, 0x80, 0x4c, 0x60, 0x5, 0x40, 0x1, 0xb0,
    0x7, 0xff, 0x29, 0x14, 0x2, 0xf0, 0x5, 0x80,
    0x5e, 0x1, 0xff, 0xcc, 0xb0, 0x8, 0xda, 0x4,
    0x0, 0xc6, 0x1, 0xff, 0xcc, 0x18, 0x0, 0xa1,
    0xc0, 0x28, 0x0, 0xff, 0xe7, 0x39, 0x0, 0x4,
    0x2, 0x91, 0x0, 0xff, 0xe7, 0xc8, 0x7, 0x13,
    0x0, 0x7f, 0xf4, 0x11, 0x40, 0x37, 0x0, 0x7f,
    0xf4, 0xb8, 0x2, 0x23, 0x0, 0xff, 0xff, 0x80,
    0x7f, 0xff, 0xc0, 0x3f, 0xff, 0xe0, 0x1f, 0xff,
    0xf0, 0xf, 0xff, 0xf8, 0x7, 0xff, 0xfc, 0x3,
    0xff, 0xaa,

    /* U+005A "Z" */
    0x1f, 0xff, 0xfe, 0x98, 0x7, 0xff, 0xdc, 0x55,
    0x7f, 0xf9, 0xa4, 0x1, 0x9c, 0x1, 0x55, 0xff,
    0xcc, 0x92, 0x0, 0x92, 0x0, 0x3f, 0xf9, 0xa3,
    0xa0, 0x10, 0xd0, 0x7, 0xff, 0x3a, 0x84, 0x2,
    0xd1, 0x0, 0xff, 0xe6, 0xc2, 0x0, 0x52, 0x60,
    0x1f, 0xfc, 0xd4, 0x70, 0x9, 0x58, 0x3, 0xff,
    0x9a, 0x54, 0x1, 0x15, 0x0, 0x7f, 0xf3, 0xb8,
    0x40, 0x2f, 0x0, 0xff, 0xe7, 0x49, 0x80, 0x54,
    0x40, 0x1f, 0xfc, 0xd6, 0x60, 0x4, 0xea, 0x1,
    0xff, 0xcd, 0x39, 0x0, 0x8e, 0x0, 0x3f, 0xf9,
    0xa3, 0xc0, 0x10, 0xe8, 0x7, 0xff, 0x3a, 0x88,
    0x2, 0xd1, 0x0, 0xff, 0xe6, 0xba, 0x0, 0x50,
    0x60, 0x1f, 0xfc, 0xd4, 0x80, 0x9, 0x5c, 0x3,
    0xff, 0x9a, 0x34, 0x1, 0x15, 0x0, 0x7f, 0xf3,
    0xb4, 0x40, 0x2f, 0x0, 0xff, 0xe7, 0x49, 0x80,
    0x54, 0x40, 0x1f, 0xfc, 0xd5, 0x60, 0x9, 0x94,
    0x3, 0xff, 0x9a, 0x54, 0x1, 0x1c, 0x80, 0x7f,
    0xf3, 0xbc, 0x2, 0x1d, 0x0, 0xff, 0xe7, 0x59,
    0x0, 0x54, 0x20, 0x1f, 0xfc, 0xd7, 0x40, 0xa,
    0x10, 0x3, 0xff, 0x9a, 0x90, 0x1, 0x23, 0x80,
    0x7f, 0xf3, 0x46, 0x80, 0x22, 0xa0, 0xf, 0xfe,
    0x76, 0x88, 0x5, 0xc2, 0x1, 0xff, 0xcd, 0x93,
    0x0, 0xa4, 0xc0, 0x3f, 0xf9, 0xaa, 0xc0, 0x13,
    0x30, 0x3, 0xff, 0x9a, 0x54, 0x1, 0x1c, 0x80,
    0x7f, 0xf3, 0xbc, 0x2, 0x1e, 0x0, 0xff, 0xe7,
    0x51, 0x0, 0x54, 0x40, 0x1f, 0xfc, 0xd7, 0x50,
    0x9, 0xd0, 0x3, 0xff, 0x9a, 0x90, 0x1, 0x24,
    0x0, 0x7f, 0xf3, 0x46, 0x80, 0x3a, 0xab, 0xff,
    0x9a, 0xcc, 0x10, 0xc, 0x8a, 0xbf, 0xfc, 0xdc,
    0x0, 0xff, 0xfb, 0x0,

    /* U+005B "[" */
    0x9f, 0xff, 0xea, 0x0, 0xff, 0xe7, 0x35, 0x57,
    0x48, 0x6, 0xc5, 0x5e, 0x30, 0xf, 0xff, 0xf8,
    0x7, 0xff, 0xfc, 0x3, 0xff, 0xfe, 0x1, 0xff,
    0xff, 0x0, 0xff, 0xff, 0x80, 0x7f, 0xff, 0xc0,
    0x3f, 0xfb, 0x58, 0xab, 0xc6, 0x1, 0x9a, 0xab,
    0xa4, 0x3, 0xff, 0x94,

    /* U+005C "\\" */
    0x68, 0x83, 0x0, 0x7f, 0xf1, 0xfd, 0xdd, 0x20,
    0x1f, 0xfc, 0x7d, 0x0, 0x98, 0x3, 0xff, 0x8c,
    0x82, 0x0, 0xd0, 0xf, 0xfe, 0x3b, 0x80, 0x10,
    0x40, 0x3f, 0xf8, 0xd4, 0x1, 0x38, 0x7, 0xff,
    0x18, 0xc4, 0x1, 0x40, 0x1f, 0xfc, 0x76, 0x0,
    0x18, 0x80, 0x7f, 0xf1, 0xac, 0x2, 0x60, 0xf,
    0xfe, 0x31, 0x90, 0x2, 0xc0, 0x3f, 0xf8, 0xea,
    0x0, 0x32, 0x0, 0xff, 0xe3, 0x50, 0x4, 0xa0,
    0x1f, 0xfc, 0x62, 0x20, 0x2, 0x80, 0x3f, 0xf8,
    0xf4, 0x0, 0x22, 0x0, 0x7f, 0xf1, 0x98, 0x2,
    0xa0, 0xf, 0xfe, 0x30, 0x98, 0x1, 0x40, 0x3f,
    0xf8, 0xf4, 0x0, 0x23, 0x0, 0xff, 0xe3, 0x38,
    0x5, 0x60, 0x1f, 0xfc, 0x61, 0x40, 0x3, 0x0,
    0x7f, 0xf1, 0xf4, 0x0, 0x26, 0x1, 0xff, 0xc6,
    0x70, 0xa, 0x80, 0x3f, 0xf8, 0xc2, 0x80, 0x7,
    0x0, 0xff, 0xe3, 0xf0, 0x0, 0x50, 0x3, 0xff,
    0x8c, 0xa0, 0x17, 0x0, 0x7f, 0xf1, 0xd4, 0x0,
    0xa0, 0x1f, 0xfc, 0x7f, 0x0, 0x94, 0x3, 0xff,
    0x8c, 0xa0, 0x17, 0x80, 0x7f, 0xf1, 0xd4, 0x0,
    0xa0, 0x1f, 0xfc, 0x7e, 0x0, 0x94, 0x3, 0xff,
    0x8c, 0x82, 0x0, 0xe0, 0xf, 0xfe, 0x3b, 0x80,
    0x10, 0x40, 0x3f, 0xf8, 0xda, 0x1, 0x38, 0x7,
    0xff, 0x19, 0x4, 0x1, 0xa0, 0x1f, 0xfc, 0x77,
    0x0, 0x20, 0x80, 0x7f, 0xf1, 0xa8, 0x2, 0x70,
    0xf, 0xfe, 0x31, 0x90, 0x2, 0x80, 0x3f, 0xf8,
    0xea, 0x0, 0x31, 0x0, 0xff, 0xe3, 0x50, 0x4,
    0xc0, 0x1f, 0xfc, 0x62, 0x20, 0x2, 0xc0, 0x3f,
    0xf8, 0xf4, 0x0, 0x32, 0x0, 0xff, 0xe3, 0x28,
    0x4, 0xa0, 0x1f, 0xfc, 0x62, 0x30, 0x5, 0x0,
    0x7f, 0xf1, 0xec, 0x0, 0x44, 0x0, 0xff, 0xe3,
    0x30, 0x5, 0x40, 0x1f, 0xfc, 0x61, 0x30, 0x2,
    0x80, 0x7f, 0xf1, 0xe8, 0x0, 0x46, 0x1, 0xff,
    0xc6, 0x70, 0xa, 0x80, 0x3f, 0xf8, 0xc2, 0x80,
    0x7, 0x0, 0xff, 0xe3, 0xe8, 0x0, 0x50, 0x3,
    0xff, 0x8c, 0xe0, 0x16, 0x80, 0x7f, 0xf1, 0x85,
    0x0, 0xe, 0x1, 0xff, 0xc7, 0xe0, 0x0, 0xa0,
    0x7, 0xff, 0x19, 0x40, 0x2e, 0x0, 0xff, 0xe3,
    0xa8, 0x1, 0x40,

    /* U+005D "]" */
    0xdf, 0xff, 0xe6, 0x0, 0xff, 0xe5, 0x4d, 0x57,
    0x20, 0x6, 0x45, 0x5e, 0x30, 0xf, 0xff, 0xf8,
    0x7, 0xff, 0xfc, 0x3, 0xff, 0xfe, 0x1, 0xff,
    0xff, 0x0, 0xff, 0xff, 0x80, 0x7f, 0xff, 0xc0,
    0x3f, 0xfb, 0x48, 0xab, 0xc6, 0x1, 0xa6, 0xab,
    0x90, 0x3, 0xff, 0x9c,

    /* U+005E "^" */
    0x0, 0xff, 0x2c, 0x41, 0xc0, 0x3f, 0xf9, 0x16,
    0xee, 0x84, 0x0, 0xff, 0xe3, 0x30, 0x80, 0x5e,
    0x1, 0xff, 0xc6, 0xa0, 0xc, 0x82, 0x1, 0xff,
    0xc4, 0x33, 0x0, 0xa8, 0x2, 0x40, 0x3f, 0xf8,
    0x92, 0x0, 0x9e, 0x0, 0x30, 0x7, 0xff, 0xc,
    0x54, 0x0, 0xc8, 0x40, 0x2a, 0x1, 0xff, 0xc2,
    0x60, 0x2, 0x88, 0x58, 0x2, 0x40, 0x3f, 0xf8,
    0x52, 0x0, 0xe0, 0x3, 0x80, 0xc, 0x80, 0x3f,
    0xf8, 0x8, 0x20, 0x48, 0x0, 0x16, 0x0, 0x58,
    0x7, 0xff, 0x3, 0xc0, 0x14, 0x1, 0xa8, 0x0,
    0xc0, 0x1f, 0xf1, 0x20, 0x1, 0x80, 0x31, 0x98,
    0x0, 0xc0, 0x1f, 0xea, 0x0, 0x28, 0x80, 0x75,
    0x0, 0x2c, 0x3, 0xfc, 0xc0, 0x9, 0x0, 0xf3,
    0x0, 0x9, 0x0, 0x3f, 0x30, 0x81, 0x18, 0x7,
    0xcc, 0x0, 0xe0, 0xf, 0xd4, 0x0, 0xb0, 0xf,
    0xd6, 0x0, 0x51, 0x0, 0xf1, 0x98, 0x0, 0xc0,
    0x1f, 0x88, 0xc0, 0xc, 0x1, 0xe9, 0x0, 0x30,
    0x7, 0xfa, 0x40, 0x12, 0x1, 0xc2, 0xa0, 0xa,
    0x0, 0xff, 0x28, 0x80, 0xa8, 0x6, 0x60, 0x1,
    0x98, 0x3, 0xfe, 0x60, 0x7, 0x0, 0x69, 0x0,
    0x50, 0x7, 0xff, 0x2, 0x80, 0x8, 0x40, 0x5,
    0x10, 0x16, 0x0, 0xff, 0xe0, 0x12, 0x0, 0x2c,
    0x1, 0xc0, 0x7, 0x0, 0xff, 0xe1, 0x70, 0x1,
    0x80, 0x90, 0x1, 0x60, 0x1f, 0xfc, 0x25, 0x10,
    0x3, 0x0,

    /* U+005F "_" */
    0xbb, 0xff, 0xe8, 0x22, 0x7f, 0xf4, 0x0, 0x3f,
    0xfa, 0x0,

    /* U+0060 "`" */
    0x1c, 0xff, 0xca, 0x1, 0xf0, 0xe3, 0x0, 0x54,
    0xc0, 0x1f, 0xa6, 0x80, 0x29, 0x80, 0xf, 0xcb,
    0xa4, 0x0, 0x79, 0x0, 0xfc, 0x5a, 0xa0, 0x6,
    0xa0, 0xf, 0xea, 0x80, 0x2, 0xd8, 0x7, 0xf3,
    0xe0, 0x82, 0x60, 0x80,

    /* U+0061 "a" */
    0x0, 0xf9, 0x62, 0xf7, 0xfe, 0xec, 0x95, 0x10,
    0xf, 0xf1, 0xd7, 0xd3, 0xa1, 0x0, 0x42, 0x6d,
    0x5d, 0x22, 0x1, 0xe2, 0xcc, 0x28, 0x7, 0xff,
    0x5, 0xbc, 0xc0, 0x33, 0x69, 0x80, 0x71, 0xab,
    0x3b, 0x28, 0x80, 0x61, 0xc3, 0x0, 0xac, 0x3,
    0x25, 0x76, 0x54, 0xc4, 0xd7, 0x62, 0x80, 0x6d,
    0x10, 0x7, 0x0, 0x17, 0x6d, 0x44, 0x3, 0xe3,
    0xa9, 0x0, 0x86, 0x40, 0x6, 0xd5, 0x42, 0x0,
    0xff, 0xe0, 0x33, 0x80, 0x4e, 0x1, 0x4a, 0x80,
    0x7f, 0xf0, 0xe0, 0x40, 0x24, 0x0, 0xff, 0xe4,
    0x38, 0x4, 0x60, 0x1f, 0xfc, 0x8c, 0x0, 0xb4,
    0x3, 0xff, 0x90, 0x20, 0x10, 0x80, 0x7f, 0xf2,
    0x1c, 0x2, 0x70, 0xf, 0xfe, 0x91, 0x35, 0x67,
    0x7f, 0xff, 0xb0, 0x3, 0xe2, 0xbd, 0x95, 0x31,
    0x0, 0xff, 0xe2, 0xae, 0xa0, 0x7, 0xff, 0x25,
    0x28, 0x2, 0x17, 0xbe, 0xff, 0xff, 0x60, 0x7,
    0x50, 0x4, 0xbd, 0x8, 0x20, 0x1f, 0xfc, 0x36,
    0x10, 0x1, 0xd0, 0x7, 0xff, 0x1f, 0x40, 0x29,
    0x0, 0xff, 0xe4, 0x30, 0x4, 0x80, 0x1f, 0xfc,
    0x83, 0x0, 0x84, 0x3, 0xff, 0x87, 0x60, 0x18,
    0xc0, 0x22, 0x0, 0xff, 0xe1, 0xb, 0x80, 0x67,
    0x0, 0x94, 0x3, 0xff, 0x85, 0xa0, 0x1d, 0xe0,
    0x14, 0x10, 0x7, 0xff, 0x2, 0xcc, 0x3, 0x94,
    0xc0, 0x2c, 0x50, 0xf, 0xe5, 0xd4, 0x4, 0x0,
    0xee, 0x10, 0x0, 0xd6, 0xc2, 0x99, 0x1a, 0xc6,
    0xd1, 0x1, 0x50, 0x7, 0x16, 0x88, 0x4, 0x4f,
    0x59, 0xb9, 0x4e, 0x40, 0x3, 0xc1, 0x0, 0xf1,
    0xfb, 0x0, 0x7f, 0xc3, 0x38, 0x20, 0x1f, 0x86,
    0x7a, 0x54, 0x84, 0x0, 0x26, 0xd7, 0xcc, 0x1,
    0xf0,

    /* U+0062 "b" */
    0x7f, 0xfa, 0x0, 0x3f, 0xff, 0xe0, 0x1f, 0xff,
    0xf0, 0xf, 0xff, 0xf8, 0x7, 0xff, 0xfc, 0x3,
    0xff, 0xfe, 0x0, 0x15, 0xad, 0xef, 0xf7, 0x5c,
    0x20, 0x7, 0xff, 0x18, 0x67, 0xa9, 0x48, 0x40,
    0x2, 0x8f, 0x7c, 0xe0, 0x1f, 0xfc, 0x35, 0xe6,
    0x0, 0xff, 0x86, 0x39, 0x0, 0x3f, 0xf8, 0x11,
    0x40, 0x18, 0x55, 0x9d, 0x90, 0x40, 0x30, 0xdb,
    0x80, 0x7f, 0x9d, 0xc0, 0x12, 0xe7, 0x54, 0xc4,
    0xdf, 0x5a, 0x0, 0x68, 0x80, 0x7, 0xe3, 0x80,
    0x1, 0x65, 0x18, 0x7, 0xc9, 0x76, 0x10, 0x9,
    0xd8, 0x3, 0xe4, 0x0, 0x1e, 0x98, 0x7, 0xfc,
    0x98, 0x40, 0x14, 0x88, 0x7, 0xe2, 0xd0, 0xf,
    0xfe, 0x11, 0x78, 0x80, 0x56, 0x1, 0xfb, 0x84,
    0x3, 0xff, 0x86, 0x56, 0x1, 0x29, 0x0, 0x79,
    0x4c, 0x3, 0xff, 0x8a, 0xa6, 0x1, 0x50, 0x7,
    0xa4, 0x3, 0xff, 0x8f, 0x20, 0x12, 0x80, 0x70,
    0x98, 0x7, 0xff, 0x1d, 0x40, 0x22, 0x0, 0xe5,
    0x0, 0xff, 0xe4, 0x90, 0x4, 0x60, 0x18, 0xc0,
    0x3f, 0xf9, 0x2e, 0x1, 0x38, 0x6, 0xf0, 0xf,
    0xfe, 0x49, 0x80, 0x42, 0x1, 0xff, 0xd7, 0xf0,
    0xf, 0xfe, 0x49, 0x80, 0x42, 0x1, 0x8c, 0x3,
    0xff, 0x92, 0xe0, 0x13, 0x80, 0x65, 0x0, 0xff,
    0xe4, 0x9, 0x0, 0x46, 0x1, 0x84, 0xc0, 0x3f,
    0xf8, 0xee, 0x1, 0x18, 0x7, 0xa4, 0x3, 0xff,
    0x8f, 0x60, 0x15, 0x80, 0x79, 0x4c, 0x3, 0xff,
    0x8a, 0xc4, 0x1, 0x28, 0x7, 0xdc, 0x20, 0x1f,
    0xfc, 0x32, 0x80, 0x9, 0x48, 0x3, 0xe2, 0xd0,
    0xf, 0xfe, 0x11, 0x78, 0x80, 0x56, 0x1, 0xe6,
    0x0, 0x1e, 0x98, 0x7, 0xfc, 0x98, 0x40, 0x15,
    0x8, 0x7, 0xb2, 0x0, 0x5, 0x94, 0x60, 0x1f,
    0x25, 0xd8, 0x40, 0x28, 0x50, 0xf, 0xce, 0xe0,
    0x9, 0x73, 0xae, 0x66, 0xbf, 0xb4, 0x0, 0xd0,
    0xe0, 0x1f, 0xe8, 0x90, 0xc, 0x28, 0xcd, 0x20,
    0x7, 0xd, 0xb8, 0x7, 0xff, 0x1, 0xb9, 0x80,
    0x3f, 0xe1, 0x8e, 0x40, 0xf, 0xfe, 0x10, 0xcf,
    0x4a, 0x90, 0x80, 0x5, 0x1e, 0xf9, 0xc0, 0x3f,
    0x0,

    /* U+0063 "c" */
    0x0, 0xff, 0x13, 0xd6, 0xf7, 0xfb, 0xb2, 0x50,
    0x3, 0xff, 0x86, 0xbb, 0xa8, 0x52, 0x10, 0x0,
    0x9b, 0x5f, 0x40, 0x7, 0xfc, 0x59, 0x44, 0x1,
    0xff, 0xb, 0xf2, 0x0, 0x7e, 0x5d, 0x30, 0xc,
    0x28, 0xce, 0xe5, 0x20, 0xc, 0x36, 0xc0, 0x1e,
    0x6a, 0x0, 0xc9, 0x7d, 0x73, 0x10, 0xad, 0xd3,
    0x0, 0x69, 0x50, 0xc, 0x92, 0x1, 0xd, 0xd9,
    0x0, 0x3e, 0x29, 0xd3, 0x0, 0xac, 0x40, 0x3,
    0x40, 0x11, 0x7a, 0x0, 0x7f, 0xc5, 0x86, 0x0,
    0x81, 0x0, 0x40, 0x80, 0x7, 0xc4, 0x3, 0xff,
    0x85, 0xab, 0xcc, 0x0, 0x16, 0x0, 0xac, 0x80,
    0x3f, 0xf8, 0x63, 0x42, 0x1, 0x30, 0x4, 0x6a,
    0x1, 0xff, 0xca, 0xa0, 0xa, 0x40, 0x3f, 0xf9,
    0x64, 0x1, 0x20, 0x7, 0xff, 0x28, 0xc0, 0x22,
    0x10, 0xf, 0xfe, 0x53, 0x0, 0x4c, 0x1, 0xff,
    0xcb, 0x30, 0x8, 0x40, 0x3f, 0xfc, 0xe6, 0x1,
    0x8, 0x7, 0xff, 0x2d, 0x80, 0x26, 0x0, 0xff,
    0xe5, 0x98, 0x4, 0x42, 0x1, 0xff, 0xcb, 0x30,
    0x9, 0xc0, 0x3f, 0xf9, 0x76, 0x1, 0x58, 0x7,
    0xff, 0x2d, 0x80, 0x22, 0x60, 0xf, 0xfe, 0x50,
    0xb0, 0x5, 0x4, 0x1, 0xff, 0xc3, 0x1a, 0x10,
    0xd, 0x2, 0x0, 0x1f, 0x20, 0xf, 0xfe, 0x16,
    0xaf, 0x30, 0x4, 0x34, 0x1, 0x16, 0x28, 0x7,
    0xfc, 0x58, 0x60, 0x8, 0x10, 0x9, 0x28, 0x2,
    0x1a, 0xb4, 0x0, 0xf8, 0xa7, 0x4c, 0x2, 0xa1,
    0x0, 0xcb, 0x40, 0x19, 0x2f, 0xf2, 0xa6, 0x57,
    0xda, 0xc0, 0x1a, 0x50, 0x3, 0xcb, 0xa6, 0x1,
    0xc6, 0xac, 0xc4, 0x10, 0xc, 0x36, 0xc0, 0x1f,
    0x8b, 0x28, 0x80, 0x3f, 0xe1, 0x7e, 0x40, 0xf,
    0xf9, 0x77, 0x50, 0xa4, 0x20, 0x1, 0x36, 0xbe,
    0x80, 0xe,

    /* U+0064 "d" */
    0x0, 0xff, 0xe7, 0x47, 0xfc, 0xc0, 0x1f, 0xff,
    0xf0, 0xf, 0xff, 0xf8, 0x7, 0xff, 0xfc, 0x3,
    0xff, 0xfe, 0x1, 0xff, 0xe7, 0x48, 0xbe, 0xff,
    0x76, 0xd2, 0x88, 0x7, 0xff, 0x19, 0xfa, 0xdd,
    0x4, 0x0, 0x24, 0xb5, 0xd2, 0x20, 0x1f, 0xfc,
    0x24, 0xe8, 0x10, 0xf, 0xf9, 0xb9, 0x40, 0x3f,
    0xf8, 0xf, 0x62, 0x1, 0x85, 0x19, 0xd9, 0x4,
    0x3, 0x54, 0x0, 0x7f, 0xa2, 0x0, 0x19, 0x2f,
    0xae, 0x62, 0x6f, 0xb1, 0x40, 0x27, 0x70, 0x7,
    0xe6, 0x70, 0x8, 0x6e, 0xc8, 0x1, 0xf1, 0xd6,
    0x10, 0x2, 0x10, 0x3, 0xc5, 0x20, 0x11, 0x7a,
    0x0, 0x7f, 0xc7, 0x86, 0x0, 0x30, 0xf, 0x40,
    0x4, 0x3e, 0x20, 0x1f, 0xfc, 0x11, 0xd1, 0x0,
    0xf8, 0x94, 0x2, 0xb2, 0x0, 0xff, 0xe1, 0x8d,
    0x0, 0x7d, 0x40, 0x11, 0xa8, 0x7, 0xff, 0x15,
    0x10, 0x1, 0xe5, 0x0, 0xa4, 0x3, 0xff, 0x8f,
    0xe0, 0x1c, 0x24, 0x1, 0x20, 0x7, 0xff, 0x1d,
    0x4, 0x3, 0x10, 0x4, 0x42, 0x1, 0xff, 0xc8,
    0x50, 0xc, 0xc0, 0x13, 0x0, 0x7f, 0xf2, 0x48,
    0x3, 0x18, 0x4, 0x20, 0x1f, 0xfc, 0x91, 0x0,
    0xff, 0xeb, 0x98, 0x4, 0x20, 0x1f, 0xfc, 0x91,
    0x0, 0xcc, 0x1, 0x30, 0x7, 0xff, 0x24, 0x80,
    0x31, 0x0, 0x44, 0x20, 0x1f, 0xfc, 0x84, 0x0,
    0xc2, 0x40, 0x13, 0x80, 0x7f, 0xf1, 0xd0, 0x3,
    0xca, 0x1, 0x50, 0x7, 0xff, 0x1f, 0xc0, 0x3d,
    0x40, 0x11, 0xa8, 0x7, 0xff, 0x15, 0x10, 0x1,
    0xe2, 0x50, 0xa, 0xc8, 0x3, 0xff, 0x86, 0x34,
    0x1, 0xfa, 0xc0, 0x21, 0xf1, 0x0, 0xff, 0xe0,
    0x8e, 0x88, 0x7, 0xe1, 0xa0, 0x8, 0xbd, 0x0,
    0x3f, 0xe3, 0xc3, 0x0, 0x30, 0x7, 0xca, 0xe0,
    0x10, 0xdd, 0x90, 0x3, 0xe3, 0xac, 0x20, 0x4,
    0x78, 0x7, 0xe8, 0x80, 0x6, 0x4b, 0xfc, 0x99,
    0xaf, 0xb1, 0x40, 0x27, 0x70, 0x7, 0xf9, 0xec,
    0x40, 0x38, 0xd9, 0xa4, 0x10, 0x8, 0x6a, 0x0,
    0x3f, 0xf8, 0x9, 0xd0, 0x20, 0x1f, 0xf3, 0x7a,
    0x80, 0x7f, 0xf0, 0xdf, 0xad, 0xcc, 0x40, 0x2,
    0x4b, 0x5d, 0x22, 0x1, 0xf8,

    /* U+0065 "e" */
    0x0, 0xff, 0x2c, 0xe7, 0x7f, 0xbb, 0x25, 0x40,
    0x3f, 0xf8, 0xa3, 0x1f, 0x4c, 0x62, 0x0, 0x13,
    0x6a, 0xf8, 0x10, 0xf, 0xfe, 0xa, 0xfb, 0x80,
    0x7f, 0xf0, 0x1f, 0xd4, 0x3, 0xfe, 0x8a, 0x10,
    0xc, 0x8f, 0x10, 0x64, 0x0, 0xc3, 0x50, 0x1,
    0xfd, 0x2e, 0x1, 0x15, 0x7d, 0xc3, 0xba, 0x6f,
    0xe4, 0x40, 0x27, 0x80, 0xf, 0x99, 0x80, 0x13,
    0x6a, 0x80, 0x7e, 0x6f, 0x50, 0x9, 0xd4, 0x3,
    0x8a, 0x40, 0x28, 0x90, 0xf, 0xf8, 0x69, 0xc0,
    0x2b, 0x10, 0xd, 0x0, 0x13, 0x38, 0x7, 0xff,
    0xa, 0x14, 0x0, 0x32, 0x1, 0x12, 0x80, 0xa,
    0x40, 0x3f, 0xf8, 0x94, 0x20, 0x7, 0x10, 0x5,
    0x0, 0x56, 0x1, 0xff, 0xc6, 0x80, 0x9, 0xc0,
    0xa, 0x1, 0x30, 0x7, 0xff, 0x19, 0xc0, 0x2d,
    0x1, 0x20, 0x1, 0x80, 0x7f, 0xf1, 0xc4, 0xc0,
    0xa, 0x4, 0x1, 0x28, 0x7, 0xff, 0x21, 0x80,
    0x2, 0x26, 0x0, 0x9b, 0xff, 0xff, 0x90, 0xa0,
    0x11, 0x98, 0x3, 0xff, 0xa0, 0x20, 0x18, 0x48,
    0xbf, 0xf9, 0x82, 0x60, 0x13, 0xee, 0xff, 0xf3,
    0x9, 0x80, 0x22, 0x0, 0xff, 0xe6, 0x98, 0x4,
    0x80, 0x1f, 0xfc, 0xe3, 0x0, 0x94, 0x3, 0xff,
    0x9b, 0x60, 0x14, 0x80, 0x7f, 0xf3, 0x58, 0x2,
    0x35, 0x0, 0xff, 0xe6, 0xb, 0x0, 0x54, 0x40,
    0x1f, 0xfc, 0x52, 0x0, 0xf4, 0x8, 0x5, 0x84,
    0x1, 0xff, 0xc2, 0x1c, 0xc0, 0x80, 0x70, 0xd0,
    0x4, 0x3a, 0xc0, 0x1f, 0xfc, 0x3, 0xc3, 0x1c,
    0x0, 0xf2, 0x50, 0x6, 0x9d, 0x61, 0x0, 0xf9,
    0x6f, 0x8, 0x0, 0x64, 0x1, 0xe5, 0xb0, 0xc,
    0x53, 0xdb, 0x53, 0x2b, 0xcf, 0xa4, 0x0, 0x8b,
    0x8, 0x3, 0xe4, 0xd3, 0x0, 0xe2, 0x56, 0x62,
    0x18, 0x7, 0x2e, 0x10, 0x7, 0xf1, 0x65, 0x18,
    0x7, 0xff, 0x1, 0x32, 0x84, 0x3, 0xff, 0x80,
    0xb9, 0xb0, 0xa4, 0x20, 0x1, 0x25, 0x9e, 0xb3,
    0x0, 0xf0,

    /* U+0066 "f" */
    0x0, 0xff, 0xb, 0xdf, 0x7f, 0xba, 0xdc, 0x40,
    0x3f, 0xcf, 0xd0, 0x82, 0x0, 0x14, 0x8e, 0x70,
    0xf, 0xd3, 0x0, 0x1f, 0xec, 0x0, 0xf9, 0x98,
    0x1, 0xb, 0x44, 0xc2, 0x0, 0x20, 0x3, 0xe8,
    0x0, 0x97, 0xa5, 0xd9, 0xef, 0x9c, 0xc0, 0x3c,
    0xa2, 0x0, 0x3a, 0x0, 0xf0, 0xc0, 0x7, 0xd8,
    0x1, 0x50, 0x7, 0xff, 0x10, 0x80, 0x24, 0x0,
    0xff, 0xe2, 0x38, 0x4, 0x60, 0x1f, 0xff, 0xef,
    0xfe, 0x30, 0xb, 0xbf, 0xff, 0x10, 0x7, 0xff,
    0x82, 0x67, 0x88, 0x2, 0x79, 0x9f, 0xc4, 0x0,
    0x66, 0xe1, 0x0, 0xad, 0x9b, 0xf0, 0x7, 0xff,
    0xfc, 0x3, 0xff, 0xfe, 0x1, 0xff, 0xff, 0x0,
    0xff, 0xff, 0x80, 0x7f, 0xff, 0xc0, 0x3f, 0xff,
    0xe0, 0x1f, 0xff, 0xf0, 0x0,

    /* U+0067 "g" */
    0x0, 0xff, 0x24, 0xdf, 0x7f, 0xdb, 0x6e, 0x40,
    0x1e, 0xff, 0xb4, 0x3, 0xe1, 0x8e, 0xb6, 0x41,
    0x0, 0x89, 0x23, 0x71, 0x0, 0x3f, 0xf8, 0x4d,
    0xee, 0x20, 0x1f, 0xf1, 0xdd, 0x8, 0x7, 0xfd,
    0x52, 0x20, 0x18, 0x51, 0x9d, 0xca, 0x60, 0x19,
    0x70, 0x80, 0x3f, 0xad, 0x40, 0x32, 0xe7, 0x5c,
    0xc4, 0x2b, 0x3a, 0x48, 0x0, 0x58, 0x20, 0x1f,
    0x4a, 0x0, 0x45, 0x94, 0x60, 0x1f, 0xb, 0x6b,
    0x80, 0x6, 0x80, 0x3c, 0x8c, 0x1, 0x26, 0x98,
    0x7, 0xff, 0x2, 0x2c, 0x0, 0x80, 0x1e, 0x90,
    0x8, 0xac, 0x3, 0xff, 0x86, 0x94, 0x1, 0xf2,
    0x90, 0x5, 0xe0, 0x1f, 0xfc, 0x55, 0x60, 0xf,
    0x78, 0x4, 0xc4, 0x1, 0xff, 0xc6, 0x80, 0xf,
    0x28, 0x5, 0x40, 0x1f, 0xfc, 0x71, 0x50, 0xc,
    0x40, 0x10, 0x98, 0x7, 0xff, 0x23, 0xc0, 0x33,
    0x80, 0x4a, 0x1, 0xff, 0xc9, 0x70, 0xc, 0x60,
    0x10, 0x80, 0x7f, 0xf2, 0x4c, 0x3, 0xff, 0xae,
    0x60, 0x1f, 0xfc, 0xd3, 0x0, 0xc2, 0x1, 0x38,
    0x7, 0xff, 0x25, 0x80, 0x32, 0x80, 0x44, 0x20,
    0x1f, 0xfc, 0x8c, 0x0, 0xc2, 0x40, 0x13, 0x80,
    0x7f, 0xf2, 0x14, 0x3, 0x94, 0x2, 0xb0, 0xf,
    0xfe, 0x3a, 0x90, 0x7, 0x50, 0x4, 0x4e, 0x1,
    0xff, 0xc5, 0x1b, 0x0, 0xf1, 0x30, 0x5, 0x8,
    0x1, 0xff, 0xc4, 0xa1, 0x0, 0xfa, 0x4, 0x2,
    0xb5, 0x0, 0xff, 0xe0, 0x8d, 0xa0, 0x7, 0xe1,
    0xd0, 0xd, 0x54, 0x20, 0xf, 0xf2, 0xfa, 0x0,
    0x1c, 0x3, 0xe3, 0xb0, 0xc, 0xbb, 0x6c, 0x62,
    0x0, 0x14, 0x8e, 0xa1, 0x0, 0x3d, 0x0, 0x7e,
    0x4c, 0x10, 0xc, 0x93, 0x9d, 0xfe, 0xeb, 0x71,
    0x0, 0xa2, 0x0, 0x1f, 0xe3, 0xe7, 0x0, 0xff,
    0xe1, 0x1e, 0x38, 0x7, 0x8, 0x7, 0xd1, 0xce,
    0x40, 0x1f, 0xc9, 0x58, 0x60, 0x1, 0x0, 0xff,
    0xe0, 0xc, 0x6e, 0xaa, 0x1d, 0x9e, 0x6f, 0xed,
    0x40, 0x33, 0x80, 0x4e, 0x1, 0xff, 0x12, 0xbc,
    0x4c, 0x32, 0x0, 0x7c, 0x40, 0x11, 0x0, 0x7f,
    0xf3, 0xbc, 0x2, 0xf0, 0xf, 0xfe, 0x72, 0x0,
    0x4a, 0x1, 0xff, 0xcd, 0x42, 0x0, 0x8c, 0x3,
    0x30, 0x7, 0xff, 0x22, 0x0, 0x26, 0x0, 0xcb,
    0x3a, 0x40, 0x1f, 0xfc, 0x59, 0x30, 0xa, 0xc0,
    0x21, 0xb0, 0x2d, 0x92, 0x0, 0xff, 0xe1, 0x53,
    0x0, 0x4c, 0x40, 0x12, 0x8, 0x4, 0xdb, 0x6a,
    0x20, 0x1f, 0x8a, 0x39, 0x40, 0x22, 0x90, 0xc,
    0xb4, 0x1, 0xc9, 0x5d, 0xcb, 0x99, 0xaa, 0xfb,
    0x5c, 0x40, 0x22, 0xc0, 0xf, 0x2f, 0x28, 0x7,
    0x85, 0x19, 0xa5, 0x41, 0x0, 0xe6, 0xd1, 0x0,
    0xf8, 0x6b, 0x5c, 0x80, 0x3f, 0xf8, 0x4b, 0x92,
    0x1, 0xff, 0x14, 0x6e, 0xa5, 0x90, 0x80, 0x21,
    0x23, 0x7a, 0xea, 0x30, 0xf, 0x0,

    /* U+0068 "h" */
    0x7f, 0xfa, 0x0, 0x3f, 0xff, 0xe0, 0x1f, 0xff,
    0xf0, 0xf, 0xff, 0xf8, 0x7, 0xff, 0xfc, 0x3,
    0xff, 0xba, 0x6f, 0x7b, 0xfe, 0xed, 0xb7, 0x20,
    0xf, 0xfe, 0x1a, 0x66, 0x21, 0x8, 0x0, 0x24,
    0x91, 0xb4, 0x40, 0x1f, 0xfc, 0xa, 0xb3, 0x0,
    0xff, 0x97, 0x58, 0x3, 0xf8, 0x75, 0x40, 0x31,
    0x22, 0xa8, 0xc0, 0x3d, 0x30, 0x1, 0xfb, 0x48,
    0x0, 0x53, 0xdb, 0x75, 0x4c, 0xfc, 0x40, 0xc,
    0xea, 0x1, 0xe6, 0x30, 0x4, 0x6b, 0x8, 0x7,
    0x8e, 0xe8, 0x3, 0x50, 0x80, 0x70, 0x80, 0x29,
    0xc0, 0x3f, 0xe5, 0xb0, 0xc, 0xc0, 0x1f, 0x42,
    0x80, 0x7f, 0xf0, 0x51, 0x80, 0x29, 0x0, 0xf1,
    0x38, 0x7, 0xff, 0xe, 0xc0, 0x21, 0x20, 0xe,
    0xb0, 0xf, 0xfe, 0x21, 0x18, 0x4, 0xe0, 0x1c,
    0xe0, 0x1f, 0xfc, 0x55, 0x0, 0x88, 0x3, 0x18,
    0x80, 0x7f, 0xf1, 0x78, 0x2, 0xf0, 0xc, 0xc0,
    0x1f, 0xfc, 0x62, 0x0, 0x84, 0x3, 0x18, 0x7,
    0xff, 0x28, 0xc0, 0x30, 0x80, 0x7f, 0xff, 0xc0,
    0x3f, 0xff, 0xe0, 0x1f, 0xff, 0xf0, 0xf, 0xff,
    0xf8, 0x7, 0xff, 0xfc, 0x3, 0xff, 0xf0,

    /* U+0069 "i" */
    0x2, 0xcf, 0xd4, 0x0, 0x61, 0x81, 0x59, 0x20,
    0x80, 0x64, 0x70, 0xe, 0x33, 0x20, 0x4, 0x4a,
    0x17, 0xa, 0xfa, 0x1, 0x3d, 0x40, 0x7, 0xff,
    0x69, 0xff, 0xe8, 0x0, 0xff, 0xff, 0x80, 0x7f,
    0xff, 0xc0, 0x3f, 0xfd, 0x40,

    /* U+006A "j" */
    0x0, 0xff, 0x86, 0xbb, 0x8e, 0x1, 0xff, 0xc0,
    0xb5, 0x11, 0x43, 0x0, 0x7f, 0xca, 0x1, 0xb0,
    0x3, 0xff, 0x88, 0x60, 0x1f, 0xf4, 0x0, 0x6b,
    0x0, 0xff, 0x9e, 0x95, 0xb4, 0x80, 0x3f, 0xf8,
    0xb, 0x52, 0x40, 0x1f, 0xff, 0xf0, 0xf, 0xfe,
    0x51, 0x7f, 0xd8, 0x1, 0xff, 0xff, 0x0, 0xff,
    0xff, 0x80, 0x7f, 0xff, 0xc0, 0x3f, 0xff, 0xe0,
    0x1f, 0xff, 0xf0, 0xf, 0xff, 0xf8, 0x7, 0xff,
    0xfc, 0x3, 0xff, 0x84, 0x20, 0x1f, 0xfc, 0x47,
    0x0, 0x98, 0x3, 0xff, 0x81, 0x80, 0x11, 0x0,
    0x7f, 0xc2, 0xc0, 0x16, 0x0, 0x56, 0x60, 0x1c,
    0x34, 0x20, 0x2, 0x40, 0x2, 0xa6, 0x6c, 0xbb,
    0xab, 0x90, 0x2, 0x80, 0xa, 0x40, 0x4, 0xd1,
    0x5, 0x0, 0xcc, 0xa0, 0x15, 0x80, 0x7f, 0xa2,
    0x40, 0x33, 0xf4, 0x20, 0x80, 0x4, 0xe3, 0x9c,
    0x3, 0x0,

    /* U+006B "k" */
    0x7f, 0xfa, 0x0, 0x3f, 0xff, 0xe0, 0x1f, 0xff,
    0xf0, 0xf, 0xff, 0xf8, 0x7, 0xff, 0xfc, 0x3,
    0xff, 0xe8, 0xdf, 0xfa, 0x0, 0x3f, 0xf9, 0x51,
    0x20, 0x13, 0xc0, 0x7, 0xff, 0x26, 0x5c, 0x2,
    0x88, 0x0, 0x7f, 0xf2, 0x69, 0x80, 0x28, 0x70,
    0xf, 0xfe, 0x4d, 0xa8, 0x5, 0x2e, 0x1, 0xff,
    0xc9, 0xb4, 0x0, 0xa5, 0x80, 0x3f, 0xf9, 0x3,
    0x88, 0x1, 0x4b, 0x0, 0x7f, 0xf2, 0x7, 0xc,
    0x2, 0xa6, 0x0, 0xff, 0xe4, 0x17, 0x90, 0x5,
    0x4a, 0x1, 0xff, 0xc8, 0x3c, 0x10, 0xa, 0x94,
    0x3, 0xff, 0x90, 0x78, 0x20, 0x15, 0x28, 0x7,
    0xff, 0x21, 0x30, 0x3, 0x5a, 0x80, 0x7f, 0xf2,
    0x16, 0xc0, 0x32, 0x20, 0x3, 0xff, 0x90, 0xd4,
    0x1, 0xc8, 0xe0, 0x1f, 0xfc, 0x77, 0x90, 0xf,
    0xa0, 0xc0, 0x3f, 0xf8, 0xb1, 0x0, 0x8, 0xf0,
    0x3, 0x68, 0x80, 0x7f, 0xf0, 0xd9, 0xc0, 0x24,
    0xc3, 0xb0, 0x8, 0x68, 0x3, 0xff, 0x86, 0x20,
    0x12, 0x58, 0x1, 0x1c, 0x2, 0x48, 0x0, 0xff,
    0xe2, 0xad, 0x80, 0x68, 0x40, 0x9, 0xd0, 0x3,
    0xff, 0x86, 0xd4, 0x1, 0xea, 0x20, 0xa, 0xc8,
    0x3, 0xff, 0x82, 0xf2, 0x1, 0xf0, 0xf8, 0x6,
    0xf0, 0xf, 0xfe, 0x3, 0x40, 0x7, 0xf1, 0x50,
    0x4, 0x54, 0x1, 0xff, 0x8, 0x7, 0xfc, 0xac,
    0x1, 0x2b, 0x0, 0x7f, 0xf2, 0xe4, 0xc0, 0x29,
    0x30, 0xf, 0xfe, 0x5e, 0x88, 0x5, 0xc2, 0x1,
    0xff, 0xca, 0x1d, 0x0, 0x8a, 0x80, 0x3f, 0xf9,
    0x67, 0x20, 0x12, 0x38, 0x7, 0xff, 0x2d, 0x94,
    0x2, 0x84, 0x0, 0xff, 0xe5, 0xd1, 0x80, 0x54,
    0x20, 0x1f, 0xfc, 0xbe, 0x10, 0x0, 0xe8, 0x0,

    /* U+006C "l" */
    0x7f, 0xfa, 0x0, 0x3f, 0xff, 0xe0, 0x1f, 0xff,
    0xf0, 0xf, 0xff, 0x58,

    /* U+006D "m" */
    0x7f, 0xf9, 0x40, 0x39, 0x27, 0x3b, 0xfd, 0xd9,
    0x28, 0x1, 0xff, 0xc0, 0x38, 0xbe, 0xff, 0x76,
    0xd2, 0x88, 0x7, 0xff, 0xd, 0xba, 0xd8, 0xc4,
    0x0, 0x26, 0xd7, 0xcc, 0x1, 0xf9, 0xb7, 0x1d,
    0x4, 0x0, 0x24, 0xb5, 0xd0, 0x20, 0x1f, 0xf0,
    0xe4, 0x88, 0x7, 0xf8, 0x67, 0x4, 0x3, 0x16,
    0x49, 0x0, 0x7f, 0xcf, 0x84, 0x1, 0xfc, 0x3e,
    0x60, 0x18, 0xd1, 0x50, 0x80, 0x38, 0xf0, 0x2,
    0x3c, 0x30, 0xc, 0x48, 0xa8, 0x60, 0x1c, 0x5a,
    0x60, 0x1f, 0x1e, 0x8, 0x0, 0xef, 0xf2, 0xea,
    0xf7, 0x9c, 0x3, 0x15, 0x1, 0x60, 0x80, 0x6,
    0x7b, 0x6e, 0xaf, 0x3e, 0x88, 0x3, 0x68, 0x80,
    0x7a, 0xc8, 0x1, 0x58, 0x80, 0x1e, 0x18, 0xd2,
    0x0, 0x95, 0x3c, 0x2, 0x6e, 0x61, 0x0, 0xf2,
    0xea, 0x80, 0x43, 0x0, 0x1e, 0x20, 0x6, 0x28,
    0x7, 0xf8, 0xb0, 0x40, 0x2b, 0x20, 0x3, 0xc8,
    0x7, 0xfd, 0x48, 0x1, 0x30, 0x80, 0x7d, 0x26,
    0x1, 0xff, 0xc0, 0x1b, 0x0, 0xf2, 0x40, 0x7,
    0xff, 0x6, 0x80, 0x33, 0x80, 0x78, 0xd8, 0x3,
    0xff, 0x84, 0xa2, 0x1, 0xd2, 0x1, 0xff, 0xc2,
    0x16, 0x0, 0xb0, 0x3, 0xd2, 0x1, 0xff, 0xc4,
    0x70, 0xc, 0xa4, 0x1, 0xff, 0xc3, 0xd0, 0x9,
    0x0, 0x3c, 0xa0, 0x1f, 0xfc, 0x4c, 0x0, 0xde,
    0x1, 0xff, 0xc4, 0x50, 0x8, 0x40, 0x38, 0xc0,
    0x3f, 0xf8, 0xac, 0x1, 0x9c, 0x3, 0xff, 0x88,
    0x22, 0x0, 0x84, 0x3, 0x30, 0x7, 0xff, 0x14,
    0x40, 0x31, 0x0, 0x7f, 0xf1, 0x4c, 0x2, 0x30,
    0xc, 0x60, 0x1f, 0xfc, 0x53, 0x0, 0x84, 0x3,
    0xff, 0x9e, 0x20, 0x1f, 0xfc, 0x93, 0x0, 0xff,
    0xff, 0x80, 0x7f, 0xff, 0xc0, 0x3f, 0xff, 0xe0,
    0x1f, 0xff, 0xf0, 0xf, 0xff, 0xf8, 0x7, 0xff,
    0xfc, 0x3, 0xff, 0xfe, 0x1, 0xff, 0xff, 0x0,
    0xff, 0xff, 0x80, 0x7f, 0xff, 0xc0, 0x3f, 0xf9,
    0x60,

    /* U+006E "n" */
    0x7f, 0xf9, 0x40, 0x38, 0xde, 0xf7, 0xfd, 0xdb,
    0x6e, 0x40, 0x1f, 0xfc, 0x35, 0xcc, 0x42, 0x10,
    0x0, 0x49, 0x23, 0x68, 0x80, 0x3f, 0xf8, 0x15,
    0x43, 0x0, 0xff, 0x97, 0x58, 0x3, 0xf8, 0x75,
    0x40, 0x31, 0x22, 0xa8, 0xc0, 0x3d, 0x30, 0x1,
    0xf1, 0xe9, 0x0, 0xa, 0x7b, 0x6e, 0xa9, 0x9f,
    0x88, 0x1, 0x9d, 0x40, 0x3d, 0x66, 0x0, 0x8d,
    0x61, 0x0, 0xf1, 0xdd, 0x0, 0x6a, 0x10, 0xe,
    0x20, 0x5, 0x38, 0x7, 0xfc, 0xb6, 0x1, 0x98,
    0x3, 0xe8, 0x50, 0xf, 0xfe, 0xa, 0x30, 0x5,
    0x20, 0x1e, 0x27, 0x0, 0xff, 0xe1, 0xd8, 0x4,
    0x24, 0x1, 0xd6, 0x1, 0xff, 0xc4, 0x23, 0x0,
    0x9c, 0x3, 0x9c, 0x3, 0xff, 0x8a, 0xa0, 0x11,
    0x0, 0x63, 0x10, 0xf, 0xfe, 0x2f, 0x0, 0x5e,
    0x1, 0x98, 0x3, 0xff, 0x8c, 0x40, 0x10, 0x80,
    0x63, 0x0, 0xff, 0xe5, 0x18, 0x6, 0x10, 0xf,
    0xff, 0xf8, 0x7, 0xff, 0xfc, 0x3, 0xff, 0xfe,
    0x1, 0xff, 0xff, 0x0, 0xff, 0xff, 0x80, 0x7f,
    0xfe, 0x0,

    /* U+006F "o" */
    0x0, 0xff, 0x1c, 0x5e, 0xf7, 0xfb, 0xae, 0xc,
    0x3, 0xff, 0x8c, 0xdb, 0x8e, 0x84, 0x20, 0x1,
    0x47, 0xce, 0x70, 0xf, 0xfe, 0x11, 0xec, 0x90,
    0x7, 0xfc, 0x31, 0xa8, 0x1, 0xff, 0x2e, 0x10,
    0x6, 0x14, 0x67, 0x65, 0x10, 0xc, 0x56, 0xe0,
    0x1f, 0xcd, 0x40, 0x19, 0x2f, 0xae, 0x62, 0x6b,
    0xb1, 0x40, 0x34, 0x40, 0x3, 0xe4, 0x90, 0x8,
    0x6e, 0xc8, 0x1, 0xf1, 0xd6, 0x10, 0x4, 0xec,
    0x1, 0xc3, 0x40, 0x11, 0x7a, 0x0, 0x7f, 0xc7,
    0x86, 0x1, 0x49, 0x0, 0x68, 0x10, 0x0, 0xf8,
    0x80, 0x7f, 0xf0, 0x47, 0x48, 0x2, 0x90, 0x8,
    0x58, 0x2, 0xb2, 0x0, 0xff, 0xe1, 0x8c, 0x80,
    0x48, 0x60, 0x6, 0x0, 0x8d, 0x40, 0x3f, 0xf8,
    0xa8, 0x80, 0xa, 0x80, 0x14, 0x1, 0x48, 0x7,
    0xff, 0x1f, 0xc0, 0x27, 0x0, 0x10, 0x4, 0x80,
    0x1f, 0xfc, 0x74, 0x10, 0x0, 0x91, 0x80, 0x44,
    0x20, 0x1f, 0xfc, 0x85, 0x0, 0x9d, 0x80, 0x26,
    0x0, 0xff, 0xe4, 0x90, 0x4, 0x46, 0x1, 0x8,
    0x7, 0xff, 0x24, 0x40, 0x2f, 0x0, 0xff, 0xe9,
    0x79, 0x80, 0x42, 0x1, 0xff, 0xc9, 0x10, 0xc,
    0xc0, 0x13, 0x0, 0x7f, 0xf2, 0x48, 0x2, 0x23,
    0x0, 0x88, 0x40, 0x3f, 0xf9, 0x8, 0x1, 0x38,
    0x18, 0x4, 0xe0, 0x1f, 0xfc, 0x74, 0x0, 0x84,
    0x82, 0xc0, 0x2a, 0x0, 0xff, 0xe3, 0xf8, 0x4,
    0xe0, 0x6, 0x0, 0x8d, 0x40, 0x3f, 0xf8, 0xa8,
    0x80, 0xa, 0xc0, 0x2, 0xc0, 0x15, 0x90, 0x7,
    0xff, 0xc, 0x68, 0x2, 0x52, 0x0, 0xa0, 0x40,
    0x3, 0xe2, 0x1, 0xff, 0xc1, 0x1d, 0x10, 0xa,
    0xc0, 0x30, 0xd0, 0x4, 0x5e, 0x80, 0x1f, 0xf1,
    0xe1, 0x80, 0x54, 0x20, 0x1c, 0x92, 0x1, 0xd,
    0xd9, 0x0, 0x3e, 0x3a, 0xc2, 0x0, 0xa1, 0x40,
    0x3e, 0x6a, 0x0, 0xc9, 0x7f, 0x93, 0x35, 0xf6,
    0x28, 0x6, 0x97, 0x0, 0xfe, 0x5d, 0x30, 0xe,
    0x36, 0x69, 0x4, 0x3, 0x16, 0x30, 0x7, 0xfc,
    0x59, 0x44, 0x1, 0xff, 0xc, 0xe9, 0x80, 0x7f,
    0xf0, 0x97, 0x72, 0x10, 0x80, 0x21, 0x47, 0xce,
    0x60, 0xf, 0xc0,

    /* U+0070 "p" */
    0x7f, 0xf9, 0x40, 0x38, 0x5a, 0xb7, 0xbf, 0xdd,
    0x70, 0x80, 0x1f, 0xfc, 0x61, 0x9e, 0x95, 0x21,
    0x0, 0xa, 0x3d, 0xf3, 0x80, 0x7f, 0xf0, 0xdb,
    0x98, 0x3, 0xfe, 0x18, 0xe4, 0x0, 0xff, 0xe0,
    0x44, 0x80, 0x61, 0x56, 0x76, 0x41, 0x0, 0xc3,
    0x6e, 0x1, 0xfe, 0x77, 0x0, 0x4b, 0x9d, 0x53,
    0x13, 0x7d, 0x68, 0x1, 0xa2, 0x0, 0x1f, 0xb2,
    0x0, 0x5, 0x94, 0x60, 0x1f, 0x25, 0xd8, 0x40,
    0x27, 0x50, 0xf, 0x98, 0x0, 0x7a, 0x60, 0x1f,
    0xf2, 0x61, 0x0, 0x54, 0x20, 0x1f, 0x8b, 0x40,
    0x3f, 0xf8, 0x45, 0xe2, 0x1, 0x58, 0x7, 0xee,
    0x10, 0xf, 0xfe, 0x19, 0x58, 0x4, 0xa4, 0x1,
    0xe5, 0x30, 0xf, 0xfe, 0x2a, 0x98, 0x4, 0xa0,
    0x1e, 0x90, 0xf, 0xfe, 0x3c, 0x80, 0x54, 0x1,
    0xc2, 0x60, 0x1f, 0xfc, 0x75, 0x0, 0x88, 0x3,
    0x94, 0x3, 0xff, 0x92, 0x40, 0x11, 0x80, 0x63,
    0x0, 0xff, 0xe4, 0xb8, 0x4, 0xe0, 0x1b, 0xc0,
    0x3f, 0xf9, 0x26, 0x1, 0x8, 0x7, 0xff, 0x5f,
    0xc0, 0x3f, 0xf9, 0x26, 0x1, 0x8, 0x6, 0x30,
    0xf, 0xfe, 0x4b, 0x80, 0x4e, 0x1, 0x94, 0x3,
    0xff, 0x92, 0x40, 0x11, 0x80, 0x61, 0x30, 0xf,
    0xfe, 0x3a, 0x80, 0x46, 0x1, 0xe9, 0x0, 0xff,
    0xe3, 0xc8, 0x5, 0x60, 0x1e, 0x53, 0x0, 0xff,
    0xe2, 0xa9, 0x80, 0x4a, 0x1, 0xf7, 0x0, 0x7f,
    0xf1, 0xa, 0xc0, 0x25, 0x20, 0xf, 0x8b, 0x0,
    0x3f, 0xf8, 0x45, 0xe2, 0x1, 0x58, 0x7, 0x90,
    0x0, 0x7a, 0x60, 0x1f, 0xf2, 0x61, 0x0, 0x54,
    0x20, 0x1e, 0x39, 0x0, 0x16, 0x51, 0x80, 0x7c,
    0x97, 0x61, 0x0, 0xa1, 0x40, 0x3f, 0x34, 0x0,
    0x4b, 0x9d, 0x73, 0x35, 0xfd, 0xa0, 0x6, 0x87,
    0x0, 0xff, 0x3d, 0x8, 0x4, 0x28, 0xcd, 0x20,
    0x7, 0xd, 0xb8, 0x7, 0xff, 0x1, 0x7d, 0x80,
    0x3f, 0xe1, 0x8e, 0x40, 0xf, 0xfe, 0x10, 0xcf,
    0x52, 0x90, 0x4, 0x28, 0xf7, 0xce, 0x1, 0xff,
    0xc6, 0x15, 0xad, 0xff, 0xba, 0xe1, 0x0, 0x3f,
    0xff, 0xe0, 0x1f, 0xff, 0xf0, 0xf, 0xff, 0xf8,
    0x7, 0xff, 0xfc, 0x3, 0xff, 0x90,

    /* U+0071 "q" */
    0x0, 0xff, 0x24, 0x5f, 0x7f, 0xbb, 0x69, 0x44,
    0x3, 0x9b, 0xfe, 0x60, 0xf, 0xcf, 0xd6, 0xe8,
    0x20, 0x1, 0x25, 0xae, 0x91, 0x0, 0xff, 0xe1,
    0x27, 0x40, 0x80, 0x7f, 0xcd, 0xcc, 0x1, 0xff,
    0xc0, 0x7b, 0x10, 0xc, 0x28, 0xce, 0xc8, 0x20,
    0x1a, 0x60, 0x3, 0xfd, 0x10, 0x0, 0xc9, 0x7d,
    0x73, 0x13, 0x7d, 0x8a, 0x1, 0x3b, 0x80, 0x3f,
    0x33, 0x80, 0x43, 0x76, 0x40, 0xf, 0x8e, 0xb0,
    0x80, 0x11, 0xe0, 0x1e, 0x19, 0x0, 0x8b, 0xd0,
    0x3, 0xfe, 0x3c, 0x30, 0x3, 0x0, 0x7a, 0xc0,
    0x21, 0xf1, 0x0, 0xff, 0xe0, 0x8e, 0x88, 0x7,
    0xc4, 0xa0, 0x15, 0x90, 0x7, 0xff, 0xc, 0x68,
    0x3, 0xea, 0x0, 0x8d, 0x40, 0x3f, 0xf8, 0xa8,
    0x80, 0xf, 0x28, 0x5, 0x20, 0x1f, 0xfc, 0x7f,
    0x0, 0xe1, 0x20, 0x9, 0x0, 0x3f, 0xf8, 0xe8,
    0x20, 0x18, 0x80, 0x22, 0x10, 0xf, 0xfe, 0x42,
    0x80, 0x66, 0x0, 0x98, 0x3, 0xff, 0x92, 0x40,
    0x18, 0xc0, 0x21, 0x0, 0xff, 0xe4, 0x88, 0x7,
    0xff, 0x5c, 0xc0, 0x21, 0x0, 0xff, 0xe4, 0x88,
    0x6, 0x60, 0x9, 0x80, 0x3f, 0xf9, 0x24, 0x1,
    0x88, 0x2, 0x21, 0x0, 0xff, 0xe4, 0x28, 0x6,
    0x12, 0x0, 0x90, 0x3, 0xff, 0x8e, 0x82, 0x1,
    0xca, 0x1, 0x48, 0x7, 0xff, 0x1f, 0xc0, 0x3d,
    0x40, 0x11, 0xa8, 0x7, 0xff, 0x15, 0x10, 0x1,
    0xe2, 0x50, 0xa, 0xc8, 0x3, 0xff, 0x86, 0x32,
    0x1, 0xfa, 0xc0, 0x21, 0xf1, 0x0, 0xff, 0xe0,
    0x8e, 0x90, 0x7, 0xe1, 0xa0, 0x8, 0xbd, 0x0,
    0x3f, 0xe3, 0xc3, 0x0, 0x20, 0x7, 0xca, 0xe0,
    0x10, 0xdd, 0x90, 0x3, 0xe3, 0xac, 0x20, 0x4,
    0x98, 0x7, 0xe8, 0x80, 0x6, 0x4b, 0xfc, 0x99,
    0xaf, 0xb1, 0x40, 0x28, 0x60, 0xf, 0xf3, 0xd8,
    0x80, 0x71, 0xb3, 0x48, 0x20, 0x10, 0xd3, 0x80,
    0x7f, 0xf0, 0x13, 0xa0, 0x40, 0x3f, 0xe6, 0xf5,
    0x0, 0xff, 0xe1, 0xbf, 0x5b, 0x98, 0x80, 0x4,
    0x96, 0xba, 0x44, 0x3, 0xff, 0x8c, 0x91, 0x9d,
    0xfe, 0xed, 0xa5, 0x10, 0xf, 0xff, 0xf8, 0x7,
    0xff, 0xfc, 0x3, 0xff, 0xfe, 0x1, 0xff, 0xff,
    0x0, 0xff, 0xe4, 0x0,

    /* U+0072 "r" */
    0x7f, 0xf9, 0x40, 0x39, 0x27, 0x3b, 0xd8, 0x3,
    0xf3, 0xf5, 0xb1, 0x88, 0x7, 0xe1, 0xc8, 0x10,
    0xf, 0xf8, 0x70, 0xc0, 0x3c, 0x26, 0x1, 0xd4,
    0x40, 0x1, 0x7c, 0xff, 0x72, 0x80, 0x6e, 0x40,
    0x3, 0x74, 0x18, 0x7, 0xe4, 0x0, 0x4c, 0x80,
    0x3f, 0xf8, 0x2c, 0xc0, 0xf, 0xfe, 0x8, 0xc8,
    0x7, 0xff, 0xa, 0x40, 0x3f, 0xf8, 0x6c, 0x1,
    0xff, 0xc2, 0x21, 0x0, 0xff, 0xe1, 0x38, 0x7,
    0xff, 0xc, 0xc0, 0x3f, 0xf8, 0x62, 0x1, 0xff,
    0xff, 0x0, 0xff, 0xff, 0x80, 0x7f, 0xff, 0xc0,
    0x3f, 0xf9, 0xc0,

    /* U+0073 "s" */
    0x0, 0xf8, 0x9e, 0xb7, 0xbf, 0xdd, 0xb7, 0x8,
    0x20, 0x1f, 0xe3, 0xcd, 0x85, 0x21, 0x0, 0x9,
    0x23, 0xdf, 0x5a, 0x80, 0x7d, 0x18, 0x60, 0x1f,
    0xfc, 0x14, 0xad, 0x30, 0xd, 0x2e, 0x1, 0x85,
    0x5e, 0x20, 0xea, 0x40, 0x1c, 0x40, 0x19, 0x58,
    0x2, 0x3c, 0xea, 0x87, 0x74, 0x56, 0xfd, 0x20,
    0x1, 0x4c, 0x2, 0x80, 0x9, 0x70, 0xc0, 0x3f,
    0x96, 0xf1, 0x20, 0x2, 0x32, 0x0, 0xd, 0x0,
    0x7f, 0xf0, 0x4e, 0xc8, 0x2, 0x50, 0x9, 0xc0,
    0x3f, 0xf9, 0x2, 0x1, 0x8, 0x7, 0xff, 0x20,
    0x40, 0x22, 0x0, 0xff, 0xe4, 0x10, 0x4, 0xa4,
    0x1, 0xff, 0xc7, 0x41, 0x0, 0xb1, 0x40, 0x3f,
    0xf8, 0xf0, 0x1, 0xd, 0x6b, 0x98, 0x7, 0xff,
    0x11, 0xa0, 0x3, 0x14, 0x67, 0xe4, 0xa9, 0x0,
    0x7f, 0xf0, 0x1e, 0xc4, 0x3, 0xc6, 0xd5, 0xbf,
    0x8e, 0x40, 0x1f, 0xc9, 0xd4, 0x80, 0x1f, 0xc7,
    0x1b, 0x64, 0x1, 0xfc, 0xb7, 0xf9, 0x2c, 0x40,
    0x1f, 0x26, 0xb0, 0x7, 0xfc, 0x6d, 0x3b, 0xf9,
    0x2a, 0x1, 0xd2, 0xa0, 0x1f, 0xfc, 0x33, 0x6a,
    0xf9, 0x0, 0xd6, 0x1, 0xff, 0xc7, 0x6d, 0x0,
    0x85, 0x40, 0x3f, 0xf8, 0xe4, 0xc0, 0x16, 0x80,
    0x7f, 0xf2, 0x3c, 0x2, 0x10, 0xf, 0xfe, 0x40,
    0x80, 0x5c, 0x0, 0x80, 0xf, 0xfe, 0x2d, 0x80,
    0x44, 0xe, 0xee, 0x60, 0xf, 0xfe, 0x14, 0x18,
    0x4, 0xa3, 0x0, 0x33, 0xd0, 0x80, 0x1f, 0xc7,
    0x4e, 0x1, 0x40, 0x28, 0x6, 0x17, 0xbf, 0xca,
    0x98, 0x84, 0xdf, 0x62, 0x80, 0x48, 0xe0, 0x9a,
    0xa0, 0x1e, 0x35, 0x67, 0x73, 0x20, 0x80, 0x66,
    0xb0, 0x8, 0xab, 0x58, 0x40, 0x3f, 0xf8, 0x29,
    0x92, 0x1, 0xe2, 0x9e, 0xc8, 0x53, 0x10, 0x8,
    0x4d, 0xa7, 0xac, 0xc0, 0x30,

    /* U+0074 "t" */
    0x0, 0xf3, 0x44, 0x42, 0x1, 0xff, 0xc5, 0xa7,
    0x78, 0x80, 0x3f, 0xff, 0xe0, 0x1f, 0xfe, 0x3f,
    0xfe, 0x30, 0xb, 0x3f, 0xff, 0x10, 0x7, 0xff,
    0x8e, 0x67, 0x88, 0x2, 0x79, 0x9f, 0xc4, 0x1,
    0x33, 0x70, 0x80, 0x56, 0xcd, 0xf8, 0x3, 0xff,
    0xfe, 0x1, 0xff, 0xff, 0x0, 0xff, 0xff, 0x80,
    0x7f, 0xff, 0xc0, 0x3f, 0xff, 0xe0, 0x1f, 0x9c,
    0x2, 0x70, 0xf, 0xfe, 0x29, 0x0, 0x58, 0x1,
    0xff, 0xc5, 0xc0, 0x9, 0x84, 0x3, 0xff, 0x88,
    0xa2, 0x0, 0x1d, 0x10, 0xe, 0x3b, 0x0, 0xfe,
    0x90, 0x8, 0xfa, 0xa1, 0xe3, 0x30, 0x8c, 0x1,
    0xf9, 0xd0, 0x3, 0x2b, 0xc3, 0x98, 0x2, 0xc0,
    0x3f, 0xad, 0xc0, 0x3f, 0x86, 0x40, 0x3f, 0xd1,
    0xae, 0x62, 0x0, 0x25, 0x9e, 0x40,

    /* U+0075 "u" */
    0xbf, 0xf8, 0xc0, 0x3f, 0xf8, 0xdd, 0xff, 0x8,
    0x7, 0xff, 0xfc, 0x3, 0xff, 0xfe, 0x1, 0xff,
    0xff, 0x0, 0xff, 0xff, 0x80, 0x7f, 0xff, 0xc0,
    0x3f, 0xff, 0x2, 0x1, 0xf9, 0xc0, 0x3f, 0xf9,
    0x62, 0x1, 0x8, 0x7, 0xff, 0x14, 0x80, 0x38,
    0xc0, 0x22, 0x0, 0xff, 0xe2, 0xa0, 0x7, 0x70,
    0x5, 0x80, 0x1f, 0xfc, 0x5d, 0x0, 0xe4, 0x0,
    0x90, 0x40, 0x3f, 0xf8, 0x66, 0x80, 0x1c, 0x60,
    0x1a, 0x40, 0x3f, 0xf8, 0x7e, 0x1, 0xf3, 0x0,
    0x4e, 0x60, 0x1f, 0xfc, 0x19, 0x30, 0xf, 0xa0,
    0x3, 0x6a, 0x0, 0x7f, 0xd4, 0xc0, 0x2, 0x0,
    0xe1, 0x80, 0x8, 0x6e, 0x8c, 0x3, 0xc4, 0xfc,
    0xa0, 0x8, 0x60, 0xf, 0x3b, 0x0, 0x65, 0xce,
    0xba, 0xa5, 0xee, 0xa0, 0x40, 0xc, 0xe0, 0x1f,
    0xa6, 0x0, 0x38, 0x51, 0x54, 0x84, 0x1, 0xa2,
    0x40, 0x3f, 0xcf, 0x88, 0x1, 0xff, 0x26, 0x38,
    0x7, 0xff, 0x0, 0xef, 0x65, 0x48, 0x40, 0x2,
    0x91, 0xb6, 0x60, 0x1f, 0x80,

    /* U+0076 "v" */
    0xbf, 0xf9, 0x80, 0x3f, 0xf9, 0x3b, 0xff, 0xf,
    0x80, 0x56, 0x1, 0xff, 0xc8, 0x42, 0x0, 0x28,
    0xa1, 0x0, 0x9, 0x0, 0x3f, 0xf8, 0xfe, 0x1,
    0x48, 0x2, 0xc0, 0x2f, 0x0, 0xff, 0xe3, 0x12,
    0x0, 0xc, 0xc0, 0x6, 0x10, 0x2, 0x10, 0x7,
    0xff, 0x16, 0xc0, 0x29, 0x0, 0xcc, 0x1, 0x58,
    0x7, 0xff, 0x10, 0x58, 0x0, 0x2a, 0x1, 0xa8,
    0x2, 0x60, 0xf, 0xfe, 0x23, 0x0, 0x52, 0x1,
    0xc4, 0xa0, 0x13, 0x80, 0x7f, 0xf0, 0xe4, 0x2,
    0x60, 0xf, 0x48, 0x5, 0x40, 0x1f, 0xfc, 0x25,
    0x10, 0x3, 0x8, 0x7, 0x8c, 0xc0, 0x2, 0x40,
    0xf, 0xfe, 0xc, 0x80, 0x56, 0x1, 0xfa, 0x40,
    0x2f, 0x0, 0xff, 0xe0, 0x19, 0x80, 0x8, 0x40,
    0x1f, 0x94, 0x40, 0x8, 0x40, 0x1f, 0xf4, 0x80,
    0x5e, 0x1, 0xfe, 0x60, 0xa, 0xc0, 0x3f, 0xc2,
    0xa0, 0x2, 0x40, 0xf, 0xf4, 0x80, 0x4c, 0x20,
    0x1f, 0xd2, 0x1, 0x58, 0x7, 0xfc, 0x2a, 0x1,
    0x30, 0x7, 0xf3, 0x0, 0x5, 0x80, 0x3f, 0xf8,
    0x12, 0x1, 0x48, 0x7, 0xe6, 0x10, 0x3, 0x0,
    0x7f, 0xf0, 0x4c, 0xc0, 0x1, 0x50, 0xf, 0xac,
    0x2, 0x90, 0xf, 0xfe, 0x14, 0x80, 0x52, 0x1,
    0xe4, 0x20, 0x2, 0x88, 0x7, 0xff, 0x9, 0x44,
    0x0, 0x66, 0x0, 0xef, 0x0, 0xa4, 0x3, 0xff,
    0x89, 0x20, 0x15, 0x0, 0x62, 0x40, 0x1, 0x98,
    0x3, 0xff, 0x88, 0xc0, 0x13, 0x8, 0x5, 0x60,
    0x14, 0x80, 0x7f, 0xf1, 0x45, 0x80, 0x26, 0x0,
    0x98, 0x0, 0x2a, 0x1, 0xff, 0xc6, 0xb0, 0xa,
    0x40, 0xe, 0x1, 0x48, 0x7, 0xff, 0x1c, 0x90,
    0x0, 0x2a, 0x14, 0x1, 0x30, 0x7, 0xff, 0x23,
    0xc0, 0x29, 0x42, 0x0, 0x30, 0x80, 0x7f, 0xf2,
    0x10, 0x80, 0x7, 0x20, 0x15, 0x80, 0x7f, 0xf2,
    0xac, 0x2, 0x20, 0x2, 0x10, 0x7, 0xff, 0x29,
    0x84, 0x3, 0xbc, 0x3, 0xff, 0x98, 0xc0, 0x18,
    0x90, 0x3, 0xff, 0x99, 0x20, 0x1a, 0xc0, 0x3f,
    0xf8, 0x20,

    /* U+0077 "w" */
    0x5f, 0xf9, 0x80, 0x3f, 0xf8, 0xa7, 0xff, 0x40,
    0x7, 0xff, 0x14, 0x7f, 0xe9, 0x50, 0xa, 0x80,
    0x3f, 0xf8, 0xb4, 0x1, 0x30, 0x7, 0xff, 0x15,
    0xc0, 0x2a, 0x5, 0x0, 0x19, 0x0, 0x7f, 0xf1,
    0x18, 0x2, 0x14, 0x0, 0xff, 0xe2, 0x50, 0x0,
    0x8c, 0x38, 0x2, 0xa0, 0xf, 0xfe, 0x1a, 0x80,
    0x77, 0x0, 0x7f, 0xf0, 0xc8, 0xc0, 0x14, 0x0,
    0x41, 0x0, 0x28, 0x7, 0xff, 0xf, 0x80, 0x39,
    0x44, 0x3, 0xff, 0x85, 0x40, 0x13, 0x0, 0x4c,
    0x0, 0x23, 0x0, 0xff, 0xe0, 0x8a, 0x0, 0x4,
    0x2, 0x70, 0xf, 0xfe, 0x13, 0x0, 0x10, 0x40,
    0x2a, 0x0, 0xa8, 0x3, 0xff, 0x82, 0xc0, 0x15,
    0x0, 0x54, 0x1, 0xff, 0xc1, 0x41, 0x0, 0x70,
    0x6, 0x23, 0x0, 0x38, 0x7, 0xff, 0x6, 0x80,
    0x4, 0x8c, 0x0, 0x32, 0x0, 0xff, 0xe0, 0x68,
    0x4, 0xa0, 0x1d, 0x40, 0x1, 0x50, 0xf, 0xf8,
    0xc8, 0x1, 0x41, 0x40, 0x15, 0x0, 0x7f, 0xf0,
    0x18, 0x0, 0xc0, 0x1e, 0x70, 0xb, 0xc0, 0x3f,
    0xea, 0x0, 0x98, 0xc, 0x80, 0xc, 0x1, 0xff,
    0x28, 0x5, 0x40, 0x1e, 0x15, 0x0, 0x28, 0x80,
    0x7f, 0x98, 0x0, 0x82, 0x0, 0xa0, 0x0, 0xa0,
    0x7, 0xfb, 0x80, 0x4, 0x60, 0x1f, 0x70, 0x4,
    0xe0, 0x1f, 0xca, 0x1, 0x70, 0x4, 0xc0, 0x17,
    0x0, 0x7f, 0xa, 0x0, 0x14, 0x3, 0xf2, 0x8,
    0x2, 0x80, 0x3f, 0xb8, 0x0, 0x2a, 0x1, 0xa,
    0x0, 0x14, 0x3, 0xf9, 0x80, 0x2a, 0x0, 0xfe,
    0x70, 0x1, 0x90, 0x7, 0xc2, 0x80, 0x7, 0x0,
    0xee, 0x0, 0x94, 0x3, 0xf5, 0x0, 0xc, 0x80,
    0x3f, 0xa8, 0x2, 0x50, 0xf, 0x98, 0x2, 0xa0,
    0xe, 0x51, 0x0, 0x70, 0x7, 0xc6, 0x40, 0xa,
    0x0, 0xff, 0x19, 0x0, 0x28, 0x3, 0xea, 0x0,
    0x11, 0x80, 0x79, 0xc0, 0x8, 0x20, 0x1e, 0xa0,
    0x9, 0x80, 0x3f, 0xea, 0x0, 0x11, 0x80, 0x71,
    0x90, 0x2, 0xc0, 0x3e, 0xa0, 0x9, 0x80, 0x3c,
    0xe0, 0x5, 0x0, 0xff, 0xe0, 0x30, 0x5, 0x40,
    0x1d, 0x40, 0x13, 0x80, 0x7c, 0x64, 0x0, 0xa0,
    0xe, 0x41, 0x0, 0x70, 0x7, 0xff, 0x0, 0x50,
    0x0, 0xe0, 0x1c, 0xe0, 0x5, 0x10, 0xf, 0xd4,
    0x0, 0x23, 0x0, 0xdc, 0x0, 0x14, 0x0, 0xff,
    0xe0, 0xf0, 0x0, 0x50, 0x2, 0x51, 0x0, 0x70,
    0x7, 0xf3, 0x0, 0x54, 0x1, 0xa, 0x80, 0x18,
    0x3, 0xff, 0x84, 0xa0, 0x17, 0x0, 0x5c, 0x0,
    0x14, 0x0, 0xfe, 0x14, 0x0, 0x38, 0x4, 0xe0,
    0x15, 0x0, 0x7f, 0xf0, 0xd8, 0x0, 0xa0, 0x1,
    0x40, 0x3, 0x0, 0x7f, 0xdc, 0x0, 0x15, 0x0,
    0x50, 0x0, 0xc8, 0x3, 0xff, 0x87, 0x40, 0x13,
    0x3, 0x0, 0x54, 0x1, 0xff, 0x28, 0x80, 0x38,
    0x8, 0xc0, 0x14, 0x1, 0xff, 0xc4, 0x32, 0x0,
    0x68, 0x50, 0x0, 0xc8, 0x3, 0xff, 0x80, 0xe0,
    0x4, 0x1a, 0x0, 0x9c, 0x3, 0xff, 0x8a, 0xa0,
    0x4, 0x52, 0x0, 0x50, 0x7, 0xff, 0x6, 0x80,
    0x27, 0x50, 0x2, 0x88, 0x7, 0xff, 0x16, 0x80,
    0x2b, 0x0, 0x98, 0x3, 0xff, 0x82, 0x64, 0x0,
    0x82, 0x0, 0x70, 0x7, 0xff, 0x18, 0x8c, 0x0,
    0x20, 0x6, 0x0, 0xff, 0xe1, 0xd0, 0x0, 0x40,
    0x2, 0x80, 0x1f, 0xfc, 0x7a, 0x0, 0xea, 0x0,
    0xff, 0xe1, 0xb0, 0x7, 0x30, 0x7, 0xff, 0x21,
    0x80, 0x31, 0x18, 0x7, 0xff, 0xc, 0x50, 0x3,
    0x50, 0x7, 0xff, 0x25, 0x40, 0x2a, 0x0, 0xff,
    0xe2, 0xf0, 0x4, 0x64, 0x1, 0xfe,

    /* U+0078 "x" */
    0x1e, 0xff, 0x9c, 0x3, 0xff, 0x89, 0x3f, 0xf6,
    0x0, 0xd0, 0x5, 0x8, 0x1, 0xff, 0xc2, 0x56,
    0x0, 0xe, 0x80, 0x12, 0x0, 0x2a, 0x10, 0xf,
    0xfe, 0x1, 0x50, 0x5, 0x42, 0x1, 0x3a, 0x0,
    0x6, 0x80, 0x3f, 0xf8, 0x1c, 0x1, 0x3a, 0x0,
    0x75, 0x8, 0x1, 0x1c, 0x3, 0xfd, 0x26, 0x0,
    0x48, 0x0, 0xf0, 0xe8, 0x5, 0x8, 0x1, 0xf9,
    0x58, 0x0, 0x34, 0x1, 0xf8, 0xe4, 0x2, 0xa1,
    0x0, 0xf1, 0x50, 0x5, 0xa2, 0x1, 0xfc, 0xca,
    0x0, 0x1a, 0x0, 0xf7, 0x80, 0x50, 0x60, 0x1f,
    0xf5, 0x10, 0x1, 0x20, 0x3, 0x49, 0x0, 0x11,
    0xc0, 0x3f, 0xf8, 0x3c, 0x1, 0x3a, 0x0, 0x15,
    0x80, 0x3, 0x40, 0x1f, 0xfc, 0x23, 0x90, 0xa,
    0x84, 0xa8, 0x2, 0xd1, 0x0, 0xff, 0xe1, 0xb2,
    0x80, 0x7, 0x7c, 0x2, 0x93, 0x0, 0xff, 0xe2,
    0xd1, 0x0, 0xc, 0x80, 0xa, 0xc0, 0x1f, 0xfc,
    0x7f, 0x0, 0xe2, 0xa0, 0xf, 0xfe, 0x41, 0x40,
    0x6, 0x90, 0xf, 0xfe, 0x48, 0xc8, 0x6, 0x80,
    0xf, 0xfe, 0x4d, 0x8, 0x6, 0x38, 0x0, 0xff,
    0xe3, 0xba, 0x0, 0x4, 0x40, 0x7, 0x40, 0xf,
    0xfe, 0x2a, 0x40, 0x5, 0xb6, 0x1, 0x51, 0x0,
    0x7f, 0xf0, 0xc6, 0x80, 0x28, 0x35, 0x60, 0x0,
    0xf0, 0x7, 0xff, 0xe, 0x84, 0x0, 0x8e, 0x0,
    0x93, 0x0, 0x1c, 0x80, 0x7f, 0xf0, 0x61, 0x0,
    0x3, 0x40, 0x1b, 0x84, 0x0, 0xca, 0x1, 0xff,
    0x23, 0x80, 0x5a, 0x20, 0x18, 0xac, 0x2, 0xa2,
    0x0, 0xfe, 0x1a, 0x0, 0xa0, 0xc0, 0x3c, 0xac,
    0x1, 0x78, 0x7, 0xf6, 0x88, 0x1, 0x5c, 0x3,
    0xf4, 0x98, 0x0, 0xa8, 0x3, 0xe8, 0x30, 0x1,
    0x58, 0x7, 0xfb, 0x80, 0x25, 0x60, 0xe, 0x47,
    0x0, 0xb8, 0x40, 0x3f, 0xc5, 0x40, 0x14, 0x98,
    0x4, 0x34, 0x1, 0x49, 0x80, 0x7f, 0xf0, 0x15,
    0x80, 0x2e, 0x10, 0x6, 0x88, 0x1, 0x58, 0x3,
    0xff, 0x85, 0x26, 0x0, 0x2a, 0x8, 0x30, 0x1,
    0x50, 0x7, 0xff, 0x13, 0x80, 0x24, 0x70,

    /* U+0079 "y" */
    0x0, 0x5f, 0xfc, 0xc0, 0x1f, 0xfc, 0x9d, 0xff,
    0x84, 0x1, 0xe0, 0x15, 0x80, 0x7f, 0xf2, 0x10,
    0x80, 0xa, 0x20, 0x4, 0x20, 0x1, 0x20, 0x7,
    0xff, 0x1f, 0xc0, 0x29, 0x0, 0xd6, 0x1, 0x78,
    0x7, 0xff, 0x18, 0x90, 0x0, 0x86, 0x1, 0x98,
    0x40, 0x8, 0x40, 0x1f, 0xfc, 0x5b, 0x0, 0xbc,
    0x3, 0xcc, 0x1, 0x58, 0x7, 0xff, 0x10, 0x58,
    0x0, 0x48, 0x1, 0xe9, 0x0, 0x98, 0x40, 0x3f,
    0xf8, 0x6c, 0x1, 0x58, 0x7, 0xc2, 0xc0, 0x13,
    0x0, 0x7f, 0xf0, 0xe4, 0x0, 0x2c, 0x1, 0xfa,
    0xc0, 0x29, 0x0, 0xff, 0xe1, 0x28, 0x80, 0x18,
    0x3, 0xf8, 0x90, 0x0, 0x2a, 0x1, 0xff, 0xc1,
    0x90, 0xa, 0x40, 0x3f, 0xde, 0x1, 0x48, 0x7,
    0xff, 0x0, 0xcc, 0x0, 0x51, 0x0, 0xff, 0x21,
    0x0, 0xc, 0xc0, 0x1f, 0xf4, 0x80, 0x52, 0x1,
    0xff, 0xc0, 0xb0, 0xa, 0x40, 0x3f, 0xc2, 0xa0,
    0x3, 0x30, 0x7, 0xff, 0x1, 0x84, 0x0, 0xa4,
    0x1, 0xfd, 0x20, 0x14, 0x80, 0x7f, 0xf0, 0x98,
    0x2, 0xa0, 0xf, 0xe7, 0x0, 0x12, 0x80, 0x7f,
    0xf0, 0xa4, 0x2, 0x70, 0xf, 0xcc, 0x1, 0x58,
    0x7, 0xff, 0xc, 0x54, 0x2, 0x60, 0xf, 0xac,
    0x2, 0x60, 0xf, 0xfe, 0x24, 0x0, 0x56, 0x1,
    0xe4, 0x20, 0x3, 0x80, 0x7f, 0xf1, 0x49, 0x0,
    0x4, 0x80, 0x1d, 0xe0, 0x14, 0x80, 0x7f, 0xf1,
    0xbc, 0x2, 0xf0, 0xc, 0x48, 0x0, 0x51, 0x0,
    0xff, 0xe3, 0x21, 0x0, 0x10, 0x80, 0x2b, 0x0,
    0xa4, 0x3, 0xff, 0x91, 0x60, 0x15, 0x80, 0x5,
    0x80, 0x6, 0x60, 0xf, 0xfe, 0x43, 0x8, 0x1,
    0x84, 0x24, 0x2, 0x90, 0xf, 0xfe, 0x53, 0x0,
    0x52, 0xc, 0x0, 0x15, 0x0, 0xff, 0xe5, 0x48,
    0x4, 0xcc, 0x10, 0x4, 0x80, 0x7f, 0xf2, 0xc5,
    0x40, 0x3, 0x20, 0x13, 0x80, 0x7f, 0xf3, 0x24,
    0x3, 0xcc, 0x1, 0xff, 0xcd, 0x33, 0x0, 0x75,
    0x80, 0x7f, 0xf3, 0xa0, 0x3, 0x29, 0x0, 0x7f,
    0xf3, 0x90, 0x40, 0x29, 0x0, 0xff, 0xe7, 0x90,
    0x80, 0xc, 0xc0, 0x1f, 0xfc, 0xfb, 0x0, 0xa4,
    0x3, 0xff, 0x9e, 0x2c, 0x0, 0x15, 0x0, 0xff,
    0xe7, 0xc8, 0x5, 0x20, 0x1f, 0xfc, 0xf2, 0x70,
    0x9, 0xc0, 0x3f, 0xf8, 0xac, 0x1, 0xfd, 0xe0,
    0x14, 0x0, 0x7f, 0xf1, 0x52, 0x74, 0xc0, 0x38,
    0xb0, 0x80, 0x4, 0xe0, 0x1f, 0xfc, 0x5a, 0x2,
    0xcd, 0x97, 0x8b, 0xd3, 0x0, 0xb8, 0x3, 0xff,
    0x8a, 0x40, 0x18, 0x9a, 0x1d, 0x0, 0x35, 0x18,
    0x7, 0xff, 0x14, 0xbd, 0x40, 0x3f, 0x8b, 0x14,
    0x3, 0xff, 0x8e, 0x35, 0xae, 0x62, 0x0, 0x25,
    0xbd, 0x30, 0xf, 0xfe, 0x38,

    /* U+007A "z" */
    0x5f, 0xff, 0xfe, 0x58, 0x7, 0xff, 0x9d, 0x26,
    0x7f, 0xf8, 0xac, 0x1, 0xa8, 0x5, 0x9b, 0xff,
    0x88, 0xee, 0x0, 0x9d, 0x40, 0x3f, 0xf8, 0xd4,
    0x20, 0x3, 0x80, 0xf, 0xfe, 0x34, 0x20, 0x0,
    0x74, 0x3, 0xff, 0x8c, 0x8e, 0x1, 0x50, 0x80,
    0x7f, 0xf1, 0x4a, 0x80, 0x28, 0x40, 0xf, 0xfe,
    0x37, 0x8, 0x1, 0x1c, 0x3, 0xff, 0x8d, 0x26,
    0x0, 0x2a, 0x0, 0xff, 0xe3, 0x33, 0x0, 0x2e,
    0x10, 0xf, 0xfe, 0x29, 0xc8, 0x5, 0x26, 0x1,
    0xff, 0xc5, 0x1e, 0x0, 0x99, 0x80, 0x1f, 0xfc,
    0x6a, 0x20, 0x1, 0xc8, 0x7, 0xff, 0x19, 0xd0,
    0x0, 0x3c, 0x1, 0xff, 0xc6, 0x48, 0x0, 0xa8,
    0x80, 0x3f, 0xf8, 0xa3, 0x40, 0x13, 0xa0, 0x7,
    0xff, 0x1b, 0x44, 0x0, 0x90, 0x1, 0xff, 0xc6,
    0x93, 0x0, 0xd, 0x0, 0x7f, 0xf1, 0x95, 0x80,
    0x2d, 0x10, 0xf, 0xfe, 0x29, 0x50, 0x5, 0x26,
    0x1, 0xff, 0xc6, 0xf0, 0x9, 0x58, 0x3, 0xff,
    0x8d, 0x44, 0x0, 0x2a, 0x0, 0xff, 0xe3, 0x3a,
    0x80, 0x5e, 0x1, 0xff, 0xc6, 0x38, 0x0, 0xa8,
    0x80, 0x3f, 0xf8, 0xa3, 0xa0, 0x11, 0x82, 0xaf,
    0xff, 0x14, 0x60, 0x40, 0x23, 0xaa, 0xff, 0xe3,
    0x21, 0x80, 0x7f, 0xf9, 0x40,

    /* U+007B "{" */
    0x0, 0xfc, 0x93, 0xbd, 0xfe, 0x80, 0xf, 0xd,
    0xd9, 0x88, 0x40, 0x3f, 0xb5, 0x0, 0x3f, 0xf8,
    0xc, 0x60, 0x10, 0xbd, 0x54, 0x1, 0xd4, 0x1,
    0x1f, 0xc2, 0xa8, 0x80, 0x38, 0xc0, 0x2f, 0x10,
    0xf, 0xc4, 0x1, 0x9, 0x80, 0x7f, 0x8, 0x4,
    0x40, 0x1f, 0xff, 0xf0, 0xf, 0xff, 0xf8, 0x7,
    0xff, 0xe9, 0xc0, 0x27, 0x0, 0xff, 0x18, 0x4,
    0x20, 0x1f, 0xc9, 0x20, 0x16, 0x0, 0x7a, 0xbf,
    0xd6, 0x20, 0x3, 0x60, 0xf, 0xfe, 0x2, 0xe0,
    0x7, 0xff, 0x5, 0x5c, 0x3, 0xee, 0x99, 0x20,
    0x5, 0x8, 0x1, 0xe4, 0x66, 0x5a, 0x80, 0x5a,
    0x1, 0xfe, 0xf0, 0x8, 0x80, 0x3f, 0xcc, 0x1,
    0x38, 0x7, 0xff, 0xfc, 0x3, 0xff, 0xfe, 0x1,
    0xff, 0xfa, 0x10, 0x8, 0x80, 0x3f, 0xc4, 0x1,
    0x9, 0x80, 0x7f, 0x8c, 0x2, 0xf1, 0x0, 0xfe,
    0xa0, 0x8, 0xfe, 0x19, 0x48, 0x3, 0x98, 0xc0,
    0x21, 0x79, 0xaa, 0x0, 0x7b, 0x50, 0x3, 0xff,
    0x82, 0x37, 0x65, 0x20, 0xc,

    /* U+007C "|" */
    0x9f, 0xf8, 0x40, 0x3f, 0xff, 0xe0, 0x1f, 0xff,
    0xf0, 0xf, 0xff, 0xf8, 0x7, 0xff, 0x5c,

    /* U+007D "}" */
    0xdf, 0xf7, 0x64, 0x10, 0x7, 0xfc, 0x26, 0xfb,
    0x0, 0x1f, 0xfc, 0x27, 0x70, 0x7, 0xa6, 0xa5,
    0x40, 0x34, 0x8, 0x7, 0x22, 0xb5, 0x60, 0x6,
    0x60, 0xf, 0xe3, 0x70, 0xb, 0x0, 0x3f, 0xd6,
    0x1, 0x30, 0x7, 0xf8, 0x80, 0x23, 0x0, 0xff,
    0xff, 0x80, 0x7f, 0xff, 0xc0, 0x3f, 0xff, 0x42,
    0x1, 0x8, 0x7, 0xff, 0xc, 0x80, 0x3f, 0xc8,
    0x1, 0x71, 0x0, 0x7f, 0x40, 0x4, 0x7b, 0xfe,
    0x50, 0xf, 0x1e, 0x90, 0x7, 0xff, 0x6, 0x48,
    0x3, 0xff, 0x81, 0x28, 0x1, 0x34, 0xc9, 0xc0,
    0x3c, 0xe0, 0x15, 0x4b, 0x30, 0x80, 0x3c, 0x20,
    0x12, 0x80, 0x7f, 0xf0, 0x44, 0x3, 0xfc, 0x20,
    0x1f, 0xff, 0xf0, 0xf, 0xff, 0xf8, 0x7, 0xff,
    0xbc, 0x80, 0x23, 0x0, 0xff, 0x58, 0x4, 0xc0,
    0x1f, 0xc6, 0xe0, 0x11, 0x80, 0x72, 0x2b, 0x56,
    0x0, 0x6a, 0x0, 0xe9, 0xa9, 0x50, 0xc, 0xe4,
    0x1, 0xff, 0xc0, 0x78, 0x0, 0xfe, 0x13, 0x7d,
    0x80, 0xf, 0x80,

    /* U+007E "~" */
    0x0, 0xcb, 0x7d, 0xfb, 0x48, 0x1, 0xff, 0xc0,
    0xaa, 0x38, 0x5, 0x74, 0x82, 0x4, 0xb7, 0x61,
    0x0, 0xfe, 0x15, 0x56, 0x80, 0x2d, 0x0, 0x3e,
    0x4f, 0x30, 0xf, 0xc8, 0x0, 0x20, 0x54, 0x0,
    0x25, 0x65, 0x20, 0x0, 0x71, 0x0, 0x3e, 0xe0,
    0x6, 0x4, 0x80, 0x1a, 0xd4, 0xd6, 0xec, 0x20,
    0xb, 0x70, 0xe, 0x64, 0x0, 0x20, 0x98, 0x14,
    0x80, 0x72, 0x60, 0x80, 0x22, 0xd0, 0x8e, 0x64,
    0x0, 0x70, 0x40, 0x5, 0x0, 0x7c, 0x5e, 0x40,
    0x4, 0xbd, 0xc6, 0x0, 0x14, 0x1, 0x80, 0xc,
    0x3, 0xf0, 0xeb, 0x0, 0x7c, 0x58, 0x0, 0x35,
    0x58, 0x3, 0xfd, 0x38, 0xa4, 0x2, 0x73, 0xa2,
    0x0,

    /* U+00B0 "°" */
    0x0, 0xf3, 0x5f, 0x7f, 0xb2, 0x8, 0x3, 0xf9,
    0x3a, 0x50, 0x40, 0x6, 0xfb, 0x20, 0x1f, 0x3d,
    0x88, 0x1b, 0xcc, 0x28, 0x83, 0x60, 0x80, 0x65,
    0x80, 0x2c, 0xc4, 0x33, 0xd7, 0x30, 0x1d, 0x0,
    0x43, 0x40, 0x58, 0x60, 0x1e, 0x98, 0x4, 0x70,
    0x4, 0x80, 0x38, 0x40, 0x3f, 0x3a, 0x4, 0x80,
    0x14, 0x10, 0xc0, 0x3f, 0xde, 0x2, 0x82, 0x41,
    0xa0, 0x1f, 0xf2, 0x0, 0x30, 0xc0, 0x4, 0x1,
    0xff, 0xc0, 0x20, 0x20, 0xf, 0xfe, 0x31, 0x98,
    0x0, 0x40, 0x1f, 0xfc, 0x2, 0x1, 0x11, 0x6,
    0x80, 0x7f, 0xc8, 0x0, 0xc0, 0x50, 0x43, 0x0,
    0xff, 0x40, 0xa, 0x4, 0x88, 0x70, 0x80, 0x7e,
    0x83, 0x8, 0x0, 0xd, 0x1, 0x61, 0x80, 0x70,
    0xcb, 0x82, 0x30, 0x4, 0x92, 0x5, 0x98, 0x76,
    0x7a, 0xf6, 0x3, 0xa0, 0xe, 0x6b, 0x10, 0x38,
    0x98, 0x51, 0x6, 0xc1, 0x0, 0xf2, 0x74, 0xa0,
    0x80, 0x9, 0xf6, 0x40, 0x30
};


/*---------------------
 *  GLYPH DESCRIPTION
 *--------------------*/

static const lv_font_fmt_txt_glyph_dsc_t glyph_dsc[] = {
    {.bitmap_index = 0, .adv_w = 0, .box_w = 0, .box_h = 0, .ofs_x = 0, .ofs_y = 0} /* id = 0 reserved */,
    {.bitmap_index = 0, .adv_w = 235, .box_w = 0, .box_h = 0, .ofs_x = 0, .ofs_y = 0},
    {.bitmap_index = 0, .adv_w = 233, .box_w = 7, .box_h = 40, .ofs_x = 4, .ofs_y = 0},
    {.bitmap_index = 81, .adv_w = 334, .box_w = 14, .box_h = 15, .ofs_x = 3, .ofs_y = 25},
    {.bitmap_index = 131, .adv_w = 624, .box_w = 37, .box_h = 40, .ofs_x = 1, .ofs_y = 0},
    {.bitmap_index = 496, .adv_w = 551, .box_w = 30, .box_h = 54, .ofs_x = 2, .ofs_y = -7},
    {.bitmap_index = 866, .adv_w = 743, .box_w = 43, .box_h = 40, .ofs_x = 2, .ofs_y = 0},
    {.bitmap_index = 1416, .adv_w = 599, .box_w = 35, .box_h = 41, .ofs_x = 2, .ofs_y = -1},
    {.bitmap_index = 1881, .adv_w = 181, .box_w = 5, .box_h = 15, .ofs_x = 3, .ofs_y = 25},
    {.bitmap_index = 1904, .adv_w = 295, .box_w = 12, .box_h = 53, .ofs_x = 5, .ofs_y = -11},
    {.bitmap_index = 2106, .adv_w = 295, .box_w = 11, .box_h = 53, .ofs_x = 2, .ofs_y = -11},
    {.bitmap_index = 2306, .adv_w = 346, .box_w = 20, .box_h = 21, .ofs_x = 1, .ofs_y = 21},
    {.bitmap_index = 2435, .adv_w = 515, .box_w = 26, .box_h = 24, .ofs_x = 3, .ofs_y = 8},
    {.bitmap_index = 2489, .adv_w = 190, .box_w = 6, .box_h = 15, .ofs_x = 3, .ofs_y = -8},
    {.bitmap_index = 2533, .adv_w = 342, .box_w = 16, .box_h = 4, .ofs_x = 3, .ofs_y = 14},
    {.bitmap_index = 2544, .adv_w = 190, .box_w = 7, .box_h = 7, .ofs_x = 2, .ofs_y = 0},
    {.bitmap_index = 2567, .adv_w = 300, .box_w = 23, .box_h = 54, .ofs_x = -2, .ofs_y = -6},
    {.bitmap_index = 2871, .adv_w = 593, .box_w = 33, .box_h = 40, .ofs_x = 2, .ofs_y = 0},
    {.bitmap_index = 3248, .adv_w = 323, .box_w = 14, .box_h = 40, .ofs_x = 0, .ofs_y = 0},
    {.bitmap_index = 3285, .adv_w = 509, .box_w = 29, .box_h = 40, .ofs_x = 1, .ofs_y = 0},
    {.bitmap_index = 3574, .adv_w = 505, .box_w = 29, .box_h = 40, .ofs_x = 0, .ofs_y = 0},
    {.bitmap_index = 3856, .adv_w = 592, .box_w = 35, .box_h = 40, .ofs_x = 2, .ofs_y = 0},
    {.bitmap_index = 4077, .adv_w = 507, .box_w = 29, .box_h = 40, .ofs_x = 1, .ofs_y = 0},
    {.bitmap_index = 4361, .adv_w = 546, .box_w = 31, .box_h = 40, .ofs_x = 2, .ofs_y = 0},
    {.bitmap_index = 4735, .adv_w = 528, .box_w = 30, .box_h = 40, .ofs_x = 1, .ofs_y = 0},
    {.bitmap_index = 4968, .adv_w = 572, .box_w = 32, .box_h = 40, .ofs_x = 2, .ofs_y = 0},
    {.bitmap_index = 5384, .adv_w = 546, .box_w = 31, .box_h = 40, .ofs_x = 1, .ofs_y = 0},
    {.bitmap_index = 5758, .adv_w = 190, .box_w = 7, .box_h = 30, .ofs_x = 2, .ofs_y = 0},
    {.bitmap_index = 5811, .adv_w = 190, .box_w = 7, .box_h = 39, .ofs_x = 2, .ofs_y = -9},
    {.bitmap_index = 5892, .adv_w = 515, .box_w = 26, .box_h = 24, .ofs_x = 3, .ofs_y = 8},
    {.bitmap_index = 6074, .adv_w = 515, .box_w = 26, .box_h = 17, .ofs_x = 3, .ofs_y = 12},
    {.bitmap_index = 6110, .adv_w = 515, .box_w = 26, .box_h = 24, .ofs_x = 3, .ofs_y = 8},
    {.bitmap_index = 6290, .adv_w = 508, .box_w = 28, .box_h = 40, .ofs_x = 0, .ofs_y = 0},
    {.bitmap_index = 6538, .adv_w = 926, .box_w = 53, .box_h = 51, .ofs_x = 2, .ofs_y = -11},
    {.bitmap_index = 7322, .adv_w = 642, .box_w = 41, .box_h = 40, .ofs_x = 0, .ofs_y = 0},
    {.bitmap_index = 7705, .adv_w = 676, .box_w = 34, .box_h = 40, .ofs_x = 6, .ofs_y = 0},
    {.bitmap_index = 7971, .adv_w = 635, .box_w = 36, .box_h = 40, .ofs_x = 2, .ofs_y = 0},
    {.bitmap_index = 8306, .adv_w = 740, .box_w = 38, .box_h = 40, .ofs_x = 6, .ofs_y = 0},
    {.bitmap_index = 8574, .adv_w = 599, .box_w = 29, .box_h = 40, .ofs_x = 6, .ofs_y = 0},
    {.bitmap_index = 8656, .adv_w = 567, .box_w = 28, .box_h = 40, .ofs_x = 6, .ofs_y = 0},
    {.bitmap_index = 8729, .adv_w = 693, .box_w = 37, .box_h = 40, .ofs_x = 2, .ofs_y = 0},
    {.bitmap_index = 9056, .adv_w = 728, .box_w = 34, .box_h = 40, .ofs_x = 6, .ofs_y = 0},
    {.bitmap_index = 9131, .adv_w = 271, .box_w = 5, .box_h = 40, .ofs_x = 6, .ofs_y = 0},
    {.bitmap_index = 9143, .adv_w = 449, .box_w = 24, .box_h = 40, .ofs_x = -1, .ofs_y = 0},
    {.bitmap_index = 9279, .adv_w = 637, .box_w = 34, .box_h = 40, .ofs_x = 6, .ofs_y = 0},
    {.bitmap_index = 9575, .adv_w = 528, .box_w = 27, .box_h = 40, .ofs_x = 6, .ofs_y = 0},
    {.bitmap_index = 9631, .adv_w = 856, .box_w = 42, .box_h = 40, .ofs_x = 6, .ofs_y = 0},
    {.bitmap_index = 9973, .adv_w = 728, .box_w = 34, .box_h = 40, .ofs_x = 6, .ofs_y = 0},
    {.bitmap_index = 10198, .adv_w = 752, .box_w = 43, .box_h = 40, .ofs_x = 2, .ofs_y = 0},
    {.bitmap_index = 10628, .adv_w = 643, .box_w = 32, .box_h = 40, .ofs_x = 6, .ofs_y = 0},
    {.bitmap_index = 10830, .adv_w = 752, .box_w = 44, .box_h = 48, .ofs_x = 2, .ofs_y = -8},
    {.bitmap_index = 11351, .adv_w = 648, .box_w = 32, .box_h = 40, .ofs_x = 6, .ofs_y = 0},
    {.bitmap_index = 11606, .adv_w = 551, .box_w = 30, .box_h = 40, .ofs_x = 2, .ofs_y = 0},
    {.bitmap_index = 11938, .adv_w = 514, .box_w = 32, .box_h = 40, .ofs_x = 0, .ofs_y = 0},
    {.bitmap_index = 12010, .adv_w = 710, .box_w = 33, .box_h = 40, .ofs_x = 6, .ofs_y = 0},
    {.bitmap_index = 12213, .adv_w = 625, .box_w = 39, .box_h = 40, .ofs_x = 0, .ofs_y = 0},
    {.bitmap_index = 12597, .adv_w = 995, .box_w = 59, .box_h = 40, .ofs_x = 2, .ofs_y = 0},
    {.bitmap_index = 13282, .adv_w = 588, .box_w = 36, .box_h = 40, .ofs_x = 0, .ofs_y = 0},
    {.bitmap_index = 13685, .adv_w = 569, .box_w = 36, .box_h = 40, .ofs_x = 0, .ofs_y = 0},
    {.bitmap_index = 13967, .adv_w = 583, .box_w = 33, .box_h = 40, .ofs_x = 2, .ofs_y = 0},
    {.bitmap_index = 14203, .adv_w = 285, .box_w = 11, .box_h = 53, .ofs_x = 6, .ofs_y = -11},
    {.bitmap_index = 14247, .adv_w = 300, .box_w = 23, .box_h = 54, .ofs_x = -2, .ofs_y = -6},
    {.bitmap_index = 14546, .adv_w = 285, .box_w = 11, .box_h = 53, .ofs_x = 1, .ofs_y = -11},
    {.bitmap_index = 14590, .adv_w = 516, .box_w = 24, .box_h = 24, .ofs_x = 4, .ofs_y = 8},
    {.bitmap_index = 14784, .adv_w = 448, .box_w = 28, .box_h = 3, .ofs_x = 0, .ofs_y = -3},
    {.bitmap_index = 14794, .adv_w = 538, .box_w = 14, .box_h = 7, .ofs_x = 7, .ofs_y = 34},
    {.bitmap_index = 14830, .adv_w = 529, .box_w = 25, .box_h = 30, .ofs_x = 3, .ofs_y = 0},
    {.bitmap_index = 15063, .adv_w = 607, .box_w = 31, .box_h = 42, .ofs_x = 5, .ofs_y = 0},
    {.bitmap_index = 15352, .adv_w = 504, .box_w = 28, .box_h = 30, .ofs_x = 2, .ofs_y = 0},
    {.bitmap_index = 15594, .adv_w = 607, .box_w = 31, .box_h = 42, .ofs_x = 2, .ofs_y = 0},
    {.bitmap_index = 15887, .adv_w = 541, .box_w = 30, .box_h = 30, .ofs_x = 2, .ofs_y = 0},
    {.bitmap_index = 16153, .adv_w = 304, .box_w = 21, .box_h = 42, .ofs_x = 0, .ofs_y = 0},
    {.bitmap_index = 16262, .adv_w = 615, .box_w = 31, .box_h = 41, .ofs_x = 2, .ofs_y = -11},
    {.bitmap_index = 16644, .adv_w = 607, .box_w = 28, .box_h = 42, .ofs_x = 5, .ofs_y = 0},
    {.bitmap_index = 16803, .adv_w = 241, .box_w = 7, .box_h = 42, .ofs_x = 4, .ofs_y = 0},
    {.bitmap_index = 16840, .adv_w = 246, .box_w = 17, .box_h = 53, .ofs_x = -6, .ofs_y = -11},
    {.bitmap_index = 16962, .adv_w = 536, .box_w = 29, .box_h = 42, .ofs_x = 5, .ofs_y = 0},
    {.bitmap_index = 17194, .adv_w = 241, .box_w = 5, .box_h = 42, .ofs_x = 5, .ofs_y = 0},
    {.bitmap_index = 17206, .adv_w = 951, .box_w = 50, .box_h = 30, .ofs_x = 5, .ofs_y = 0},
    {.bitmap_index = 17471, .adv_w = 607, .box_w = 28, .box_h = 30, .ofs_x = 5, .ofs_y = 0},
    {.bitmap_index = 17617, .adv_w = 562, .box_w = 31, .box_h = 30, .ofs_x = 2, .ofs_y = 0},
    {.bitmap_index = 17908, .adv_w = 607, .box_w = 31, .box_h = 41, .ofs_x = 5, .ofs_y = -11},
    {.bitmap_index = 18202, .adv_w = 607, .box_w = 31, .box_h = 41, .ofs_x = 2, .ofs_y = -11},
    {.bitmap_index = 18502, .adv_w = 359, .box_w = 16, .box_h = 30, .ofs_x = 5, .ofs_y = 0},
    {.bitmap_index = 18585, .adv_w = 438, .box_w = 25, .box_h = 30, .ofs_x = 1, .ofs_y = 0},
    {.bitmap_index = 18830, .adv_w = 364, .box_w = 22, .box_h = 37, .ofs_x = 0, .ofs_y = 0},
    {.bitmap_index = 18940, .adv_w = 603, .box_w = 28, .box_h = 30, .ofs_x = 5, .ofs_y = 0},
    {.bitmap_index = 19081, .adv_w = 486, .box_w = 31, .box_h = 30, .ofs_x = 0, .ofs_y = 0},
    {.bitmap_index = 19355, .adv_w = 788, .box_w = 49, .box_h = 30, .ofs_x = 0, .ofs_y = 0},
    {.bitmap_index = 19833, .adv_w = 478, .box_w = 28, .box_h = 30, .ofs_x = 1, .ofs_y = 0},
    {.bitmap_index = 20112, .adv_w = 486, .box_w = 33, .box_h = 41, .ofs_x = -2, .ofs_y = -11},
    {.bitmap_index = 20477, .adv_w = 458, .box_w = 25, .box_h = 30, .ofs_x = 2, .ofs_y = 0},
    {.bitmap_index = 20650, .adv_w = 299, .box_w = 15, .box_h = 53, .ofs_x = 3, .ofs_y = -11},
    {.bitmap_index = 20791, .adv_w = 264, .box_w = 5, .box_h = 53, .ofs_x = 6, .ofs_y = -11},
    {.bitmap_index = 20806, .adv_w = 299, .box_w = 15, .box_h = 53, .ofs_x = 1, .ofs_y = -11},
    {.bitmap_index = 20945, .adv_w = 515, .box_w = 26, .box_h = 9, .ofs_x = 3, .ofs_y = 15},
    {.bitmap_index = 21042, .adv_w = 375, .box_w = 19, .box_h = 18, .ofs_x = 2, .ofs_y = 22}
};

/*---------------------
 *  CHARACTER MAPPING
 *--------------------*/



/*Collect the unicode lists and glyph_id offsets*/
static const lv_font_fmt_txt_cmap_t cmaps[] =
{
    {
        .range_start = 32, .range_length = 95, .glyph_id_start = 1,
        .unicode_list = NULL, .glyph_id_ofs_list = NULL, .list_length = 0, .type = LV_FONT_FMT_TXT_CMAP_FORMAT0_TINY
    },
    {
        .range_start = 176, .range_length = 1, .glyph_id_start = 96,
        .unicode_list = NULL, .glyph_id_ofs_list = NULL, .list_length = 0, .type = LV_FONT_FMT_TXT_CMAP_FORMAT0_TINY
    }
};

/*-----------------
 *    KERNING
 *----------------*/


/*Map glyph_ids to kern left classes*/
static const uint8_t kern_left_class_mapping[] =
{
    0, 0, 1, 2, 0, 3, 4, 5,
    2, 6, 0, 7, 8, 9, 8, 9,
    10, 11, 0, 12, 13, 14, 15, 16,
    17, 18, 11, 19, 19, 0, 0, 0,
    20, 21, 0, 0, 0, 0, 0, 0,
    0, 0, 0, 0, 0, 0, 0, 0,
    0, 0, 0, 0, 0, 0, 0, 0,
    0, 0, 0, 0, 22, 23, 0, 0,
    24, 0, 0, 0, 0, 0, 0, 0,
    0, 0, 0, 0, 0, 0, 0, 0,
    0, 0, 0, 0, 0, 0, 0, 0,
    0, 0, 0, 0, 22, 0, 0, 8,
    25
};

/*Map glyph_ids to kern right classes*/
static const uint8_t kern_right_class_mapping[] =
{
    0, 0, 1, 2, 0, 3, 4, 5,
    2, 0, 6, 7, 8, 9, 8, 9,
    10, 11, 12, 13, 14, 15, 16, 11,
    17, 18, 19, 20, 20, 0, 0, 0,
    21, 22, 0, 0, 0, 0, 0, 0,
    0, 0, 0, 0, 0, 0, 0, 0,
    0, 0, 0, 0, 0, 0, 0, 0,
    0, 0, 0, 0, 23, 24, 25, 0,
    26, 0, 0, 0, 0, 0, 0, 0,
    0, 0, 0, 0, 0, 0, 0, 0,
    0, 0, 0, 0, 0, 0, 0, 0,
    0, 0, 0, 0, 0, 0, 25, 8,
    27
};

/*Kern values between classes*/
static const int8_t kern_class_values[] =
{
    0, 0, 0, 0, 0, 0, 5, 0,
    0, 0, 0, 8, 0, 0, 0, 0,
    7, 0, 0, 0, 0, 0, 0, 0,
    0, 0, 0, 0, 38, 0, 24, -21,
    0, 17, 0, -46, -51, 7, 40, 21,
    15, -34, 7, 45, 2, 38, 8, 30,
    -14, 0, 51, 4, -7, 17, 0, -25,
    0, 0, 0, 0, -17, 15, 17, 0,
    0, -8, 0, -7, 8, 0, -8, 0,
    -8, -4, -17, 0, 0, -8, 0, -17,
    -13, 0, -24, 0, -100, 0, -17, -42,
    17, 25, 0, 0, -17, 8, 8, 29,
    17, -15, 17, 0, 0, -49, 0, 0,
    -32, 0, 0, -24, -9, -45, 0, -34,
    -7, 0, -25, 0, 3, 36, 0, -25,
    -4, 0, 0, 0, -15, 0, 0, -5,
    -66, 0, 0, -67, -4, 38, -31, 0,
    0, 0, 0, 0, 0, 0, 0, 0,
    27, 0, 8, 0, 0, -17, 0, 0,
    0, 0, 0, 0, 0, 0, 30, 4,
    0, 0, 5, 17, 8, 25, -8, 0,
    17, -8, -27, -118, 7, 24, 17, 2,
    -12, 0, 34, 0, 30, 0, 30, 0,
    0, 0, 0, -8, 25, 0, 0, -15,
    -32, 0, 0, -8, 0, -5, 0, 7,
    -14, -10, -17, 7, 0, -8, 0, 0,
    0, -34, 7, 0, -55, 0, 0, 0,
    0, -46, 8, -52, 0, 0, -27, -5,
    0, 87, -9, -10, 8, 8, -11, 0,
    -10, 8, 0, 0, -44, -17, 0, -83,
    0, 8, -52, 0, 51, -17, 0, -32,
    27, 0, -57, -83, -55, -17, 25, 0,
    0, -57, 0, 13, -19, 0, -13, 0,
    -17, 0, 25, 25, -105, 40, 0, 7,
    0, 0, 0, 0, 7, 7, -9, -17,
    0, 0, 0, -8, 0, 0, -7, 0,
    0, 0, -17, 0, 0, -17, 0, -17,
    2, 0, 0, 0, 8, -7, 0, 0,
    -7, 8, 8, -2, 0, 0, 0, -19,
    0, -2, 0, 0, 0, 0, 0, 0,
    -7, 0, 25, 0, 0, -8, 0, -8,
    0, 0, 0, 0, 0, 0, 0, 0,
    -4, -4, 0, -8, -11, 0, 0, 0,
    0, 0, 0, 0, 0, 0, -13, 0,
    -25, -7, -25, 17, 0, -17, 8, 17,
    24, 0, -21, -2, -13, 0, -2, -42,
    8, -7, 5, -44, 8, 0, -42, 0,
    17, -25, 0, 0, 0, -8, 0, 0,
    -8, 0, 0, 0, 0, 0, -4, -4,
    0, -4, -12, 0, 0, 0, 0, 0,
    0, -8, 0, 0, -13, 0, -7, 0,
    -17, 8, 0, -13, 4, 8, 8, 0,
    0, 0, 0, 0, 0, -7, 0, 0,
    0, 0, 0, 0, 0, 0, 0, -18,
    0, 25, -7, 0, -30, 0, 24, -42,
    -45, -36, -17, 8, 0, -8, -55, -16,
    0, -16, 0, -17, 13, -16, 0, 8,
    -3, -25, 3, 0, 2, 0, -8, 0,
    0, 7, 0, 8, 0, 0, 0, 0,
    0, 0, 0, 0, 0, 0, 0, -8,
    0, 0, -25, 0, 0, 0, 0, 8,
    0, 0, 0, 0, 0, 0, 0, 38,
    0, 0, 0, 0, 0, 0, 7, 0,
    0, 0, -8, 0, 0, -14, 0, 8,
    0, -7, 0, 0, 0, -19, 0, 13,
    0, -42, -25, 0, 0, 0, -13, -42,
    0, 0, -8, 8, 0, -40, 0, -16,
    0, 0, -18, 8, 0, -14, 0, 0,
    0, 13, 0, 7, -17, -17, 0, -8,
    -8, -9, 0, 0, 0, 0, 0, 0,
    -25, 0, 0, -17, 4, -25, 8, 0,
    4, 0, 0, 0, 4, 0, -8, 0,
    30, 0, 13, 0, 0, -10, 0, 17,
    0, 0, 0, 4, 0, 0, 25, 0,
    21, 0, 0, -51, 0, -8, 15, 25,
    -118, 0, 87, 13, -17, -17, 8, 8,
    -7, 0, -42, 0, 0, 38, -51, -17,
    0, -55, 30, 118, -51, 0, -7, 17,
    -24, 0, 0, -8, 0, 8, 112, -17,
    -8, 30, 24, -24, 8, 0, 0, 8,
    8, -8, -25, 0, -110, 21, 0, 0,
    0, 17, 17, 19, 0, 0, 25, 0,
    -52, -49, 2, 35, 25, 13, -34, 7,
    38, 0, 32, 0, 17, 8, 0, 44,
    0, 0, 0
};


/*Collect the kern class' data in one place*/
static const lv_font_fmt_txt_kern_classes_t kern_classes =
{
    .class_pair_values   = kern_class_values,
    .left_class_mapping  = kern_left_class_mapping,
    .right_class_mapping = kern_right_class_mapping,
    .left_class_cnt      = 25,
    .right_class_cnt     = 27,
};

/*--------------------
 *  ALL CUSTOM DATA
 *--------------------*/

#if LVGL_VERSION_MAJOR == 8
/*Store all the custom data of the font*/
static  lv_font_fmt_txt_glyph_cache_t cache;
#endif

#if LVGL_VERSION_MAJOR >= 8
static const lv_font_fmt_txt_dsc_t font_dsc = {
#else
static lv_font_fmt_txt_dsc_t font_dsc = {
#endif
    .glyph_bitmap = glyph_bitmap,
    .glyph_dsc = glyph_dsc,
    .cmaps = cmaps,
    .kern_dsc = &kern_classes,
    .kern_scale = 17,
    .cmap_num = 2,
    .bpp = 4,
    .kern_classes = 1,
    .bitmap_format = 1,
#if LVGL_VERSION_MAJOR == 8
    .cache = &cache
#endif
};



/*-----------------
 *  PUBLIC FONT
 *----------------*/

/*Initialize a public general font descriptor*/
#if LVGL_VERSION_MAJOR >= 8
const lv_font_t font_m56 = {
#else
lv_font_t font_m56 = {
#endif
    .get_glyph_dsc = lv_font_get_glyph_dsc_fmt_txt,    /*Function pointer to get glyph's data*/
    .get_glyph_bitmap = lv_font_get_bitmap_fmt_txt,    /*Function pointer to get glyph's bitmap*/
    .line_height = 59,          /*The maximum line height required by the font*/
    .base_line = 11,             /*Baseline measured from the bottom of the line*/
#if !(LVGL_VERSION_MAJOR == 6 && LVGL_VERSION_MINOR == 0)
    .subpx = LV_FONT_SUBPX_NONE,
#endif
#if LV_VERSION_CHECK(7, 4, 0) || LVGL_VERSION_MAJOR >= 8
    .underline_position = -6,
    .underline_thickness = 3,
#endif
    .dsc = &font_dsc,          /*The custom font data. Will be accessed by `get_glyph_bitmap/dsc` */
#if LV_VERSION_CHECK(8, 2, 0) || LVGL_VERSION_MAJOR >= 9
    .fallback = NULL,
#endif
    .user_data = NULL,
};



#endif /*#if FONT_M56*/

