/*******************************************************************************
 * Size: 96 px
 * Bpp: 4
 * Opts: --font /var/folders/g7/tg1j49452fl9lbzkkd9wv0r40000gn/T/tmp.dfUUyRicr3/Montserrat-Regular.ttf --size 96 --bpp 4 --range 0x20-0x7F,0xB0 --format lvgl -o /Users/assladkov/homeplace/knobos/tools/../components/ui/fonts/font_m96.c
 ******************************************************************************/

#ifdef LV_LVGL_H_INCLUDE_SIMPLE
#include "lvgl.h"
#else
#include "lvgl/lvgl.h"
#endif

#ifndef FONT_M96
#define FONT_M96 1
#endif

#if FONT_M96

/*-----------------
 *    BITMAPS
 *----------------*/

/*Store the image of the glyphs*/
static LV_ATTRIBUTE_LARGE_CONST const uint8_t glyph_bitmap[] = {
    /* U+0020 " " */

    /* U+0021 "!" */
    0x8, 0xff, 0xf9, 0xc0, 0x3f, 0xf8, 0x3e, 0x1,
    0xff, 0xc6, 0x10, 0x0, 0x80, 0x7f, 0xf1, 0x8c,
    0x0, 0x60, 0x1f, 0xfc, 0x61, 0x0, 0x8, 0x7,
    0xff, 0x19, 0xc0, 0x3f, 0xf8, 0x2e, 0x1, 0xf0,
    0x80, 0x7f, 0xf0, 0x44, 0x3, 0xe3, 0x0, 0xff,
    0xe0, 0x98, 0x7, 0xc2, 0x1, 0xff, 0xc1, 0x10,
    0xf, 0xfe, 0x80, 0x80, 0x7f, 0xf0, 0xc4, 0x3,
    0x8c, 0x3, 0xff, 0x92, 0x20, 0x18, 0xc0, 0x3f,
    0xf8, 0x8e, 0x1, 0x84, 0x3, 0xff, 0x88, 0x20,
    0x19, 0xc0, 0x3f, 0xf8, 0x86, 0x1, 0x84, 0x3,
    0xff, 0x88, 0x20, 0x18, 0xc0, 0x3f, 0xf8, 0x9e,
    0x1, 0xff, 0xc3, 0x10, 0xe, 0x10, 0xf, 0xfe,
    0x1f, 0x80, 0x71, 0x80, 0x7f, 0xf0, 0xc4, 0x3,
    0x84, 0x3, 0xff, 0x86, 0x60, 0x1f, 0xfc, 0x47,
    0x0, 0xc2, 0x1, 0xff, 0xc4, 0x10, 0xf, 0xfe,
    0x1b, 0x80, 0x71, 0x80, 0x63, 0xdd, 0xe1, 0x0,
    0xe2, 0x2e, 0x0, 0xff, 0xff, 0x80, 0x7f, 0xf1,
    0x86, 0x33, 0xb1, 0xc0, 0x31, 0x7b, 0x98, 0x9c,
    0x68, 0x80, 0x3c, 0x40, 0x38, 0xb4, 0x14, 0x80,
    0x3e, 0x33, 0x60, 0x7, 0xf2, 0x80, 0x7f, 0xd8,
    0x1, 0xfc, 0xaa, 0x20, 0xf, 0x8c, 0xc1, 0xe2,
    0x1, 0xc3, 0xa0, 0x2, 0xf6, 0x10, 0x16, 0xf1,
    0x0,

    /* U+0022 "\"" */
    0x5f, 0xfe, 0xa0, 0xf, 0xf7, 0xff, 0x84, 0x3,
    0xff, 0x8a, 0x20, 0x1f, 0xfc, 0x3, 0x0, 0xff,
    0xe2, 0x8, 0x80, 0x3f, 0xfb, 0x86, 0x1, 0xff,
    0xd8, 0x10, 0xf, 0xfe, 0x2b, 0x80, 0x7f, 0xf7,
    0x4, 0x3, 0x8, 0x7, 0xde, 0x1, 0xff, 0xc5,
    0x10, 0xf, 0xfe, 0xe3, 0x80, 0x63, 0x0, 0xf8,
    0x40, 0x3f, 0xf8, 0xa6, 0x1, 0xff, 0xe9, 0x30,
    0xf, 0xf0, 0x80, 0x61, 0x0, 0xff, 0xe6, 0x88,
    0x7, 0xff, 0x70, 0xc0, 0x33, 0x80, 0x7c, 0x20,
    0x1f, 0xfe, 0xe1, 0x0, 0xc2, 0x1, 0xf3, 0x80,
    0x7f, 0xf1, 0x84, 0x3, 0xff, 0xc0, 0x60, 0xb,
    0x99, 0xc4, 0x1, 0xfe, 0xb9, 0x9d, 0x40,

    /* U+0023 "#" */
    0x0, 0xff, 0xe4, 0x4f, 0xfe, 0xa0, 0xf, 0xfe,
    0x3d, 0x7f, 0xe8, 0x0, 0xff, 0xe9, 0x90, 0x6,
    0x20, 0xf, 0xfe, 0x3b, 0x0, 0x6e, 0x0, 0xff,
    0xe9, 0xb0, 0x6, 0xe0, 0xf, 0xfe, 0x39, 0x0,
    0x62, 0x0, 0xff, 0xe9, 0x90, 0x6, 0x20, 0xf,
    0xfe, 0x38, 0x80, 0x66, 0x0, 0xff, 0xe9, 0x8,
    0x7, 0x30, 0x7, 0xff, 0x18, 0x80, 0x38, 0x80,
    0x3f, 0xfa, 0x44, 0x1, 0xc4, 0x1, 0xff, 0xc6,
    0x60, 0xc, 0x20, 0x1f, 0xfd, 0x36, 0x0, 0xc2,
    0x1, 0xff, 0xc7, 0x20, 0xc, 0x40, 0x1f, 0xfd,
    0x32, 0x0, 0xc4, 0x1, 0xff, 0xc7, 0xe0, 0xc,
    0xe0, 0x1f, 0xfd, 0x3e, 0x0, 0xcc, 0x1, 0xff,
    0xc7, 0x20, 0xc, 0x40, 0x1f, 0xfd, 0x32, 0x0,
    0xc4, 0x1, 0xff, 0xc7, 0x60, 0xd, 0xc0, 0x1f,
    0xfd, 0x36, 0x0, 0xdc, 0x1, 0xff, 0xc7, 0x20,
    0xc, 0x40, 0x1f, 0xfd, 0x32, 0x0, 0xc4, 0x1,
    0xff, 0xc7, 0x10, 0xc, 0xc0, 0x1f, 0xfd, 0x21,
    0x0, 0xe6, 0x0, 0xff, 0xe3, 0x10, 0x7, 0x10,
    0x7, 0xff, 0x48, 0x80, 0x38, 0x80, 0x3f, 0xf8,
    0xcc, 0x1, 0xc2, 0x1, 0xff, 0xd2, 0x60, 0xc,
    0x20, 0x1f, 0xfc, 0x72, 0x0, 0xc4, 0x1, 0xff,
    0xd3, 0x20, 0xc, 0x40, 0x1f, 0xfc, 0x7e, 0x0,
    0xcc, 0x1, 0xff, 0xd3, 0xe0, 0xc, 0xc0, 0x1f,
    0xfc, 0x72, 0x0, 0xc4, 0x1, 0xff, 0xd3, 0x20,
    0xc, 0x40, 0x1f, 0xfc, 0x77, 0x0, 0xdc, 0x1,
    0xff, 0xc4, 0x2f, 0xff, 0xfe, 0x12, 0x0, 0x67,
    0xff, 0xff, 0xe3, 0x90, 0x6, 0x8f, 0xff, 0xfe,
    0x8, 0x7, 0xff, 0xfc, 0x3, 0xff, 0xfe, 0x1,
    0xff, 0xff, 0x0, 0xff, 0xe7, 0x15, 0xdf, 0xff,
    0x5, 0x80, 0x31, 0x5d, 0xff, 0xf1, 0xd4, 0x3,
    0x1d, 0xdf, 0xff, 0x8, 0x3, 0x22, 0x7f, 0xf0,
    0x40, 0x39, 0x91, 0x3f, 0xf8, 0xe6, 0x1, 0x95,
    0x13, 0xff, 0x84, 0x1, 0xff, 0xc5, 0x20, 0xc,
    0x40, 0x1f, 0xfc, 0x72, 0x0, 0xdc, 0x1, 0xff,
    0xd3, 0x60, 0xd, 0xc0, 0x1f, 0xfc, 0x76, 0x0,
    0xc4, 0x1, 0xff, 0xd3, 0x30, 0xc, 0x40, 0x1f,
    0xfc, 0x72, 0x0, 0xcc, 0x1, 0xff, 0xd3, 0x10,
    0xc, 0xc0, 0x1f, 0xfc, 0x61, 0x0, 0xe2, 0x0,
    0xff, 0xe9, 0x10, 0x7, 0x10, 0x7, 0xff, 0x18,
    0x80, 0x38, 0x40, 0x3f, 0xfa, 0x4c, 0x1, 0xc2,
    0x1, 0xff, 0xc6, 0x60, 0xc, 0x40, 0x1f, 0xfd,
    0x32, 0x0, 0xc4, 0x1, 0xff, 0xc7, 0x20, 0xc,
    0xc0, 0x1f, 0xfd, 0x3e, 0x0, 0xcc, 0x1, 0xff,
    0xc7, 0xe0, 0xc, 0x40, 0x1f, 0xfd, 0x32, 0x0,
    0xc4, 0x1, 0xff, 0xc7, 0x20, 0xd, 0xc0, 0x1f,
    0xfd, 0x36, 0x0, 0xdc, 0x1, 0xff, 0xc7, 0x60,
    0xc, 0x40, 0x1f, 0xfd, 0x32, 0x0, 0xc4, 0x1,
    0xff, 0xc7, 0x20, 0xc, 0xc0, 0x1f, 0xfd, 0x31,
    0x0, 0xc2, 0x1, 0xff, 0xc6, 0x10, 0xe, 0x20,
    0xf, 0xfe, 0x91, 0x0, 0x73, 0x0, 0x7f, 0xf1,
    0x88, 0x3, 0x84, 0x3, 0xff, 0xa4, 0xc0, 0x1c,
    0x40, 0x1f, 0xfc, 0x66, 0x0, 0xc4, 0x1, 0xff,
    0xd3, 0x20, 0xc, 0x20, 0x1f, 0xfc, 0x72, 0x0,
    0xcc, 0x1, 0xff, 0xd3, 0xe0, 0xc, 0x40, 0x1f,
    0xfc, 0x7e, 0x0, 0xc2, 0x1, 0xff, 0xd3, 0x20,
    0xc, 0xc0, 0x1f, 0xfc, 0x73, 0x0, 0xc4, 0x1,
    0xff, 0xd3, 0x60, 0xc, 0x40, 0x1f, 0xfc, 0x76,
    0x0, 0xdc, 0x1, 0xff, 0xc4, 0x14, 0x4f, 0xfe,
    0x11, 0x0, 0x61, 0x44, 0xff, 0xe3, 0x90, 0x6,
    0x14, 0x4f, 0xfe, 0x8, 0x4, 0x57, 0x7f, 0xfc,
    0x21, 0x0, 0xcd, 0x77, 0xff, 0xc7, 0x10, 0xd,
    0x17, 0x7f, 0xfc, 0x9, 0x0, 0xff, 0xff, 0x80,
    0x7f, 0xff, 0xc0, 0x3f, 0xff, 0xe0, 0x1f, 0xfc,
    0xe3, 0xff, 0xff, 0xe0, 0xa8, 0x6, 0x5f, 0xff,
    0xfe, 0x3a, 0x0, 0x66, 0xff, 0xff, 0xe0, 0xe8,
    0x7, 0xff, 0x15, 0x80, 0x31, 0x0, 0x7f, 0xf1,
    0xdc, 0x3, 0x70, 0x7, 0xff, 0x4c, 0x80, 0x37,
    0x0, 0x7f, 0xf1, 0xc8, 0x3, 0x10, 0x7, 0xff,
    0x4c, 0x40, 0x31, 0x0, 0x7f, 0xf1, 0xc4, 0x3,
    0x30, 0x7, 0xff, 0x48, 0x80, 0x39, 0x40, 0x3f,
    0xf8, 0xc4, 0x1, 0xc4, 0x1, 0xff, 0xd2, 0x60,
    0xe, 0x10, 0xf, 0xfe, 0x33, 0x0, 0x70, 0x80,
    0x7f, 0xf4, 0x88, 0x3, 0x10, 0x7, 0xff, 0x1c,
    0x80, 0x31, 0x0, 0x7f, 0xf4, 0xf8, 0x3, 0x30,
    0x7, 0xff, 0x1f, 0x80, 0x33, 0x0, 0x7f, 0xf4,
    0xc8, 0x3, 0x10, 0x7, 0xff, 0x1c, 0x80, 0x31,
    0x0, 0x7f, 0xf4, 0xd8, 0x3, 0x70, 0x7, 0xff,
    0x1d, 0x80, 0x37, 0x0, 0x7f, 0xf4, 0xc8, 0x3,
    0x10, 0x7, 0xff, 0x1c, 0x80, 0x31, 0x0, 0x7f,
    0xf4, 0xc4, 0x3, 0x30, 0x7, 0xff, 0x1c, 0x40,
    0x33, 0x80, 0x7f, 0xf4, 0x84, 0x3, 0x88, 0x3,
    0xff, 0x8c, 0x40, 0x1c, 0x40, 0x1f, 0xfd, 0x22,
    0x0, 0xe1, 0x0, 0xff, 0xe3, 0x30, 0x6, 0x10,
    0xf, 0xfe, 0x9b, 0x0, 0x62, 0x0, 0xff, 0xe3,
    0x90, 0x6, 0x20, 0xf, 0xfe, 0x99, 0x0, 0x66,
    0x0, 0xff, 0xe3, 0xf0, 0x6, 0x60, 0xf, 0xfe,
    0x9f, 0x0, 0x62, 0x0, 0xff, 0xe3, 0x90, 0x6,
    0x20, 0xf, 0xfe, 0x99, 0x0, 0x6e, 0x0, 0xff,
    0xe3, 0xb0, 0x6, 0xe0, 0xf, 0xfe, 0x38,

    /* U+0024 "$" */
    0x0, 0xff, 0xe5, 0xa4, 0x46, 0x20, 0xf, 0xff,
    0xe, 0x3b, 0xe6, 0x0, 0xff, 0xff, 0x80, 0x7f,
    0xff, 0xc0, 0x3f, 0xff, 0xe0, 0x1f, 0xff, 0xf0,
    0xf, 0xff, 0xf8, 0x7, 0xff, 0xfc, 0x3, 0xff,
    0xfe, 0x1, 0xff, 0xd7, 0xd7, 0x65, 0x31, 0x0,
    0xff, 0xea, 0xa3, 0xce, 0x6f, 0x7b, 0x80, 0x66,
    0x89, 0xac, 0xee, 0x5c, 0x18, 0x7, 0xff, 0x39,
    0x6b, 0xee, 0x18, 0xc8, 0x40, 0x3f, 0xf8, 0x2,
    0x8f, 0x9f, 0x48, 0x1, 0xff, 0xc9, 0x6d, 0xa5,
    0x0, 0xff, 0xe6, 0x2d, 0xf4, 0x8, 0x7, 0xff,
    0x10, 0xb2, 0x48, 0x3, 0xff, 0xa0, 0x2f, 0xd2,
    0x20, 0x1f, 0xfc, 0x16, 0xd3, 0x0, 0xff, 0xea,
    0xb7, 0x30, 0x7, 0xfd, 0x12, 0x1, 0xff, 0xc0,
    0x24, 0x20, 0xc, 0xac, 0xa6, 0x20, 0x1f, 0xfc,
    0x19, 0x80, 0xf, 0xe8, 0x70, 0xf, 0xe2, 0x7b,
    0xfd, 0xb5, 0x0, 0xdd, 0x35, 0x9d, 0xca, 0x62,
    0x0, 0xff, 0x60, 0x7, 0xe6, 0x70, 0xf, 0xc9,
    0x9b, 0x8, 0x1, 0xff, 0xc1, 0x15, 0x9d, 0xc7,
    0x10, 0xf, 0x12, 0x0, 0x7c, 0x52, 0x1, 0xf0,
    0xe5, 0x98, 0x7, 0xff, 0x20, 0xe3, 0xa8, 0x80,
    0x35, 0x80, 0x7e, 0x90, 0xf, 0x93, 0xcc, 0x3,
    0xff, 0x9a, 0xbb, 0x44, 0x2, 0xc0, 0x1f, 0x1a,
    0x0, 0x78, 0xac, 0x40, 0x3f, 0xfa, 0xb, 0xb1,
    0x20, 0x1f, 0xa4, 0x3, 0xec, 0x0, 0xff, 0xea,
    0x3b, 0x80, 0x3f, 0x28, 0x7, 0xa0, 0x40, 0x3f,
    0xfb, 0xaa, 0x1, 0xe1, 0x70, 0xf, 0xfe, 0xf6,
    0x80, 0x79, 0x0, 0x3f, 0xfb, 0xe6, 0x1, 0xef,
    0x0, 0xff, 0xef, 0xb8, 0x7, 0x84, 0x3, 0xff,
    0xbe, 0x20, 0x1e, 0x60, 0xf, 0xff, 0x30, 0x80,
    0x7f, 0xf7, 0xc4, 0x3, 0xcc, 0x1, 0xff, 0xdf,
    0x60, 0xf, 0x60, 0x7, 0xff, 0x7f, 0x40, 0x3c,
    0xe0, 0x1f, 0xfd, 0xf3, 0x0, 0xf0, 0xc0, 0x7,
    0xff, 0x79, 0x4, 0x3, 0xce, 0x80, 0x1f, 0xfd,
    0xe6, 0x0, 0xfa, 0xd4, 0x3, 0xff, 0xbb, 0x20,
    0x1f, 0xaa, 0x40, 0x3f, 0xfb, 0x83, 0x20, 0x1f,
    0x9b, 0x98, 0x3, 0xff, 0xb6, 0xca, 0x1, 0xf8,
    0x67, 0xa4, 0xc0, 0x3f, 0xfb, 0x34, 0x80, 0x1f,
    0xc2, 0xd9, 0xae, 0x60, 0x1f, 0xfd, 0x7b, 0x50,
    0xf, 0xf8, 0xa3, 0x39, 0x40, 0x3f, 0xfa, 0xd5,
    0x22, 0x1, 0xff, 0xc0, 0x12, 0x0, 0xc6, 0x1,
    0xff, 0xd2, 0x6f, 0x70, 0xf, 0xfe, 0x2c, 0x7e,
    0x42, 0x0, 0x7f, 0xf3, 0xc6, 0x35, 0x80, 0x3f,
    0xf8, 0xa6, 0xf7, 0xf4, 0xc2, 0x1, 0xff, 0xcd,
    0x29, 0xf9, 0x30, 0xf, 0xfe, 0x32, 0xcf, 0x5a,
    0x80, 0x7f, 0xf3, 0x9b, 0x3a, 0x50, 0x3, 0xff,
    0x8c, 0x95, 0xce, 0x1, 0xff, 0xce, 0x16, 0xbf,
    0xb7, 0x30, 0xf, 0xfe, 0x20, 0xc7, 0x38, 0x7,
    0xff, 0x41, 0x23, 0x1c, 0x3, 0xff, 0x8a, 0x31,
    0xa6, 0x1, 0xff, 0xd6, 0x75, 0x10, 0xf, 0xfe,
    0x1, 0x63, 0x0, 0x7f, 0xf5, 0x72, 0xbb, 0x1c,
    0x40, 0x3f, 0xe9, 0x70, 0xf, 0xfe, 0xb9, 0xc7,
    0x5a, 0x80, 0x7f, 0xa1, 0x80, 0x3f, 0xfb, 0x29,
    0x5c, 0xe0, 0x1f, 0xd2, 0x40, 0x1f, 0xfd, 0xa1,
    0x8d, 0x30, 0xf, 0xdc, 0x1, 0xff, 0xdc, 0x2c,
    0x60, 0xf, 0x8d, 0x0, 0x3f, 0xfb, 0xb2, 0xc0,
    0x1f, 0x70, 0x7, 0xff, 0x7a, 0x48, 0x3, 0xca,
    0x1, 0xff, 0xdf, 0x80, 0xf, 0x88, 0x3, 0xff,
    0xbc, 0xa2, 0x1, 0xe7, 0x0, 0xff, 0xef, 0xa0,
    0x7, 0x88, 0x3, 0xff, 0xbe, 0x60, 0x1f, 0xfe,
    0x61, 0x0, 0xf7, 0x80, 0x7f, 0xf7, 0xc4, 0x3,
    0xde, 0x1, 0xff, 0xdf, 0x20, 0xf, 0x10, 0x7,
    0xff, 0x7d, 0x40, 0x3c, 0xe0, 0x15, 0x0, 0x7f,
    0xf6, 0x90, 0x40, 0x38, 0x48, 0x0, 0xeb, 0x82,
    0x1, 0xff, 0xd8, 0x80, 0xf, 0x38, 0x5, 0x20,
    0x7e, 0xa0, 0x1f, 0xfd, 0x65, 0x30, 0xf, 0x68,
    0x1, 0xc4, 0x0, 0x35, 0x41, 0x0, 0xff, 0xe9,
    0x9d, 0x0, 0x78, 0xd0, 0x1, 0x20, 0x1c, 0xbd,
    0x2, 0x1, 0xff, 0xd0, 0x3d, 0x0, 0xfa, 0x0,
    0x8, 0x20, 0x1f, 0x3f, 0x49, 0x0, 0x7f, 0xf3,
    0x5b, 0x4, 0x3, 0xca, 0x80, 0x4, 0x90, 0xf,
    0xe6, 0xdc, 0x62, 0x0, 0xff, 0xe4, 0x36, 0xc8,
    0x7, 0xc5, 0x40, 0x19, 0xac, 0x40, 0x3f, 0x8e,
    0x77, 0xa9, 0xd4, 0xc8, 0x44, 0x1, 0xc2, 0x46,
    0xb1, 0x9f, 0x24, 0x1, 0xf0, 0xf8, 0x7, 0x93,
    0xd0, 0x3, 0xfe, 0x15, 0x8a, 0xcd, 0xe6, 0x0,
    0xd7, 0xdb, 0x94, 0xe6, 0x1, 0xfc, 0x58, 0x40,
    0x1f, 0xd, 0xd8, 0x80, 0x3f, 0xfb, 0x9, 0x84,
    0x1, 0xfe, 0x4d, 0x92, 0x0, 0xff, 0xea, 0xc,
    0xd8, 0x80, 0x7f, 0xf0, 0x5b, 0x6d, 0x0, 0x3f,
    0xfa, 0x2, 0xfe, 0xc0, 0x1f, 0xfc, 0x54, 0xbf,
    0xa5, 0x10, 0xf, 0xfe, 0x52, 0x4f, 0x40, 0x80,
    0x7f, 0xf2, 0x56, 0xbb, 0x69, 0xd4, 0xc4, 0x40,
    0x1f, 0x84, 0x8d, 0xa2, 0xfe, 0xd8, 0x3, 0xff,
    0x9e, 0x4b, 0x15, 0x9d, 0xcf, 0x70, 0xd, 0x7f,
    0xdb, 0x92, 0xe8, 0x1, 0xff, 0xff, 0x0, 0xff,
    0xff, 0x80, 0x7f, 0xff, 0xc0, 0x3f, 0xff, 0xe0,
    0x1f, 0xff, 0xf0, 0xf, 0xff, 0xf8, 0x7, 0xff,
    0xfc,

    /* U+0025 "%" */
    0x0, 0xff, 0x85, 0x19, 0xdc, 0xca, 0x40, 0x1f,
    0xff, 0x27, 0xce, 0xb9, 0x88, 0x4d, 0x6f, 0x49,
    0x0, 0x7f, 0xf5, 0x5f, 0xff, 0x8c, 0x3, 0xff,
    0x8a, 0xdd, 0x6, 0x1, 0xf8, 0x5b, 0x68, 0x40,
    0x3f, 0xfa, 0x45, 0x0, 0x19, 0xcc, 0x3, 0xff,
    0x86, 0x37, 0x22, 0x1, 0xff, 0xc1, 0x5f, 0x30,
    0xf, 0xfe, 0x8f, 0x0, 0x62, 0x80, 0xf, 0xfe,
    0x18, 0xe2, 0x0, 0x7c, 0x24, 0x1, 0xf0, 0xe2,
    0x0, 0x7f, 0xf3, 0xdc, 0xc0, 0x37, 0x0, 0x7f,
    0xf1, 0x30, 0x80, 0x30, 0xbe, 0x7f, 0x6f, 0xf4,
    0x98, 0x7, 0x59, 0x80, 0x7f, 0xf3, 0x4e, 0x0,
    0x34, 0x18, 0x7, 0xff, 0xe, 0x88, 0x3, 0x2f,
    0xc1, 0x80, 0x61, 0x6c, 0x90, 0xe, 0xd1, 0x0,
    0xff, 0xe6, 0x70, 0x6, 0x37, 0x0, 0xff, 0xe1,
    0xa2, 0x80, 0x66, 0xa1, 0x0, 0xfe, 0x6c, 0x0,
    0xc3, 0x60, 0x1f, 0xfc, 0xb8, 0x20, 0xd, 0xc0,
    0x1f, 0xfc, 0x49, 0x0, 0xcb, 0x20, 0x1f, 0xfc,
    0x3, 0xb0, 0xc, 0xa6, 0x1, 0xff, 0xc9, 0x37,
    0x0, 0xd2, 0x40, 0x1f, 0xfc, 0x35, 0x20, 0x8,
    0x6c, 0x3, 0xff, 0x84, 0x8c, 0x1, 0xa0, 0x3,
    0xff, 0x93, 0xc0, 0x19, 0x18, 0x3, 0xff, 0x89,
    0xc0, 0x1a, 0x4, 0x3, 0xff, 0x87, 0x0, 0x19,
    0x4, 0x3, 0xff, 0x8f, 0x24, 0x1, 0xa8, 0x3,
    0xff, 0x8a, 0x80, 0x19, 0x80, 0x3f, 0xf8, 0x82,
    0xc0, 0x19, 0xc0, 0x3f, 0xf8, 0xc8, 0xc0, 0x1a,
    0x84, 0x3, 0xff, 0x88, 0x80, 0x19, 0x40, 0x3f,
    0xf8, 0xd4, 0x1, 0xb4, 0x3, 0xff, 0x8a, 0x34,
    0x1, 0x95, 0x40, 0x1f, 0xfc, 0x5c, 0x0, 0xd8,
    0x1, 0xff, 0xc6, 0x30, 0xc, 0xa0, 0x1f, 0xfc,
    0x5b, 0x10, 0x8, 0x6c, 0x3, 0xff, 0x8c, 0x60,
    0x19, 0x0, 0x3f, 0xf8, 0xe6, 0x1, 0x8, 0x80,
    0x3f, 0xf8, 0x6a, 0xa0, 0xd, 0x62, 0x1, 0xff,
    0xc6, 0x70, 0xc, 0x40, 0x1f, 0xfc, 0x75, 0x0,
    0xc4, 0x1, 0xff, 0xc2, 0x1b, 0x0, 0xca, 0xa0,
    0xf, 0xfe, 0x39, 0x0, 0x7f, 0xf3, 0x4, 0x3,
    0x38, 0x7, 0xff, 0xa, 0x84, 0x2, 0x1a, 0x0,
    0xff, 0xe4, 0x8, 0x4, 0x20, 0x1f, 0xfc, 0x8f,
    0x0, 0xc2, 0x1, 0xff, 0xc1, 0x64, 0x0, 0xd4,
    0x1, 0xff, 0xcd, 0x30, 0xf, 0xfe, 0xd1, 0x48,
    0x6, 0x64, 0x0, 0xff, 0xe4, 0x88, 0x4, 0x60,
    0x1f, 0xfc, 0x8f, 0x0, 0xff, 0xe2, 0xf0, 0x6,
    0x29, 0x0, 0xff, 0xe7, 0x8, 0x7, 0xff, 0x20,
    0x40, 0x30, 0x80, 0x7f, 0xce, 0x60, 0x1b, 0x80,
    0x3f, 0xf9, 0x64, 0x1, 0xff, 0xcc, 0x30, 0xc,
    0xe0, 0x1f, 0xe2, 0x80, 0xc, 0xe6, 0x1, 0xff,
    0xcb, 0x60, 0xc, 0x60, 0x1f, 0xfc, 0x77, 0x0,
    0xc4, 0x1, 0xfe, 0xe0, 0xc, 0x50, 0x1, 0xff,
    0xcc, 0xd0, 0xc, 0xa0, 0x1f, 0xfc, 0x72, 0x0,
    0x84, 0x40, 0x1f, 0xd0, 0x60, 0x1b, 0xc0, 0x3f,
    0xf9, 0xa6, 0x1, 0xb4, 0x3, 0xff, 0x8c, 0x80,
    0x19, 0x0, 0x3f, 0x8d, 0xc0, 0x34, 0x10, 0x7,
    0xff, 0x35, 0x0, 0x32, 0x8, 0x7, 0xff, 0x17,
    0x80, 0x37, 0x80, 0x7f, 0x70, 0x6, 0x37, 0x0,
    0xff, 0xe7, 0xb0, 0x6, 0x60, 0xf, 0xfe, 0x21,
    0x28, 0x6, 0x50, 0xf, 0xd0, 0x40, 0x1b, 0x80,
    0x3f, 0xfa, 0x14, 0x1, 0xa0, 0x80, 0x3f, 0xf8,
    0x72, 0x1, 0x98, 0x3, 0xf2, 0x38, 0x6, 0x92,
    0x0, 0xff, 0xe8, 0x1a, 0x0, 0x6e, 0x0, 0xff,
    0xe1, 0x32, 0x0, 0x6b, 0x0, 0xfd, 0x40, 0x19,
    0x18, 0x3, 0xff, 0xa5, 0x20, 0x18, 0xec, 0x3,
    0xff, 0x80, 0xb2, 0x1, 0x9c, 0x80, 0x3e, 0x91,
    0x0, 0x86, 0x80, 0x3f, 0xfa, 0x65, 0x0, 0x19,
    0x34, 0xc0, 0x3f, 0xa6, 0x80, 0x31, 0x40, 0x7,
    0xc8, 0xc0, 0x1a, 0xc4, 0x3, 0xff, 0xa8, 0xea,
    0x1, 0x8b, 0x2d, 0x88, 0x40, 0x92, 0x79, 0x80,
    0x30, 0xf8, 0x7, 0xc3, 0x40, 0x19, 0x54, 0x1,
    0xff, 0x9, 0xa2, 0xa1, 0x80, 0x7f, 0xf1, 0x69,
    0x0, 0x39, 0x27, 0x7b, 0xf6, 0xd8, 0x40, 0x30,
    0xe9, 0x0, 0x7d, 0x62, 0x1, 0xd, 0x80, 0x7f,
    0x14, 0x6f, 0x65, 0xd5, 0xe7, 0xe3, 0x88, 0x7,
    0xff, 0xa, 0xdc, 0x3, 0xff, 0x88, 0x78, 0x60,
    0x1f, 0x2a, 0x80, 0x35, 0x8, 0x7, 0xc5, 0x5a,
    0xe4, 0x1, 0xf1, 0xc7, 0x48, 0x80, 0x7f, 0xf0,
    0x62, 0xcc, 0x3, 0xff, 0x80, 0x31, 0x84, 0x1,
    0xf0, 0xd8, 0x6, 0x64, 0x0, 0xf9, 0x75, 0x40,
    0x3f, 0xf8, 0x2d, 0xe6, 0x1, 0xff, 0xc1, 0x4c,
    0xb5, 0x10, 0xf, 0x92, 0x79, 0xc0, 0x3f, 0xa8,
    0x40, 0x21, 0x90, 0xf, 0x9e, 0x80, 0x3f, 0xf8,
    0x83, 0x8a, 0x1, 0xff, 0xc2, 0x4a, 0xee, 0x65,
    0xd5, 0xef, 0xdb, 0x0, 0x7f, 0x99, 0x0, 0x35,
    0x0, 0x7c, 0xd0, 0x1, 0xc7, 0x19, 0xdf, 0xd8,
    0xe2, 0x1, 0xd4, 0x80, 0x1f, 0xfc, 0x41, 0x34,
    0x54, 0x20, 0xf, 0xfe, 0x1, 0x48, 0x6, 0x64,
    0x0, 0xf1, 0xc8, 0x6, 0x1a, 0xc7, 0x31, 0x1,
    0x38, 0xe8, 0x0, 0xea, 0x10, 0xf, 0xfe, 0xaf,
    0x0, 0x62, 0x90, 0xf, 0xb8, 0x3, 0x17, 0xa8,
    0x7, 0xf3, 0xe0, 0x6, 0x1a, 0x0, 0xff, 0xea,
    0x39, 0x80, 0x6e, 0x0, 0xf9, 0xc8, 0x2, 0x1c,
    0x10, 0xf, 0xf8, 0xec, 0x3, 0x22, 0x0, 0x3f,
    0xfa, 0x45, 0x0, 0x19, 0xcc, 0x3, 0xe9, 0x0,
    0xd6, 0x20, 0x1f, 0xfc, 0x14, 0x60, 0xd, 0x0,
    0x1f, 0xfd, 0x2e, 0x0, 0xc7, 0x0, 0x1f, 0x30,
    0x80, 0x48, 0xa0, 0x1f, 0xfc, 0x39, 0x10, 0x8,
    0xc8, 0x3, 0xff, 0xa1, 0x6, 0x1, 0xb8, 0x3,
    0xf6, 0x80, 0x6f, 0x0, 0xff, 0xe2, 0xb0, 0x6,
    0xa0, 0xf, 0xfe, 0x79, 0xb8, 0x6, 0x82, 0x0,
    0xfc, 0x80, 0x10, 0xa0, 0x7, 0xff, 0x16, 0x80,
    0x32, 0x0, 0x7f, 0xf3, 0xf8, 0x3, 0x1b, 0x80,
    0x7e, 0x40, 0xc, 0x80, 0x1f, 0xfc, 0x62, 0x20,
    0x4, 0x60, 0x1f, 0xfc, 0xe9, 0x20, 0xd, 0xc0,
    0x1f, 0xc6, 0x1, 0xb4, 0x3, 0xff, 0x8e, 0xe0,
    0x18, 0xc0, 0x3f, 0xf9, 0x88, 0xc0, 0x1a, 0x48,
    0x3, 0xfb, 0x80, 0x32, 0x0, 0x7f, 0xf1, 0xf4,
    0x3, 0x30, 0x7, 0xff, 0x32, 0x80, 0x32, 0x30,
    0x7, 0xf8, 0xc0, 0x30, 0x80, 0x7f, 0xf1, 0xc4,
    0x3, 0x10, 0x7, 0xff, 0x2e, 0x84, 0x2, 0x1a,
    0x0, 0xff, 0x84, 0x3, 0x18, 0x7, 0xff, 0x1c,
    0xc0, 0x37, 0x80, 0x7f, 0xf2, 0x95, 0x40, 0x1a,
    0xc4, 0x3, 0xfe, 0x70, 0xc, 0x20, 0x1f, 0xfc,
    0x71, 0x0, 0xff, 0xe7, 0xd, 0x80, 0x65, 0x50,
    0x7, 0xff, 0xd2, 0xc4, 0x2, 0x1b, 0x0, 0xff,
    0xe0, 0xb8, 0x6, 0x10, 0xf, 0xfe, 0x38, 0x80,
    0x6f, 0x0, 0xff, 0xe4, 0x2a, 0x80, 0x35, 0x8,
    0x7, 0xff, 0x4, 0x40, 0x31, 0x80, 0x7f, 0xf1,
    0xcc, 0x3, 0x8, 0x7, 0xff, 0x1c, 0x68, 0x3,
    0x32, 0x0, 0x7f, 0xf0, 0x88, 0x3, 0x30, 0x7,
    0xff, 0x1f, 0x80, 0x31, 0x0, 0x7f, 0xf1, 0xe8,
    0x3, 0xc, 0x80, 0x7f, 0xf0, 0xf4, 0x3, 0x60,
    0x7, 0xff, 0x1c, 0xc0, 0x33, 0x0, 0x7f, 0xf1,
    0x99, 0x0, 0x35, 0x0, 0x7f, 0xf1, 0x1c, 0x3,
    0x18, 0x7, 0xff, 0x1d, 0x40, 0x21, 0x20, 0xf,
    0xfe, 0x29, 0x48, 0x6, 0x74, 0x0, 0xff, 0xe2,
    0x10, 0x80, 0x48, 0x20, 0x1f, 0xfc, 0x54, 0x10,
    0x9, 0x0, 0x3f, 0xf8, 0xdc, 0x1, 0x8a, 0x0,
    0x3f, 0xf8, 0xce, 0x1, 0x9c, 0x3, 0xff, 0x8b,
    0xc0, 0x1b, 0x0, 0x3f, 0xf8, 0xae, 0x60, 0x1b,
    0x80, 0x3f, 0xf8, 0xf4, 0x1, 0xa0, 0x3, 0xff,
    0x88, 0x4a, 0x1, 0x98, 0x3, 0xff, 0x88, 0x50,
    0x1, 0x9c, 0xc0, 0x3f, 0xf8, 0xe6, 0x60, 0x8,
    0x60, 0x3, 0xff, 0x87, 0xc0, 0x19, 0x80, 0x3f,
    0xf8, 0xbe, 0x1, 0x8e, 0x0, 0x3f, 0xf9, 0x30,
    0x1, 0x9d, 0x40, 0x3f, 0xf8, 0x30, 0x60, 0x1a,
    0x0, 0x3f, 0xf8, 0x90, 0x40, 0x1b, 0x80, 0x3f,
    0xf9, 0x48, 0xa0, 0x1a, 0x94, 0x3, 0xfe, 0x87,
    0x0, 0xd0, 0x20, 0x1f, 0xfc, 0x33, 0x70, 0xd,
    0x4, 0x1, 0xff, 0xcb, 0xb2, 0x0, 0xd5, 0x42,
    0x0, 0xf8, 0xf1, 0xc0, 0x32, 0x38, 0x7, 0xff,
    0x13, 0x80, 0x31, 0xb8, 0x7, 0xff, 0x30, 0x7c,
    0x40, 0x32, 0xee, 0x43, 0x2b, 0xc6, 0xe1, 0x80,
    0x62, 0xa0, 0xf, 0xfe, 0x24, 0x90, 0x6, 0xe0,
    0xf, 0xfe, 0x71, 0x60, 0x80, 0x71, 0xbc, 0xd4,
    0x39, 0x0, 0x71, 0xe0, 0x80, 0x7f, 0xf0, 0xd1,
    0x80, 0x34, 0x90, 0x7, 0xff, 0x3c, 0xbd, 0x0,
    0x3f, 0xf8, 0x6d, 0x82, 0x1, 0xff, 0xc3, 0x1a,
    0x0, 0xc8, 0xc0, 0x1f, 0xfd, 0x11, 0xba, 0x20,
    0xf, 0xf9, 0x32, 0x40, 0x3f, 0xf8, 0xb6, 0x20,
    0x10, 0xd0, 0x7, 0xff, 0x51, 0x77, 0x1d, 0x4,
    0x2, 0x24, 0x8d, 0xb3, 0x0, 0xfc,

    /* U+0026 "&" */
    0x0, 0xff, 0xe5, 0x1a, 0xb3, 0xb9, 0x95, 0x4,
    0x3, 0xff, 0xc4, 0x73, 0xbf, 0x95, 0x31, 0x9,
    0xab, 0xed, 0x93, 0x0, 0xff, 0xee, 0xb6, 0xe3,
    0x10, 0x7, 0xf8, 0x9b, 0x30, 0x80, 0x1f, 0xfd,
    0x92, 0xc9, 0x20, 0xf, 0xfe, 0x21, 0xdd, 0x8,
    0x7, 0xff, 0x59, 0x74, 0xc0, 0x3f, 0xf9, 0xb,
    0x84, 0x1, 0xff, 0xd4, 0x5a, 0x0, 0xfe, 0x24,
    0x56, 0x53, 0x0, 0xfc, 0x58, 0x20, 0x1f, 0xfd,
    0x23, 0xa0, 0xf, 0x92, 0xff, 0x6e, 0xa6, 0xb3,
    0xed, 0x0, 0x3c, 0x34, 0x1, 0xff, 0xd2, 0xe0,
    0xf, 0xd, 0xd9, 0x0, 0x3f, 0x25, 0xd8, 0x40,
    0x39, 0x14, 0x3, 0xff, 0xa0, 0xe4, 0x1, 0xc5,
    0xe8, 0x1, 0xff, 0xc0, 0x4c, 0x10, 0xe, 0x80,
    0xf, 0xfe, 0x84, 0x80, 0x7b, 0xc4, 0x3, 0xff,
    0x84, 0x54, 0x1, 0xc4, 0x40, 0xf, 0xfe, 0x71,
    0x88, 0x7, 0x41, 0x0, 0x7f, 0xf1, 0x10, 0xc0,
    0x39, 0x0, 0x3f, 0xf9, 0xd6, 0x1, 0xe6, 0x0,
    0xff, 0xe3, 0x50, 0x7, 0x78, 0x7, 0xff, 0x38,
    0x80, 0x38, 0xc4, 0x3, 0xff, 0x8c, 0xa0, 0x1c,
    0x40, 0x1f, 0xfc, 0xe6, 0x0, 0xe5, 0x0, 0xff,
    0xe3, 0x90, 0x7, 0x38, 0x7, 0xff, 0x38, 0x40,
    0x38, 0x40, 0x3f, 0xf9, 0xae, 0x1, 0xff, 0xce,
    0x10, 0xf, 0xfe, 0x69, 0x0, 0x70, 0x80, 0x7f,
    0xf3, 0x9c, 0x3, 0x88, 0x3, 0xff, 0x8e, 0x80,
    0x1c, 0x40, 0x1f, 0xfc, 0xe2, 0x0, 0xe7, 0x0,
    0xff, 0xe3, 0xd0, 0x7, 0x58, 0x7, 0xff, 0x3b,
    0xc0, 0x38, 0x88, 0x1, 0xff, 0xc5, 0x52, 0x0,
    0xe3, 0x0, 0xff, 0xe7, 0x38, 0x7, 0xac, 0x3,
    0xff, 0x88, 0x36, 0x1, 0xce, 0x1, 0xff, 0xcf,
    0x13, 0x0, 0xe6, 0x20, 0xf, 0xfe, 0x1e, 0x88,
    0x7, 0x48, 0x7, 0xff, 0x42, 0x40, 0x3d, 0x20,
    0x1f, 0xfc, 0x11, 0xc3, 0x0, 0xe9, 0x10, 0xf,
    0xfe, 0x82, 0x90, 0x7, 0x23, 0x0, 0x7f, 0xc5,
    0x86, 0x1, 0xca, 0xc0, 0x1f, 0xfd, 0x29, 0x0,
    0xf4, 0x98, 0x7, 0xf2, 0xe9, 0x0, 0x71, 0xd0,
    0x7, 0xff, 0x4d, 0x14, 0x3, 0xda, 0x20, 0x1e,
    0x1a, 0xa0, 0x7, 0x8f, 0x0, 0x3f, 0xfa, 0xb4,
    0x40, 0x1c, 0x38, 0x20, 0x19, 0x7d, 0x40, 0x3c,
    0xb8, 0x1, 0xff, 0xd7, 0xf0, 0xf, 0x16, 0x80,
    0xb, 0x28, 0x40, 0x3d, 0x14, 0x1, 0xff, 0xd8,
    0x2b, 0x0, 0xf1, 0xdc, 0xe9, 0x80, 0x78, 0x71,
    0xc0, 0x3f, 0xfb, 0x49, 0x20, 0x1e, 0x46, 0x0,
    0xf9, 0x7c, 0xc0, 0x3f, 0xfb, 0x8d, 0x0, 0x1f,
    0xfc, 0x2, 0xba, 0x10, 0xf, 0xfe, 0xf3, 0xa0,
    0x7, 0xf9, 0xf5, 0x0, 0x3f, 0xfb, 0xe5, 0x68,
    0x1, 0xfd, 0xb0, 0x1, 0xff, 0xe0, 0x8d, 0x40,
    0xf, 0xf7, 0x0, 0x7f, 0xf7, 0xcf, 0x5c, 0x3,
    0xff, 0x80, 0x76, 0x1, 0xff, 0xdd, 0x8c, 0x20,
    0xf, 0x8c, 0x3, 0xc9, 0x60, 0x1f, 0xfd, 0xa1,
    0xc7, 0x0, 0xf9, 0x37, 0x14, 0x3, 0xc9, 0x60,
    0x1f, 0xfd, 0x83, 0xf3, 0x0, 0xf0, 0xdd, 0x88,
    0x29, 0x40, 0x3c, 0x96, 0x1, 0xff, 0xd6, 0x5c,
    0x10, 0xf, 0x37, 0x20, 0x6, 0xa5, 0x0, 0xf2,
    0x50, 0x7, 0xff, 0x10, 0x90, 0x3, 0xff, 0x84,
    0xd4, 0x1, 0xe1, 0xb9, 0x0, 0xfa, 0x94, 0x3,
    0xcb, 0x40, 0x1f, 0xfc, 0x35, 0xbe, 0xa5, 0x0,
    0xff, 0x34, 0x80, 0x78, 0xfd, 0x0, 0x3f, 0xa9,
    0x0, 0x3c, 0xb4, 0x1, 0xff, 0xc2, 0xc0, 0x15,
    0xaf, 0x30, 0xf, 0x92, 0x40, 0x3c, 0xd8, 0x20,
    0x1f, 0xf5, 0xa0, 0x7, 0x96, 0x80, 0x3f, 0xf8,
    0x2a, 0x1, 0xc6, 0x1, 0xe1, 0xa0, 0xf, 0x3c,
    0x80, 0x7f, 0xf0, 0xad, 0x0, 0x3c, 0xb2, 0x1,
    0xff, 0x10, 0x80, 0x63, 0x0, 0xfa, 0xc4, 0x3,
    0x9a, 0x0, 0x3f, 0xf8, 0x96, 0x60, 0x1e, 0x69,
    0x0, 0xff, 0x28, 0x7, 0x20, 0x7, 0x91, 0x40,
    0x38, 0xe4, 0x3, 0xff, 0x8d, 0x86, 0x1, 0xe6,
    0x90, 0xf, 0xeb, 0x0, 0xec, 0x0, 0xf7, 0x80,
    0x7b, 0x80, 0x3f, 0xf9, 0x18, 0x60, 0x1e, 0x68,
    0x0, 0xf8, 0x8c, 0x3, 0xa, 0x0, 0x71, 0x20,
    0x7, 0x31, 0x0, 0x7f, 0xf2, 0x70, 0xc0, 0x3c,
    0xf0, 0x1, 0xea, 0x0, 0xe7, 0x0, 0xf5, 0x0,
    0x7a, 0xc0, 0x3f, 0xf9, 0x7a, 0x60, 0x1e, 0x78,
    0x0, 0xe6, 0x0, 0xed, 0x0, 0xf2, 0x0, 0x71,
    0x10, 0x3, 0xff, 0x96, 0x3a, 0x40, 0x1e, 0x77,
    0x0, 0x4a, 0x20, 0x18, 0x50, 0x3, 0xc6, 0x1,
    0xce, 0x1, 0xff, 0xcd, 0x1c, 0x20, 0xf, 0x43,
    0x80, 0x20, 0x3, 0x98, 0x3, 0xc4, 0x1, 0xed,
    0x0, 0xff, 0xe7, 0xe, 0x10, 0x7, 0xa1, 0xd4,
    0x80, 0x3a, 0x40, 0x3c, 0x20, 0x1f, 0xfd, 0x61,
    0xc2, 0x0, 0xf4, 0x58, 0x7, 0x30, 0x80, 0x79,
    0xc0, 0x3f, 0xfa, 0xe3, 0x82, 0x1, 0xe1, 0x0,
    0xeb, 0x0, 0xf9, 0xc0, 0x3d, 0xe0, 0x1f, 0xfd,
    0x11, 0xc1, 0x0, 0xff, 0x31, 0x0, 0x7c, 0x20,
    0x1e, 0x30, 0xf, 0xfe, 0x91, 0x60, 0x80, 0x7e,
    0x18, 0x0, 0xfc, 0x40, 0x1e, 0x40, 0xf, 0xfe,
    0x99, 0x60, 0x80, 0x7c, 0xc2, 0x1, 0xfc, 0x60,
    0x1e, 0x70, 0xf, 0xfe, 0x99, 0x38, 0x7, 0xce,
    0x80, 0x1f, 0xd6, 0x1, 0xe9, 0x10, 0xf, 0xfe,
    0x94, 0x30, 0x7, 0xeb, 0x40, 0xf, 0xcc, 0x1,
    0xe1, 0xa0, 0xf, 0xfe, 0x8c, 0xb8, 0x7, 0xfa,
    0xcc, 0x3, 0xe1, 0x60, 0xf, 0x25, 0x0, 0x7f,
    0xf3, 0x8b, 0x18, 0x3, 0xff, 0x81, 0x86, 0x1,
    0xf4, 0x8, 0x7, 0x97, 0x8, 0x3, 0xff, 0x96,
    0xfa, 0x60, 0x1e, 0x50, 0xf, 0xb4, 0xc0, 0x3c,
    0x34, 0x1, 0xf1, 0xec, 0x0, 0x7f, 0xf2, 0x1b,
    0x60, 0x3, 0xe6, 0xac, 0x0, 0xf0, 0xe9, 0x0,
    0x79, 0x20, 0x3, 0xf3, 0xf4, 0x98, 0x7, 0xff,
    0x9, 0x27, 0xa4, 0x80, 0x3e, 0x89, 0x3, 0xb0,
    0xf, 0xe, 0x10, 0x7, 0x9e, 0x0, 0x3f, 0xb,
    0x67, 0x5c, 0x2a, 0x19, 0x19, 0x91, 0xe7, 0x3e,
    0xd8, 0x40, 0x3e, 0x1b, 0x70, 0x9, 0x2c, 0x3,
    0xc3, 0x84, 0x1, 0xe7, 0xa0, 0xf, 0xf0, 0xa3,
    0xd5, 0xe6, 0xe6, 0x2e, 0x18, 0xc0, 0x3f, 0xc9,
    0x88, 0x1, 0xc9, 0x60, 0x1e, 0x1c, 0x20, 0xf,
    0x2e, 0xa0, 0x7, 0xff, 0x44, 0x6a, 0xc8, 0x3,
    0xe4, 0xa0, 0xf, 0xc, 0x80, 0x7c, 0x57, 0x44,
    0x1, 0xff, 0xcd, 0x19, 0xe5, 0x0, 0xff, 0x2d,
    0x0, 0x70, 0xc8, 0x7, 0xf2, 0xed, 0xa8, 0x7,
    0xff, 0x25, 0x6b, 0x98, 0x3, 0xff, 0x82, 0xb2,
    0x1, 0xb4, 0x80, 0x3f, 0xe4, 0xae, 0xa6, 0x20,
    0xf, 0xfe, 0x9, 0xbd, 0x7d, 0x28, 0x7, 0xff,
    0x11, 0xa4, 0x1, 0x46, 0x1, 0xff, 0xc2, 0x15,
    0x9d, 0xfd, 0xb9, 0x94, 0x45, 0x35, 0x9d, 0xf9,
    0xa, 0x1, 0xff, 0xc8, 0x68, 0x82, 0x80, 0x0,

    /* U+0027 "'" */
    0x5f, 0xfe, 0xa0, 0xf, 0xfe, 0x9, 0x88, 0x7,
    0xff, 0x38, 0x5c, 0x3, 0xff, 0x8f, 0xe2, 0x1,
    0xff, 0xc7, 0x13, 0x0, 0xff, 0xe3, 0x98, 0x7,
    0xc2, 0x1, 0xff, 0xc7, 0x10, 0xf, 0xfe, 0x43,
    0x80, 0x80, 0x7f, 0xf0, 0x6e, 0x67, 0x10,

    /* U+0028 "(" */
    0x0, 0xff, 0x8b, 0xff, 0xcc, 0x1, 0xff, 0x48,
    0x7, 0x13, 0x0, 0x7f, 0x91, 0x0, 0x1d, 0x0,
    0x1f, 0xf4, 0x80, 0x71, 0xa8, 0x7, 0xf9, 0x48,
    0x3, 0xa0, 0x3, 0xfe, 0x80, 0xe, 0x34, 0x0,
    0xff, 0x21, 0x0, 0x74, 0x80, 0x7f, 0xde, 0x1,
    0xc2, 0xa0, 0x1f, 0xe3, 0x40, 0xe, 0x90, 0xf,
    0xfa, 0x40, 0x3c, 0xc0, 0x1f, 0xf2, 0x80, 0x72,
    0x88, 0x7, 0xf9, 0x40, 0x3d, 0xc0, 0x1f, 0xf7,
    0x0, 0x70, 0xa0, 0x7, 0xf8, 0x50, 0x3, 0x9c,
    0x3, 0xfe, 0x60, 0xf, 0x50, 0x7, 0xfd, 0x60,
    0x1c, 0x46, 0x1, 0xff, 0x18, 0x7, 0x20, 0x7,
    0xfc, 0xa0, 0x1e, 0xd0, 0xf, 0xfb, 0x0, 0x3c,
    0x80, 0x1f, 0xf3, 0x80, 0x71, 0x80, 0x7f, 0xc4,
    0x20, 0x1d, 0x60, 0x1f, 0xf2, 0x0, 0x79, 0x0,
    0x3f, 0xef, 0x0, 0xf1, 0x80, 0x7f, 0xc8, 0x1,
    0xc4, 0x1, 0xff, 0xc0, 0x20, 0xe, 0x70, 0xf,
    0xf9, 0x0, 0x3d, 0x80, 0x1f, 0xf1, 0x80, 0x79,
    0x40, 0x3f, 0xee, 0x0, 0xf1, 0x0, 0x7f, 0xc4,
    0x1, 0xc2, 0x20, 0xf, 0xf9, 0x40, 0x38, 0x80,
    0x3f, 0xf8, 0x2, 0x1, 0xcc, 0x1, 0xff, 0x18,
    0x7, 0x88, 0x3, 0xfe, 0x60, 0xf, 0x70, 0x7,
    0xfc, 0x60, 0x1e, 0x20, 0xf, 0xf8, 0x40, 0x3c,
    0xe0, 0x1f, 0xf7, 0x0, 0x78, 0x80, 0x3f, 0xe3,
    0x0, 0xf0, 0x80, 0x7f, 0xcc, 0x1, 0xff, 0xc6,
    0x10, 0xe, 0x10, 0xf, 0xfe, 0x31, 0x80, 0x7f,
    0xf0, 0xc, 0x3, 0xff, 0x98, 0x20, 0x1f, 0xfc,
    0x1, 0x0, 0xff, 0xe6, 0x38, 0x7, 0xff, 0xfd,
    0xc0, 0x3f, 0xf8, 0x2, 0x1, 0xff, 0xcc, 0x10,
    0xf, 0xfe, 0x1, 0x80, 0x7f, 0xf3, 0xc, 0x3,
    0xff, 0x80, 0x20, 0x1c, 0x20, 0x1f, 0xfc, 0x6,
    0x0, 0xff, 0xe3, 0x18, 0x7, 0x84, 0x3, 0xfe,
    0xe0, 0xf, 0x10, 0x7, 0xfc, 0x20, 0x1e, 0x70,
    0xf, 0xf8, 0xc0, 0x3c, 0x40, 0x1f, 0xf3, 0x80,
    0x7b, 0x80, 0x3f, 0xe2, 0x0, 0xf1, 0x0, 0x7f,
    0xf0, 0x4, 0x3, 0x98, 0x3, 0xff, 0x80, 0xa0,
    0x1c, 0x40, 0x1f, 0xfc, 0x2, 0x0, 0xe1, 0x10,
    0x7, 0xfd, 0xe0, 0x1e, 0x20, 0xf, 0xf9, 0x40,
    0x3c, 0xa0, 0x1f, 0xf1, 0x80, 0x7b, 0x0, 0x3f,
    0xf8, 0x6, 0x1, 0xce, 0x1, 0xff, 0xc0, 0x50,
    0xe, 0x20, 0xf, 0xfe, 0x6, 0x0, 0x78, 0xc0,
    0x3f, 0xe7, 0x0, 0xf2, 0x0, 0x7f, 0xc4, 0x20,
    0x1d, 0x60, 0x1f, 0xfc, 0x7, 0x0, 0xe3, 0x0,
    0xff, 0xe0, 0x68, 0x7, 0x90, 0x3, 0xfe, 0x40,
    0xf, 0x68, 0x7, 0xff, 0x1, 0x0, 0x39, 0x0,
    0x3f, 0xf8, 0x1a, 0x1, 0xc4, 0x60, 0x1f, 0xf3,
    0x80, 0x7a, 0x80, 0x3f, 0xe1, 0x40, 0xe, 0x70,
    0xf, 0xfe, 0x7, 0x0, 0x70, 0xa0, 0x7, 0xfc,
    0xa2, 0x1, 0xdc, 0x1, 0xff, 0xc0, 0x70, 0xe,
    0x51, 0x0, 0xff, 0xac, 0x3, 0xcc, 0x1, 0xff,
    0x12, 0x0, 0x74, 0x80, 0x7f, 0xf0, 0x20, 0x3,
    0x85, 0x40, 0x3f, 0xe3, 0x30, 0x7, 0x48, 0x7,
    0xff, 0x2, 0x40, 0x38, 0xd0, 0x3, 0xfe, 0x53,
    0x0, 0xe8, 0x0, 0xff, 0xe0, 0x78, 0x7, 0x1a,
    0x80, 0x7f, 0xc6, 0x80, 0x1d, 0x0, 0x1f, 0xfc,
    0x9, 0x0, 0xe2, 0x60,

    /* U+0029 ")" */
    0xd, 0xff, 0xea, 0x0, 0xff, 0xe0, 0x40, 0x7,
    0x29, 0x80, 0x7f, 0xca, 0x40, 0x1d, 0xe0, 0x1f,
    0xfc, 0x9, 0x0, 0xe3, 0x50, 0xf, 0xf9, 0xc,
    0x3, 0xac, 0x3, 0xff, 0x81, 0x0, 0x1c, 0x2c,
    0x1, 0xff, 0x21, 0x0, 0x75, 0x80, 0x7f, 0xf0,
    0x2c, 0x3, 0x89, 0x0, 0x3f, 0xe6, 0x10, 0xe,
    0x80, 0xf, 0xfe, 0x4, 0x80, 0x71, 0x98, 0x3,
    0xfe, 0x60, 0xf, 0x50, 0x7, 0xfc, 0x28, 0x1,
    0xce, 0x1, 0xff, 0xc0, 0xe0, 0xe, 0x14, 0x0,
    0xff, 0x94, 0x3, 0xdc, 0x1, 0xff, 0xc0, 0x50,
    0xe, 0x50, 0xf, 0xfe, 0x7, 0x0, 0x79, 0x40,
    0x3f, 0xe4, 0x0, 0xf6, 0x0, 0x7f, 0xf0, 0x10,
    0x3, 0x9c, 0x3, 0xff, 0x81, 0x80, 0x1c, 0x26,
    0x1, 0xff, 0x28, 0x7, 0x90, 0x3, 0xfe, 0x21,
    0x0, 0xec, 0x0, 0xff, 0xe0, 0x20, 0x7, 0x20,
    0x7, 0xff, 0x3, 0x40, 0x3c, 0x40, 0x1f, 0xf1,
    0x80, 0x79, 0x0, 0x3f, 0xe4, 0x0, 0xf7, 0x80,
    0x7f, 0xf0, 0x8, 0x3, 0x90, 0x3, 0xff, 0x80,
    0xe0, 0x1c, 0x40, 0x1f, 0xfc, 0x2, 0x0, 0xf1,
    0x0, 0x7f, 0xda, 0x1, 0xe7, 0x0, 0xff, 0x98,
    0x3, 0xc4, 0x1, 0xff, 0x10, 0x7, 0xb8, 0x3,
    0xfe, 0x11, 0x0, 0x72, 0x80, 0x7f, 0xf0, 0x8,
    0x3, 0x88, 0x3, 0xff, 0x80, 0xe0, 0x1c, 0x20,
    0x1f, 0xfc, 0x1, 0x0, 0xf0, 0x80, 0x7f, 0xc4,
    0x1, 0xe3, 0x0, 0xff, 0xbc, 0x3, 0xc2, 0x1,
    0xff, 0x8, 0x7, 0x98, 0x3, 0xfe, 0x20, 0xf,
    0x18, 0x7, 0xff, 0x18, 0x40, 0x3f, 0xe7, 0x0,
    0xff, 0xf0, 0x78, 0x7, 0xfc, 0x20, 0x1f, 0xfc,
    0xd1, 0x0, 0xff, 0xec, 0x88, 0x7, 0xfc, 0x20,
    0x1f, 0xfc, 0xdf, 0x0, 0xff, 0xe9, 0x38, 0x7,
    0x84, 0x3, 0xff, 0xa4, 0x40, 0x1e, 0x30, 0xf,
    0xf8, 0x40, 0x3c, 0xc0, 0x1f, 0xf7, 0x80, 0x78,
    0x40, 0x3f, 0xe2, 0x0, 0xf1, 0x80, 0x7f, 0xc2,
    0x1, 0xe1, 0x0, 0xff, 0x9c, 0x3, 0x84, 0x3,
    0xff, 0x80, 0x40, 0x1c, 0x40, 0x1f, 0xf0, 0x88,
    0x3, 0x94, 0x3, 0xfe, 0x20, 0xf, 0x70, 0x7,
    0xfc, 0xc0, 0x1e, 0x30, 0xf, 0xf8, 0x80, 0x3c,
    0xc0, 0x1f, 0xf6, 0x80, 0x78, 0x80, 0x3f, 0xe7,
    0x0, 0xe2, 0x0, 0xff, 0xe0, 0x10, 0x7, 0x20,
    0x7, 0xfc, 0x80, 0x1e, 0xf0, 0xf, 0xf8, 0xc0,
    0x3c, 0x80, 0x1f, 0xf6, 0x80, 0x70, 0x90, 0x7,
    0xfc, 0x80, 0x1c, 0xa0, 0x1f, 0xf1, 0x8, 0x7,
    0x60, 0x7, 0xfc, 0xa0, 0x1e, 0x50, 0xf, 0xfb,
    0x0, 0x38, 0x88, 0x1, 0xff, 0x20, 0x7, 0x20,
    0x7, 0xfc, 0x80, 0x1e, 0xd0, 0xf, 0xfb, 0x80,
    0x3c, 0x80, 0x1f, 0xf2, 0x80, 0x73, 0x0, 0x7f,
    0xca, 0x1, 0xed, 0x0, 0xff, 0xb8, 0x3, 0x85,
    0x0, 0x3f, 0xc2, 0x80, 0x1c, 0xc0, 0x1f, 0xf3,
    0x0, 0x7a, 0x80, 0x3f, 0xe9, 0x0, 0xe4, 0x20,
    0xf, 0xf3, 0x8, 0x7, 0x40, 0x7, 0xfd, 0x60,
    0x1c, 0x66, 0x0, 0xff, 0x21, 0x0, 0x74, 0x80,
    0x7f, 0xd0, 0x1, 0xc4, 0xa0, 0x1f, 0xe4, 0x30,
    0xe, 0x80, 0xf, 0xfa, 0x40, 0x38, 0xd4, 0x3,
    0xfc, 0xa4, 0x1, 0xde, 0x1, 0xff, 0x40, 0x7,
    0x29, 0x80, 0x7f, 0x80,

    /* U+002A "*" */
    0x0, 0xff, 0xe1, 0x57, 0xfd, 0x60, 0x1f, 0xff,
    0xf0, 0xf, 0xff, 0xf8, 0x7, 0xff, 0x4c, 0xc0,
    0x3f, 0xf9, 0xe6, 0x1, 0x16, 0x60, 0xc0, 0x3f,
    0xf9, 0x65, 0x78, 0x60, 0x8, 0x3, 0xca, 0x10,
    0xf, 0x8c, 0x3, 0xff, 0x81, 0x1a, 0x81, 0xe0,
    0x6a, 0x1, 0x2f, 0x38, 0x7, 0xff, 0x15, 0x79,
    0xc0, 0x23, 0x49, 0x0, 0xf4, 0x6a, 0x0, 0x7f,
    0xf0, 0x4a, 0xe8, 0x40, 0x3b, 0xea, 0x0, 0x3c,
    0x57, 0x42, 0x1, 0xfe, 0x9d, 0x40, 0xf, 0x3d,
    0x83, 0xf3, 0x0, 0x79, 0x79, 0xc0, 0x3e, 0x6e,
    0x60, 0xf, 0x2f, 0x40, 0x4, 0x33, 0xa8, 0x1,
    0xe8, 0xd5, 0x0, 0x9b, 0x24, 0x40, 0x38, 0xf2,
    0x84, 0x3, 0xc5, 0x76, 0x20, 0xe, 0x23, 0x0,
    0x88, 0xc0, 0x38, 0x6b, 0xc, 0x3, 0xfc, 0x9b,
    0x22, 0x1, 0xff, 0xc2, 0x7e, 0x50, 0xf, 0xfe,
    0x13, 0x7b, 0x0, 0x7f, 0xcb, 0xd0, 0x1, 0xff,
    0xc5, 0x19, 0x90, 0x7, 0xf3, 0x50, 0x80, 0x7f,
    0xf1, 0x8a, 0xe4, 0x3, 0xf9, 0xb0, 0xc0, 0x3f,
    0xf8, 0x83, 0x3a, 0x80, 0x1f, 0xf1, 0xe5, 0x8,
    0x7, 0xff, 0x5, 0xf9, 0x80, 0x3f, 0xf8, 0x6b,
    0xd0, 0x1, 0xfe, 0x5d, 0x80, 0xf, 0x1a, 0x0,
    0x46, 0xc0, 0x1e, 0x7e, 0x60, 0xf, 0x1e, 0x51,
    0x0, 0x70, 0xce, 0x10, 0x4, 0xf3, 0x86, 0x1,
    0xc3, 0x38, 0x60, 0x1, 0xac, 0x30, 0xf, 0x3f,
    0x30, 0x7, 0xc7, 0x92, 0x20, 0x1c, 0x79, 0x45,
    0x6a, 0x1, 0xe4, 0xd8, 0x0, 0xff, 0x9b, 0x9c,
    0x3, 0xcb, 0x30, 0x1, 0xc5, 0x76, 0x20, 0xf,
    0xfe, 0x14, 0x6a, 0x0, 0x74, 0x13, 0x80, 0x6,
    0x75, 0x0, 0x3f, 0xf8, 0xa5, 0x76, 0x20, 0x2,
    0x98, 0x48, 0xb7, 0xb0, 0x7, 0xe3, 0x0, 0xff,
    0xe0, 0x26, 0xc0, 0xc0, 0x0, 0x7a, 0x44, 0x3,
    0xff, 0x98, 0xfc, 0x40, 0x1f, 0xff, 0xf0, 0xf,
    0xff, 0xf8, 0x7, 0xff, 0x48, 0xc8, 0xb0, 0x7,
    0xff, 0x8,

    /* U+002B "+" */
    0x0, 0xff, 0xe3, 0x2e, 0x67, 0x38, 0x7, 0xff,
    0x60, 0xcf, 0xda, 0x1, 0xff, 0xff, 0x0, 0xff,
    0xff, 0x80, 0x7f, 0xff, 0xc0, 0x3f, 0xff, 0xe0,
    0x1f, 0xff, 0xf0, 0xf, 0xff, 0xf8, 0x7, 0xff,
    0xfc, 0x3, 0xff, 0xfe, 0x1, 0xff, 0xff, 0x0,
    0xff, 0xe9, 0xa7, 0xff, 0xff, 0x16, 0x40, 0x39,
    0x7f, 0xff, 0xf8, 0xae, 0x1, 0xff, 0xff, 0x0,
    0xff, 0xff, 0x80, 0x7f, 0xf2, 0x9d, 0x57, 0xff,
    0x8a, 0x60, 0x1c, 0x2a, 0xbf, 0xfc, 0x52, 0x3a,
    0xaf, 0xfe, 0x30, 0x7, 0x25, 0x57, 0xff, 0x15,
    0x40, 0x3f, 0xff, 0xe0, 0x1f, 0xff, 0xf0, 0xf,
    0xff, 0xf8, 0x7, 0xff, 0xfc, 0x3, 0xff, 0xfe,
    0x1, 0xff, 0xff, 0x0, 0xff, 0xff, 0x80, 0x7f,
    0xff, 0xc0, 0x3f, 0xff, 0xe0, 0x1f, 0xfc, 0x10,

    /* U+002C "," */
    0x0, 0xff, 0xe0, 0xa6, 0x7f, 0xba, 0x0, 0x33,
    0x59, 0x80, 0x5, 0xf4, 0x40, 0xa4, 0x3, 0xc5,
    0x61, 0x40, 0x1f, 0x94, 0x50, 0x3, 0xf9, 0x40,
    0x3f, 0xc2, 0xa0, 0x1f, 0xcd, 0x40, 0x1f, 0xc6,
    0x66, 0x0, 0xf9, 0x0, 0x13, 0x2, 0x1, 0xda,
    0x1, 0x3c, 0x80, 0x73, 0x80, 0x6c, 0x0, 0xc6,
    0x20, 0x19, 0x40, 0x35, 0x80, 0x62, 0x10, 0xc,
    0xa0, 0x19, 0x0, 0x31, 0x10, 0x3, 0x60, 0x6,
    0x40, 0xe, 0x70, 0xd, 0xa0, 0x18, 0x48, 0x3,
    0x20, 0x6, 0x40, 0xc, 0xa0, 0x1d, 0x80, 0x1b,
    0xc0, 0x39, 0x40, 0x32, 0x0, 0x71, 0x80, 0x48,
    0x20, 0x19, 0x0, 0x36, 0x0, 0x76, 0x0, 0x65,
    0x0, 0xe0,

    /* U+002D "-" */
    0x3f, 0xff, 0xfe, 0x67, 0x0, 0x7f, 0xff, 0xc0,
    0x3f, 0xfd, 0x60,

    /* U+002E "." */
    0x0, 0x8d, 0x9d, 0x0, 0x38, 0x6f, 0x26, 0x2f,
    0x90, 0x2, 0xd4, 0x0, 0xc3, 0x68, 0xc, 0x60,
    0x1f, 0x48, 0x50, 0x7, 0xe2, 0x32, 0x0, 0xfe,
    0x63, 0x0, 0xfe, 0x14, 0x0, 0xfe, 0x5a, 0x0,
    0xfc, 0xc2, 0x72, 0x1, 0xe4, 0x90, 0x3, 0x62,
    0x0, 0xa, 0x6c, 0x0,

    /* U+002F "/" */
    0x0, 0xff, 0xea, 0x34, 0x47, 0x18, 0x7, 0xff,
    0x4c, 0x65, 0xdf, 0x84, 0x3, 0xff, 0xa6, 0xe0,
    0x1c, 0x44, 0x0, 0xff, 0xe9, 0xd0, 0x7, 0x50,
    0x7, 0xff, 0x4c, 0x4c, 0x3, 0x98, 0x3, 0xff,
    0xa6, 0xc0, 0x1c, 0x62, 0x1, 0xff, 0xd3, 0xa0,
    0xe, 0xa0, 0xf, 0xfe, 0x99, 0x10, 0x3, 0x9c,
    0x3, 0xff, 0xa7, 0x40, 0x1c, 0x82, 0x1, 0xff,
    0xd3, 0x50, 0xe, 0xe0, 0xf, 0xfe, 0x99, 0x90,
    0x7, 0x28, 0x7, 0xff, 0x4e, 0x80, 0x39, 0x40,
    0x3f, 0xfa, 0x8e, 0x1, 0xde, 0x1, 0xff, 0xd3,
    0x41, 0x0, 0xc2, 0xa0, 0x1f, 0xfd, 0x3d, 0x0,
    0xe7, 0x0, 0xff, 0xea, 0x30, 0x7, 0x68, 0x7,
    0xff, 0x4d, 0x40, 0x38, 0x50, 0x3, 0xff, 0xa7,
    0xe0, 0x1c, 0xe0, 0x1f, 0xfd, 0x45, 0x0, 0xea,
    0x0, 0xff, 0xe9, 0xa8, 0x7, 0x11, 0x80, 0x7f,
    0xf4, 0xf8, 0x3, 0x94, 0x3, 0xff, 0xa6, 0x28,
    0x1, 0xd4, 0x1, 0xff, 0xd3, 0x70, 0xe, 0x22,
    0x0, 0x7f, 0xf4, 0xe8, 0x3, 0xa8, 0x3, 0xff,
    0xa6, 0x46, 0x1, 0xcc, 0x1, 0xff, 0xd3, 0x50,
    0xe, 0x31, 0x0, 0xff, 0xe9, 0xd0, 0x7, 0x50,
    0x7, 0xff, 0x4c, 0x88, 0x1, 0xce, 0x1, 0xff,
    0xd3, 0xa0, 0xe, 0x41, 0x0, 0xff, 0xe9, 0xa8,
    0x7, 0x70, 0x7, 0xff, 0x4c, 0xc8, 0x3, 0x94,
    0x3, 0xff, 0xa7, 0x40, 0x1c, 0xa0, 0x1f, 0xfd,
    0x47, 0x0, 0xef, 0x0, 0xff, 0xe9, 0xa0, 0x80,
    0x61, 0x50, 0xf, 0xfe, 0x9f, 0x0, 0x73, 0x80,
    0x7f, 0xf5, 0x14, 0x3, 0xb4, 0x3, 0xff, 0xa6,
    0xa0, 0x1c, 0x28, 0x1, 0xff, 0xd3, 0xf0, 0xe,
    0x70, 0xf, 0xfe, 0xa2, 0x80, 0x75, 0x0, 0x7f,
    0xf4, 0xd8, 0x3, 0x88, 0xc0, 0x3f, 0xfa, 0x7a,
    0x1, 0xca, 0x1, 0xff, 0xd3, 0x14, 0x0, 0xea,
    0x0, 0xff, 0xe9, 0xb8, 0x7, 0x11, 0x0, 0x3f,
    0xfa, 0x74, 0x1, 0xd4, 0x1, 0xff, 0xd3, 0x23,
    0x0, 0xe6, 0x0, 0xff, 0xe9, 0xa8, 0x7, 0x18,
    0x80, 0x7f, 0xf4, 0xe8, 0x3, 0xa8, 0x3, 0xff,
    0xa6, 0x44, 0x0, 0xe7, 0x0, 0xff, 0xe9, 0xd0,
    0x7, 0x20, 0x80, 0x7f, 0xf4, 0xd4, 0x3, 0xb8,
    0x3, 0xff, 0xa6, 0x64, 0x1, 0xca, 0x1, 0xff,
    0xd3, 0xa0, 0xe, 0x50, 0xf, 0xfe, 0xa3, 0x80,
    0x77, 0x80, 0x7f, 0xf4, 0xd0, 0x40, 0x39, 0x40,
    0x3f, 0xfa, 0x7c, 0x1, 0xcc, 0x1, 0xff, 0xd4,
    0x50, 0xe, 0xd0, 0xf, 0xfe, 0x9a, 0x80, 0x70,
    0xa0, 0x7, 0xff, 0x4f, 0xc0, 0x39, 0xc0, 0x3f,
    0xfa, 0x8a, 0x1, 0xd4, 0x1, 0xff, 0xd3, 0x60,
    0xe, 0x23, 0x0, 0xff, 0xe9, 0xe8, 0x7, 0x28,
    0x7, 0xff, 0x4c, 0x50, 0x3, 0xa8, 0x3, 0xff,
    0xa6, 0xe0, 0x1c, 0x44, 0x0, 0xff, 0xe9, 0xd0,
    0x7, 0x50, 0x7, 0xff, 0x4c, 0x8c, 0x3, 0x98,
    0x3, 0xff, 0xa6, 0xa0, 0x1c, 0x62, 0x1, 0xff,
    0xd3, 0xa0, 0xe, 0xa0, 0xf, 0xfe, 0x99, 0x10,
    0x3, 0x9c, 0x3, 0xff, 0xa7, 0x40, 0x1c, 0x82,
    0x1, 0xff, 0xd3, 0x60, 0xe, 0xe0, 0xf, 0xfe,
    0x99, 0x88, 0x7, 0x28, 0x7, 0xff, 0x4e, 0x80,
    0x39, 0x40, 0x3f, 0xfa, 0x8e, 0x1, 0xde, 0x1,
    0xff, 0xd3, 0x41, 0x0, 0xe5, 0x0, 0xff, 0xe9,
    0xf0, 0x7, 0x30, 0x7, 0xff, 0x51, 0x40, 0x3b,
    0x40, 0x3f, 0xfa, 0x6a, 0x1, 0xc2, 0x80, 0x1f,
    0xfd, 0x3f, 0x0, 0xe7, 0x0, 0xff, 0xea, 0x28,
    0x7, 0x50, 0x7, 0xff, 0x4d, 0x80, 0x38, 0x8c,
    0x3, 0xff, 0xa7, 0xa0, 0x1c, 0xa0, 0x1f, 0xfd,
    0x31, 0x40, 0xe, 0xa0, 0xf, 0xfe, 0x9b, 0x80,
    0x71, 0x10, 0x3, 0xff, 0xa7, 0x40, 0x1d, 0x40,
    0x1f, 0xfd, 0x32, 0x30, 0xe, 0x60, 0xf, 0xfe,
    0x9a, 0x80, 0x71, 0x88, 0x7, 0xff, 0x4e, 0x80,
    0x3a, 0x80, 0x3f, 0xfa, 0x64, 0x40, 0xe, 0x70,
    0xf, 0xfe, 0x9d, 0x0, 0x72, 0x8, 0x7, 0xff,
    0x4d, 0x80, 0x3b, 0x80, 0x3f, 0xfa, 0x66, 0x20,
    0x1c, 0xa0, 0x1f, 0xfd, 0x30,

    /* U+0030 "0" */
    0x0, 0xff, 0xe5, 0x92, 0x33, 0xbc, 0xca, 0x62,
    0x1, 0xff, 0xdd, 0x27, 0xcf, 0xdb, 0x98, 0x8a,
    0x6b, 0x3b, 0x94, 0xa0, 0x1f, 0xfd, 0x86, 0xcd,
    0x83, 0x0, 0xff, 0x85, 0x6b, 0xe4, 0x80, 0x3f,
    0xfa, 0x6d, 0xd2, 0x60, 0x1f, 0xfc, 0x66, 0xda,
    0x20, 0xf, 0xfe, 0x79, 0x64, 0x88, 0x7, 0xff,
    0x29, 0x75, 0xc0, 0x3f, 0xf9, 0xa9, 0xa6, 0x1,
    0xff, 0xce, 0x8b, 0x10, 0xf, 0xfe, 0x54, 0x58,
    0x7, 0xff, 0x4, 0x48, 0x44, 0x1, 0xff, 0xc0,
    0x4c, 0x20, 0xf, 0xfe, 0x44, 0xb8, 0x7, 0xf0,
    0xb5, 0x6f, 0xf6, 0xf7, 0x3f, 0x21, 0x0, 0x3f,
    0x8b, 0x8, 0x3, 0xff, 0x8d, 0xc, 0x1, 0xf8,
    0xab, 0xa5, 0x48, 0x3, 0xc6, 0xf7, 0xce, 0x1,
    0xf8, 0x70, 0x80, 0x3f, 0xf8, 0x8c, 0xe0, 0x1f,
    0xa7, 0x54, 0x3, 0xff, 0x82, 0x31, 0xca, 0x1,
    0xf0, 0xe0, 0x80, 0x7f, 0xf0, 0x8a, 0x40, 0x3e,
    0x3d, 0x60, 0xf, 0xfe, 0x28, 0xd5, 0x0, 0x3e,
    0x1a, 0x0, 0xff, 0xe1, 0x78, 0x7, 0xc9, 0x84,
    0x1, 0xff, 0xc8, 0x5c, 0x0, 0xf9, 0x18, 0x3,
    0xff, 0x81, 0x4, 0x1, 0xe4, 0xb0, 0xf, 0xfe,
    0x59, 0xe0, 0x7, 0xd2, 0x40, 0x1f, 0xe2, 0x70,
    0xf, 0x15, 0x0, 0x7f, 0xf3, 0x4e, 0x80, 0x3e,
    0x90, 0xf, 0xf4, 0x0, 0x7d, 0xe2, 0x1, 0xff,
    0xce, 0x57, 0x0, 0xf2, 0x18, 0x7, 0xe3, 0x50,
    0xf, 0x41, 0x0, 0x7f, 0xf4, 0x20, 0x80, 0x3d,
    0xe0, 0x1f, 0xa4, 0x3, 0xc4, 0xe0, 0x1f, 0xfd,
    0x29, 0x0, 0xf1, 0x98, 0x3, 0xc2, 0xa0, 0x1e,
    0x80, 0xf, 0xfe, 0x9a, 0x20, 0x3, 0xd2, 0x1,
    0xe7, 0x0, 0xf1, 0x28, 0x7, 0xff, 0x53, 0xc0,
    0x3c, 0xa0, 0x1e, 0xa0, 0xf, 0x58, 0x7, 0xff,
    0x55, 0x8, 0x3, 0xcc, 0x1, 0x88, 0xc0, 0x3c,
    0xe0, 0x1f, 0xfd, 0x6a, 0x0, 0xf6, 0x80, 0x64,
    0x0, 0xf2, 0x8, 0x7, 0xff, 0x59, 0x40, 0x3c,
    0x80, 0x1b, 0x0, 0x3d, 0xa0, 0x1f, 0xfd, 0x72,
    0x20, 0x7, 0x90, 0x2, 0x40, 0xf, 0x20, 0x7,
    0xff, 0x61, 0xc0, 0x3d, 0x80, 0x1, 0x10, 0x7,
    0x88, 0x3, 0xff, 0xb1, 0x80, 0x1e, 0x30, 0x2,
    0x80, 0x79, 0x0, 0x3f, 0xfb, 0x2a, 0x1, 0xe5,
    0x0, 0x10, 0x7, 0x88, 0x3, 0xff, 0xb2, 0x60,
    0x1e, 0x10, 0x7, 0x0, 0x7b, 0x80, 0x3f, 0xfb,
    0x42, 0x1, 0xe2, 0x3, 0x0, 0xf1, 0x0, 0x7f,
    0xf6, 0x88, 0x3, 0xce, 0xe, 0x1, 0xe6, 0x0,
    0xff, 0xed, 0x38, 0x7, 0x8c, 0x4, 0x3, 0xc2,
    0x1, 0xff, 0xda, 0x20, 0xf, 0x8, 0x18, 0x7,
    0x8c, 0x3, 0xff, 0xb4, 0x20, 0x1e, 0xf0, 0xf,
    0xc2, 0x1, 0xff, 0xe1, 0x10, 0x10, 0xf, 0xff,
    0xf, 0x80, 0x7f, 0xfc, 0x4c, 0x3, 0xff, 0xd4,
    0x60, 0x20, 0x1f, 0xfe, 0x1f, 0x0, 0xff, 0xe1,
    0x88, 0x7, 0xff, 0x84, 0x40, 0xc0, 0x3c, 0x60,
    0x1f, 0xfd, 0xa1, 0x0, 0xf7, 0x80, 0x80, 0x78,
    0x40, 0x3f, 0xfb, 0x44, 0x1, 0xe1, 0x6, 0x0,
    0xf3, 0x0, 0x7f, 0xf6, 0x9c, 0x3, 0xc6, 0x4,
    0x1, 0xe2, 0x0, 0xff, 0xed, 0x10, 0x7, 0x9c,
    0x38, 0x3, 0xdc, 0x1, 0xff, 0xda, 0x10, 0xf,
    0x10, 0x10, 0x7, 0x88, 0x3, 0xff, 0xb2, 0x60,
    0x1e, 0x10, 0x2, 0x80, 0x79, 0x0, 0x3f, 0xfb,
    0x2a, 0x1, 0xe5, 0x0, 0x8, 0x80, 0x3c, 0x40,
    0x1f, 0xfd, 0x8c, 0x0, 0xf1, 0x80, 0x48, 0x1,
    0xe4, 0x0, 0xff, 0xec, 0x38, 0x7, 0xb0, 0x2,
    0xc0, 0xf, 0x68, 0x7, 0xff, 0x5c, 0x88, 0x1,
    0xe4, 0x0, 0x90, 0x3, 0xc8, 0x20, 0x1f, 0xfd,
    0x65, 0x0, 0xf2, 0x0, 0x62, 0x30, 0xf, 0x38,
    0x7, 0xff, 0x5a, 0x80, 0x3d, 0xa0, 0x1d, 0x40,
    0x1e, 0xb0, 0xf, 0xfe, 0xaa, 0x10, 0x7, 0x98,
    0x3, 0x9c, 0x3, 0xc4, 0xa0, 0x1f, 0xfd, 0x4f,
    0x0, 0xf2, 0x80, 0x78, 0x54, 0x3, 0xd0, 0x1,
    0xff, 0xd3, 0x44, 0x0, 0x7a, 0x40, 0x3e, 0x90,
    0xf, 0x13, 0x80, 0x7f, 0xf4, 0xa4, 0x3, 0xc6,
    0x60, 0xf, 0x8d, 0x40, 0x3d, 0x4, 0x1, 0xff,
    0xd0, 0x82, 0x0, 0xf7, 0x80, 0x7f, 0x40, 0x7,
    0xde, 0x20, 0x1f, 0xfc, 0xe5, 0x70, 0xf, 0x21,
    0x80, 0x7f, 0x13, 0x80, 0x78, 0xa8, 0x3, 0xff,
    0x9a, 0x74, 0x1, 0xf4, 0x80, 0x7f, 0xd0, 0x40,
    0x1e, 0x4b, 0x0, 0xff, 0xe5, 0x9e, 0x0, 0x7d,
    0x24, 0x1, 0xff, 0xc0, 0xf0, 0xf, 0x93, 0x8,
    0x3, 0xff, 0x90, 0xb8, 0x1, 0xf2, 0x30, 0x7,
    0xff, 0x4, 0xa4, 0x3, 0xe3, 0xd6, 0x0, 0xff,
    0xe2, 0x8d, 0x50, 0x3, 0xe1, 0xa0, 0xf, 0xfe,
    0x1b, 0x38, 0x7, 0xe9, 0xd5, 0x0, 0xff, 0xe0,
    0x8c, 0x72, 0x80, 0x7c, 0x38, 0x20, 0x1f, 0xfc,
    0x48, 0x70, 0xf, 0xc5, 0x5d, 0x2a, 0x40, 0x1e,
    0x37, 0xbe, 0x70, 0xf, 0xc3, 0x84, 0x1, 0xff,
    0xc6, 0x87, 0x0, 0xfe, 0x16, 0xad, 0xfe, 0xeb,
    0xfd, 0x90, 0x80, 0x1f, 0xc5, 0x84, 0x1, 0xff,
    0xc8, 0x8b, 0x0, 0xff, 0xe0, 0x88, 0xc0, 0x1f,
    0xfc, 0x14, 0xc2, 0x0, 0xff, 0xe5, 0x26, 0x98,
    0x7, 0xff, 0x3a, 0x2c, 0x40, 0x3f, 0xf9, 0x85,
    0x92, 0x20, 0x1f, 0xfc, 0xa5, 0xd7, 0x0, 0xff,
    0xe8, 0x37, 0x49, 0x0, 0x7f, 0xf1, 0x97, 0x28,
    0x80, 0x3f, 0xfa, 0x6d, 0xba, 0x83, 0x0, 0xff,
    0x85, 0x6b, 0xe8, 0xc0, 0x3f, 0xfa, 0xe4, 0xf9,
    0xfb, 0x73, 0x11, 0xab, 0x3b, 0x94, 0xa0, 0x1f,
    0xfc, 0x70,

    /* U+0031 "1" */
    0x2f, 0xff, 0xfe, 0x54, 0x80, 0x7f, 0xff, 0xc0,
    0x3f, 0xfc, 0x25, 0xbb, 0xff, 0xc3, 0x90, 0xf,
    0xc4, 0x5f, 0xfc, 0x40, 0xf, 0xff, 0xf8, 0x7,
    0xff, 0xfc, 0x3, 0xff, 0xfe, 0x1, 0xff, 0xff,
    0x0, 0xff, 0xff, 0x80, 0x7f, 0xff, 0xc0, 0x3f,
    0xff, 0xe0, 0x1f, 0xff, 0xf0, 0xf, 0xff, 0xf8,
    0x7, 0xff, 0xfc, 0x3, 0xff, 0xfe, 0x1, 0xff,
    0xff, 0x0, 0xff, 0xff, 0x80, 0x7f, 0xff, 0xc0,
    0x3f, 0xff, 0xe0, 0x1f, 0xff, 0xf0, 0xf, 0xff,
    0xf8, 0x7, 0xff, 0xfc, 0x3, 0xff, 0xfa,

    /* U+0032 "2" */
    0x0, 0xff, 0xe3, 0x92, 0x2b, 0x3b, 0xe5, 0x42,
    0x0, 0xff, 0xeb, 0x1b, 0xdf, 0x7e, 0xdd, 0x4c,
    0x46, 0xab, 0xdf, 0xd9, 0x50, 0xf, 0xfe, 0x7a,
    0x4f, 0x64, 0x20, 0x80, 0x7f, 0xf0, 0x49, 0xab,
    0xe8, 0xc0, 0x3f, 0xf9, 0x4d, 0xb6, 0xc2, 0x1,
    0xff, 0xc9, 0x5c, 0xc1, 0x80, 0x7f, 0xf1, 0x9b,
    0xa4, 0x80, 0x3f, 0xf9, 0xc7, 0x92, 0x1, 0xff,
    0xc3, 0x2c, 0x91, 0x0, 0xff, 0xe9, 0x36, 0x88,
    0x7, 0xff, 0x1, 0xb4, 0xc0, 0x3f, 0xf8, 0x62,
    0x42, 0x20, 0xf, 0xfe, 0x11, 0x79, 0x0, 0x7f,
    0xa6, 0x40, 0x1f, 0xf2, 0x3d, 0xef, 0xfb, 0xb7,
    0xb9, 0xfe, 0xc9, 0x51, 0x0, 0xfe, 0x1c, 0x10,
    0xf, 0xd6, 0xc0, 0x1f, 0xc9, 0x5f, 0x70, 0x84,
    0x1, 0xf8, 0xda, 0xba, 0x8c, 0x3, 0xf0, 0xe8,
    0x7, 0xd4, 0x80, 0x1f, 0x97, 0x6d, 0x40, 0x3f,
    0xf8, 0xab, 0x92, 0x1, 0xf8, 0xdc, 0x3, 0xc2,
    0x1, 0xf1, 0x65, 0x10, 0x7, 0xff, 0x25, 0xb8,
    0x80, 0x3e, 0x91, 0x0, 0xeb, 0x60, 0xe, 0x6d,
    0x30, 0xf, 0xfe, 0x60, 0xf8, 0x80, 0x78, 0x58,
    0x3, 0xd3, 0x0, 0x14, 0xc8, 0x3, 0xff, 0x9e,
    0x54, 0x1, 0xf5, 0x0, 0x7c, 0xf4, 0x12, 0xc0,
    0x1f, 0xfd, 0x14, 0x50, 0xf, 0x11, 0x0, 0x3e,
    0x5e, 0x60, 0xf, 0xfe, 0x9c, 0x80, 0x7c, 0x80,
    0x1f, 0x84, 0x3, 0xff, 0xa8, 0x62, 0x1, 0xef,
    0x0, 0xff, 0xef, 0x38, 0x7, 0x88, 0x3, 0xff,
    0xbd, 0xc0, 0x1e, 0x70, 0xf, 0xfe, 0xf0, 0x80,
    0x7f, 0xf9, 0x4c, 0x3, 0xce, 0x1, 0xff, 0xde,
    0x30, 0xf, 0x8, 0x7, 0xff, 0x78, 0x40, 0x3c,
    0x60, 0x1f, 0xfd, 0xed, 0x0, 0xf7, 0x0, 0x7f,
    0xf7, 0x9c, 0x3, 0xc8, 0x1, 0xff, 0xdd, 0x22,
    0x0, 0x78, 0xc0, 0x3f, 0xfb, 0xaa, 0x1, 0xe4,
    0x0, 0xff, 0xef, 0x48, 0x7, 0xb4, 0x3, 0xff,
    0xba, 0xe2, 0x1, 0xc2, 0xc0, 0x1f, 0xfd, 0xc1,
    0x80, 0xf, 0x48, 0x7, 0xff, 0x76, 0x80, 0x3c,
    0x2e, 0x1, 0xff, 0xdc, 0x74, 0x0, 0xf5, 0x80,
    0x7f, 0xf7, 0x12, 0x0, 0x3c, 0x8a, 0x1, 0xff,
    0xdb, 0x2a, 0x0, 0xf0, 0xd0, 0x7, 0xff, 0x6c,
    0x70, 0x40, 0x3d, 0xa2, 0x1, 0xff, 0xda, 0x1c,
    0x10, 0xf, 0x49, 0x80, 0x7f, 0xf6, 0x87, 0x8,
    0x3, 0xce, 0xc0, 0x1f, 0xfd, 0xa1, 0xc2, 0x0,
    0xf2, 0xc0, 0x7, 0xff, 0x68, 0x70, 0x80, 0x3c,
    0x94, 0x1, 0xff, 0xda, 0x1c, 0x20, 0xf, 0x25,
    0x80, 0x7f, 0xf6, 0x8b, 0xc8, 0x3, 0xc9, 0x60,
    0x1f, 0xfd, 0xa2, 0xc1, 0x0, 0xf2, 0x58, 0x7,
    0xff, 0x68, 0xb0, 0x40, 0x3c, 0xb6, 0x1, 0xff,
    0xda, 0x2c, 0x10, 0xf, 0x2d, 0x0, 0x7f, 0xf6,
    0x8f, 0x4, 0x3, 0xcb, 0x40, 0x1f, 0xfd, 0xa3,
    0xc1, 0x0, 0xf2, 0xd0, 0x7, 0xff, 0x68, 0xf0,
    0x3, 0xe6, 0xa0, 0xf, 0xfe, 0xd2, 0x60, 0x7,
    0xcd, 0x20, 0x1f, 0xfd, 0xa4, 0xb0, 0xf, 0x9a,
    0x40, 0x3f, 0xfb, 0x49, 0x60, 0x1f, 0x3c, 0x80,
    0x7f, 0xf6, 0x96, 0xc0, 0x3e, 0x78, 0x0, 0xff,
    0xed, 0x2d, 0x0, 0x7c, 0xf0, 0x1, 0xff, 0xda,
    0x5a, 0x0, 0xfa, 0x20, 0x1, 0xff, 0xda, 0x6a,
    0x0, 0xfa, 0x1c, 0x3, 0xff, 0xb4, 0xd2, 0x1,
    0xf4, 0x38, 0x7, 0xff, 0x69, 0xa4, 0x3, 0xe9,
    0x70, 0xf, 0xfe, 0xd3, 0xc8, 0x7, 0xd2, 0xc0,
    0x1f, 0xfd, 0xa7, 0x80, 0xf, 0xa5, 0x80, 0x3f,
    0xfb, 0x51, 0x0, 0xf, 0xa9, 0x80, 0x3f, 0xfb,
    0x50, 0xe0, 0x1f, 0x52, 0x80, 0x7f, 0xf6, 0xa1,
    0xc0, 0x3e, 0xa5, 0x0, 0xff, 0xed, 0x4b, 0x80,
    0x7d, 0x4a, 0x1, 0xff, 0xda, 0x96, 0x0, 0xfa,
    0x1c, 0x8b, 0xff, 0xae, 0x1, 0x53, 0x0, 0x7e,
    0x8d, 0xdf, 0xfe, 0xbe, 0x0, 0xd, 0x40, 0x3f,
    0xfc, 0x8e, 0x1, 0xff, 0xff, 0x0, 0xff, 0xff,
    0x80, 0x7f, 0xf8, 0xc0,

    /* U+0033 "3" */
    0x0, 0x97, 0xff, 0xff, 0xbd, 0xa0, 0x1f, 0xff,
    0xf0, 0xf, 0xff, 0xf8, 0x7, 0xff, 0xfc, 0x3,
    0xff, 0x99, 0x0, 0x1e, 0x5d, 0xdf, 0xfe, 0xab,
    0x80, 0x7c, 0xea, 0x1, 0xf1, 0x17, 0xff, 0x50,
    0x5c, 0x3, 0xc9, 0x0, 0x1f, 0xfd, 0xb1, 0xd0,
    0xf, 0x15, 0x0, 0x7f, 0xf7, 0x34, 0x40, 0x3d,
    0xe2, 0x1, 0xff, 0xdb, 0x93, 0x0, 0xf5, 0x10,
    0x7, 0xff, 0x6d, 0x98, 0x1, 0xe7, 0x50, 0xf,
    0xfe, 0xda, 0x48, 0x7, 0x92, 0x0, 0x3f, 0xfb,
    0x65, 0x40, 0x1e, 0x2a, 0x0, 0xff, 0xee, 0x78,
    0x80, 0x7b, 0xc4, 0x3, 0xff, 0xb7, 0x44, 0x1,
    0xea, 0x20, 0xf, 0xfe, 0xdc, 0x28, 0x7, 0x9d,
    0x40, 0x3f, 0xfb, 0x6a, 0xe0, 0x1e, 0x48, 0x0,
    0xff, 0xed, 0x95, 0x0, 0x78, 0xac, 0x3, 0xff,
    0xb6, 0x3e, 0x1, 0xf7, 0x80, 0x7f, 0xf7, 0x28,
    0x80, 0x3d, 0x64, 0x1, 0xff, 0xdb, 0x94, 0x0,
    0xf4, 0x20, 0x7, 0xff, 0x6d, 0x98, 0x1, 0xe5,
    0x70, 0xf, 0xfe, 0xd9, 0xc8, 0x7, 0x8a, 0x80,
    0x3f, 0xfb, 0x63, 0xa0, 0x1e, 0x1f, 0x0, 0xff,
    0xee, 0x68, 0x80, 0x7a, 0x88, 0x3, 0xff, 0xb7,
    0x46, 0x1, 0xe8, 0x40, 0xf, 0xfe, 0xdb, 0xa8,
    0x7, 0x95, 0xc0, 0x3f, 0xfb, 0x69, 0x0, 0x1f,
    0x13, 0x31, 0xc, 0x3, 0xff, 0xb1, 0xa0, 0x1f,
    0x9e, 0x65, 0x79, 0xfb, 0x4c, 0x20, 0x1f, 0xfe,
    0x22, 0x59, 0xeb, 0x40, 0xf, 0xff, 0x22, 0x5e,
    0x18, 0x7, 0xff, 0x90, 0xf1, 0xc0, 0x3f, 0xfc,
    0xb1, 0x40, 0x1f, 0xfc, 0xd9, 0xff, 0xf7, 0x6e,
    0x4b, 0x98, 0x7, 0xfc, 0xb4, 0x1, 0xff, 0xd3,
    0x12, 0x36, 0x8c, 0xfb, 0x40, 0xf, 0xe5, 0x80,
    0xf, 0xfe, 0xca, 0x5e, 0xa0, 0x7, 0xe7, 0x40,
    0xf, 0xfe, 0xd1, 0x5c, 0x80, 0x7e, 0x90, 0xf,
    0xfe, 0xe3, 0x58, 0x7, 0xc4, 0xe0, 0x1f, 0xfd,
    0xc4, 0xa0, 0xf, 0xa4, 0x3, 0xff, 0xba, 0xac,
    0x1, 0xe1, 0x40, 0xf, 0xfe, 0xec, 0x0, 0x7d,
    0xc0, 0x1f, 0xfd, 0xd1, 0x60, 0xf, 0x20, 0x7,
    0xff, 0x7a, 0x80, 0x3c, 0x22, 0x0, 0xff, 0xee,
    0x98, 0x7, 0xc4, 0x1, 0xff, 0xde, 0x30, 0xf,
    0x30, 0x7, 0xff, 0x79, 0xc0, 0x3c, 0x60, 0x1f,
    0xfd, 0xe1, 0x0, 0xff, 0xf2, 0x88, 0x7, 0x8c,
    0x3, 0xff, 0xbc, 0xe0, 0x1e, 0x10, 0xf, 0xfe,
    0xf1, 0x80, 0x79, 0x80, 0x3f, 0xfb, 0xa6, 0x1,
    0xf1, 0x0, 0x7f, 0xf7, 0x6c, 0x3, 0xc6, 0x1,
    0xcc, 0x1, 0xff, 0xd8, 0x60, 0xf, 0x58, 0x6,
    0x89, 0x80, 0xf, 0xfe, 0xb4, 0x8, 0x7, 0x94,
    0x2, 0x27, 0x7, 0xb1, 0x0, 0xff, 0xe9, 0x9b,
    0x80, 0x79, 0x8, 0x2, 0x90, 0x9, 0x3d, 0x40,
    0x3f, 0xfa, 0x25, 0xa0, 0x1f, 0x40, 0x4, 0xa8,
    0x1, 0x86, 0xb0, 0xc0, 0x3f, 0xf9, 0xc9, 0xa2,
    0x1, 0xe4, 0x30, 0xa, 0xc0, 0x3e, 0x3c, 0xb4,
    0x0, 0xff, 0xe5, 0xd, 0x58, 0x7, 0xc3, 0x40,
    0x1a, 0x0, 0x3f, 0x92, 0xfa, 0xc, 0x3, 0xff,
    0x8a, 0x73, 0xca, 0x1, 0xfa, 0xc4, 0x3, 0x35,
    0x88, 0x7, 0xf0, 0xbe, 0x75, 0xba, 0x10, 0x7,
    0xe3, 0x69, 0xdc, 0x60, 0xf, 0xe9, 0x50, 0xf,
    0x27, 0xa0, 0x7, 0xfc, 0x29, 0x17, 0xbf, 0xee,
    0xeb, 0xfe, 0xc9, 0x62, 0x0, 0xff, 0x43, 0x0,
    0x7e, 0x1b, 0x91, 0x0, 0xff, 0xe2, 0x8, 0xc0,
    0x1f, 0xfc, 0x31, 0xb7, 0x0, 0xff, 0x9b, 0xa0,
    0x40, 0x3f, 0xfa, 0x69, 0x88, 0x1, 0xff, 0xc2,
    0x7e, 0x92, 0x0, 0xff, 0xe7, 0x95, 0xd8, 0x80,
    0x3f, 0xf8, 0xad, 0xb8, 0xe4, 0x1, 0xff, 0xca,
    0x5b, 0xd4, 0x0, 0xff, 0xe4, 0x9c, 0x6e, 0xa5,
    0x8c, 0x3, 0xff, 0x84, 0x4d, 0x5d, 0x48, 0x1,
    0xff, 0xce, 0x26, 0x9c, 0xfe, 0xca, 0x98, 0x8d,
    0x35, 0x7d, 0xfb, 0x2a, 0x20, 0x1f, 0xfc, 0x20,

    /* U+0034 "4" */
    0x0, 0xff, 0xeb, 0x8e, 0xff, 0xfa, 0xc0, 0x3f,
    0xfc, 0xf4, 0x40, 0x1c, 0x54, 0x1, 0xff, 0xe6,
    0x94, 0x0, 0xf7, 0x88, 0x7, 0xff, 0x95, 0x58,
    0x3, 0xd4, 0x40, 0x1f, 0xfe, 0x53, 0xa0, 0xf,
    0x3a, 0x80, 0x7f, 0xf9, 0x47, 0x40, 0x3c, 0x90,
    0x1, 0xff, 0xe6, 0xd1, 0x0, 0xe2, 0xa0, 0xf,
    0xff, 0x34, 0x98, 0x7, 0xbc, 0x40, 0x3f, 0xfc,
    0xac, 0xc0, 0xf, 0x51, 0x0, 0x7f, 0xf9, 0x4e,
    0x40, 0x3c, 0xea, 0x1, 0xff, 0xe5, 0x1d, 0x0,
    0xf2, 0x40, 0x7, 0xff, 0x9b, 0x44, 0x3, 0x8a,
    0x80, 0x3f, 0xfc, 0xd4, 0x60, 0x1e, 0xe1, 0x0,
    0xff, 0xf2, 0xb2, 0x80, 0x7a, 0x8c, 0x3, 0xff,
    0xca, 0x92, 0x1, 0xe7, 0x50, 0xf, 0xff, 0x29,
    0x50, 0x7, 0x92, 0x0, 0x3f, 0xfc, 0xde, 0x20,
    0x1c, 0x54, 0x1, 0xff, 0xe6, 0xa2, 0x0, 0xf7,
    0x8, 0x7, 0xff, 0x95, 0xd4, 0x3, 0xd4, 0x60,
    0x1f, 0xfe, 0x54, 0x80, 0xf, 0x3a, 0x80, 0x7f,
    0xf9, 0x4a, 0x80, 0x3c, 0x90, 0x1, 0xff, 0xe6,
    0xf1, 0x0, 0xe2, 0xa0, 0xf, 0xff, 0x35, 0x10,
    0x7, 0xb8, 0x40, 0x3f, 0xfc, 0xb0, 0xa0, 0x1e,
    0xa3, 0x0, 0xff, 0xf2, 0xa3, 0x80, 0x79, 0xd4,
    0x3, 0xff, 0xca, 0x56, 0x1, 0xe4, 0x80, 0xf,
    0xff, 0x28, 0xf8, 0x7, 0x86, 0x80, 0x3f, 0xfc,
    0xd4, 0x40, 0x1e, 0xd1, 0x0, 0xff, 0xe1, 0xbb,
    0xf9, 0x0, 0x3f, 0xf9, 0xf0, 0x80, 0x1e, 0xa3,
    0x0, 0xff, 0xe2, 0x44, 0x7b, 0x80, 0x3f, 0xf9,
    0xca, 0xe0, 0x1e, 0x75, 0x0, 0xff, 0xf2, 0x95,
    0x0, 0x79, 0x20, 0x3, 0xff, 0xca, 0x3e, 0x1,
    0xe1, 0xa0, 0xf, 0xff, 0x35, 0x10, 0x7, 0xb4,
    0x40, 0x3f, 0xfc, 0xb2, 0x80, 0x1e, 0xa3, 0x0,
    0xff, 0xf2, 0xab, 0x0, 0x79, 0xd4, 0x3, 0xff,
    0xca, 0x74, 0x1, 0xe4, 0x80, 0xf, 0xff, 0x28,
    0xe8, 0x7, 0x86, 0x80, 0x3f, 0xfc, 0xda, 0x20,
    0x1e, 0xd1, 0x0, 0xff, 0xf2, 0xc9, 0x80, 0x7a,
    0x8c, 0x3, 0xff, 0xca, 0xcc, 0x0, 0xf3, 0xa8,
    0x7, 0xff, 0x94, 0xe4, 0x3, 0xc9, 0x0, 0x1f,
    0xfe, 0x51, 0xd0, 0xf, 0xd, 0x0, 0x7f, 0xf9,
    0xb4, 0x40, 0x3d, 0xa2, 0x1, 0xff, 0xe5, 0xa3,
    0x0, 0xfb, 0x3f, 0xff, 0xfa, 0x0, 0x1e, 0x5f,
    0xff, 0xfe, 0x8, 0x92, 0x80, 0x7f, 0xff, 0xc0,
    0x3f, 0xff, 0xe0, 0x1f, 0xff, 0xf0, 0xf, 0xff,
    0xe9, 0x6e, 0xff, 0xf6, 0x68, 0x3, 0xc9, 0xbb,
    0xff, 0xc1, 0x10, 0x22, 0xff, 0xec, 0xb0, 0x7,
    0x84, 0x8b, 0xff, 0x82, 0x1, 0xff, 0xff, 0x0,
    0xff, 0xff, 0x80, 0x7f, 0xff, 0xc0, 0x3f, 0xff,
    0xe0, 0x1f, 0xff, 0xf0, 0xf, 0xff, 0xf8, 0x7,
    0xff, 0xfc, 0x3, 0xff, 0xfe, 0x1, 0xff, 0xff,
    0x0, 0xff, 0xff, 0x80, 0x7f, 0xff, 0xc0, 0x3f,
    0xff, 0xe0, 0x1f, 0xff, 0x10,

    /* U+0035 "5" */
    0x0, 0xfd, 0x9f, 0xff, 0xfd, 0x80, 0xf, 0xfe,
    0x1, 0x0, 0x7f, 0xf9, 0x4, 0x3, 0xff, 0xc6,
    0x20, 0x1f, 0xfe, 0x42, 0x0, 0xff, 0xf2, 0x38,
    0x7, 0xff, 0x90, 0x80, 0x3d, 0x3b, 0xbf, 0xfd,
    0x20, 0xf, 0xfb, 0x80, 0x3c, 0x84, 0x5f, 0xfd,
    0x20, 0xf, 0xf8, 0x40, 0x3c, 0x40, 0x1f, 0xfd,
    0xd2, 0x0, 0xff, 0xf2, 0x30, 0x7, 0x10, 0x7,
    0xff, 0x78, 0xc0, 0x39, 0x80, 0x3f, 0xfb, 0xc2,
    0x1, 0xc4, 0x1, 0xff, 0xdd, 0x20, 0xf, 0x8,
    0x7, 0xff, 0x74, 0x40, 0x3d, 0xc0, 0x1f, 0xfd,
    0xd6, 0x0, 0xf1, 0x0, 0x7f, 0xf7, 0x48, 0x3,
    0xcc, 0x1, 0xff, 0xdd, 0xf0, 0xf, 0x10, 0x7,
    0xff, 0x74, 0x80, 0x3f, 0xfc, 0x8c, 0x1, 0xc4,
    0x1, 0xff, 0xde, 0x10, 0xe, 0x60, 0xf, 0xfe,
    0xf1, 0x0, 0x71, 0x0, 0x7f, 0xf7, 0x44, 0x3,
    0xc2, 0x1, 0xff, 0xdd, 0x30, 0xf, 0x70, 0x7,
    0xff, 0x75, 0x80, 0x3c, 0x40, 0x1f, 0xfd, 0xd2,
    0x0, 0xf3, 0x0, 0x7f, 0xf7, 0x44, 0x3, 0xc6,
    0x1, 0xff, 0xdd, 0xe0, 0xf, 0x77, 0xff, 0xfb,
    0xb7, 0x57, 0x30, 0xc6, 0x1, 0xff, 0xcb, 0x20,
    0xf, 0xfe, 0x28, 0x91, 0x11, 0x9e, 0x73, 0xf6,
    0x50, 0x3, 0xff, 0x8e, 0xe0, 0x1f, 0xfc, 0xe2,
    0x6b, 0xfa, 0x30, 0xf, 0xfe, 0x21, 0x0, 0x7f,
    0xf4, 0x97, 0x2d, 0x0, 0x3f, 0xf8, 0x42, 0x1,
    0xff, 0xd4, 0x4b, 0xa1, 0x0, 0xff, 0x84, 0x3,
    0xff, 0xae, 0xbe, 0x80, 0x1f, 0xe1, 0xdd, 0xff,
    0xe1, 0xe6, 0x57, 0x30, 0xc8, 0x20, 0x1f, 0xfc,
    0x1, 0xb5, 0x0, 0xff, 0x11, 0x7f, 0xf0, 0xcc,
    0xe4, 0x67, 0x9b, 0xee, 0x53, 0x8, 0x7, 0xfa,
    0x94, 0x3, 0xff, 0xaa, 0x2b, 0x3d, 0x68, 0x1,
    0xfd, 0x44, 0x1, 0xff, 0xd8, 0x4b, 0xb1, 0x0,
    0x7e, 0xe0, 0xf, 0xfe, 0xd2, 0x6a, 0x80, 0x7c,
    0x6a, 0x1, 0xff, 0xdb, 0xa7, 0x0, 0xfa, 0x0,
    0x3f, 0xfb, 0x90, 0x80, 0x1e, 0x24, 0x0, 0xff,
    0xee, 0x48, 0x7, 0xda, 0x1, 0xff, 0xdc, 0x26,
    0x0, 0xf3, 0x80, 0x7f, 0xf7, 0x68, 0x3, 0xc2,
    0x20, 0xf, 0xfe, 0xe1, 0x88, 0x7, 0x94, 0x3,
    0xff, 0xba, 0xa0, 0x1e, 0x30, 0xf, 0xfe, 0xe9,
    0x80, 0x7b, 0xc0, 0x3f, 0xfb, 0xbe, 0x1, 0xe1,
    0x0, 0xff, 0xee, 0x88, 0x7, 0x84, 0x3, 0xff,
    0xba, 0x20, 0x1f, 0xfe, 0x4e, 0x0, 0xf7, 0x80,
    0x7f, 0xf7, 0x54, 0x3, 0xc6, 0x1, 0xff, 0xdd,
    0x30, 0xf, 0x28, 0x7, 0xff, 0x71, 0x80, 0x3c,
    0x22, 0x0, 0x98, 0x3, 0xff, 0xb1, 0x60, 0x1e,
    0x70, 0x9, 0x26, 0xc0, 0x3f, 0xfa, 0xcc, 0x40,
    0x1e, 0xd0, 0xa, 0x41, 0x34, 0x80, 0x3f, 0xfa,
    0x65, 0x20, 0x1e, 0x24, 0x0, 0x39, 0x0, 0xb,
    0x5c, 0x3, 0xff, 0xa2, 0x58, 0x1, 0xf4, 0x0,
    0xa, 0x0, 0x3a, 0x35, 0x0, 0x3f, 0xf9, 0xc7,
    0x82, 0x1, 0xe2, 0x50, 0x4, 0x0, 0x7c, 0x57,
    0xac, 0x1, 0xff, 0xcb, 0x8c, 0x10, 0xf, 0xb8,
    0x2, 0x91, 0x0, 0xfc, 0x53, 0xd2, 0x80, 0x1f,
    0xfc, 0x51, 0x7e, 0x70, 0xf, 0xd0, 0x60, 0x11,
    0xe1, 0x0, 0x7f, 0xb, 0x5f, 0xdc, 0x29, 0x80,
    0x7e, 0x25, 0x8c, 0xe8, 0x10, 0xf, 0xcc, 0xe0,
    0x1c, 0x5a, 0xc0, 0x1f, 0xfc, 0x4, 0x7a, 0xcf,
    0xf7, 0x73, 0x7b, 0xfd, 0xb4, 0xe6, 0x1, 0xfe,
    0x69, 0x0, 0xfd, 0x36, 0x40, 0x1f, 0xfc, 0x41,
    0x11, 0x8, 0x7, 0xff, 0xe, 0x64, 0x1, 0xfe,
    0x4d, 0x91, 0x0, 0xff, 0xe9, 0x9e, 0x30, 0x7,
    0xff, 0x5, 0xba, 0x8c, 0x3, 0xff, 0x9e, 0x33,
    0x86, 0x1, 0xff, 0xc4, 0x5c, 0xd8, 0x30, 0xf,
    0xfe, 0x52, 0x57, 0x30, 0x7, 0xff, 0x20, 0x9f,
    0x3a, 0x98, 0xc0, 0x3f, 0xf8, 0x44, 0xd5, 0xd6,
    0xa0, 0x1f, 0xfc, 0xd1, 0x59, 0xcf, 0xec, 0xa9,
    0x94, 0x45, 0x35, 0x7b, 0xfb, 0x2a, 0x20, 0x1f,
    0xfc, 0x20,

    /* U+0036 "6" */
    0x0, 0xff, 0xe7, 0xa, 0x2b, 0x31, 0xdc, 0xca,
    0x86, 0x20, 0x1f, 0xfd, 0x85, 0x9c, 0xee, 0x5d,
    0x4c, 0xa2, 0x13, 0x57, 0x9d, 0xcc, 0x95, 0x10,
    0xf, 0xfe, 0x82, 0xd7, 0xd3, 0x18, 0x80, 0x7f,
    0xf0, 0x4, 0xda, 0xba, 0xd8, 0x3, 0xff, 0x98,
    0xfd, 0x4a, 0x1, 0xff, 0xca, 0x49, 0xe7, 0x0,
    0xff, 0xe4, 0x3f, 0x40, 0x80, 0x7f, 0xf3, 0x86,
    0x1c, 0x3, 0xff, 0x8a, 0x59, 0x2, 0x1, 0xff,
    0xd1, 0x17, 0x0, 0xff, 0xe2, 0x36, 0x98, 0x7,
    0xff, 0x0, 0x4d, 0x59, 0xa5, 0x43, 0x10, 0xf,
    0xe9, 0x0, 0xff, 0xe2, 0x44, 0x80, 0x7f, 0x8e,
    0x2f, 0xfb, 0x2a, 0x66, 0xab, 0xce, 0xe6, 0x41,
    0x80, 0x61, 0x70, 0xf, 0xfe, 0x1d, 0x38, 0x7,
    0xf3, 0xee, 0x3a, 0x0, 0x7f, 0xc2, 0x6f, 0x9d,
    0x2, 0x12, 0x1, 0xff, 0xc3, 0xa5, 0x0, 0xfc,
    0xff, 0x4, 0x1, 0xff, 0xc6, 0x17, 0xf7, 0x70,
    0x7, 0xff, 0x9, 0xd4, 0x3, 0xe3, 0xd8, 0x0,
    0xff, 0xe5, 0x8c, 0x0, 0x7f, 0xf0, 0x92, 0x0,
    0x3e, 0x6c, 0x20, 0xf, 0xfe, 0xd8, 0xd0, 0x7,
    0xd1, 0x20, 0x1f, 0xfd, 0xdb, 0x10, 0xf, 0x43,
    0x80, 0x7f, 0xf7, 0x4d, 0x40, 0x3c, 0xce, 0x1,
    0xff, 0xde, 0xf0, 0xf, 0x1c, 0x80, 0x7f, 0xf7,
    0x94, 0xc0, 0x3d, 0xc0, 0x1f, 0xfd, 0xfe, 0x0,
    0xf3, 0x90, 0x7, 0xff, 0x78, 0x90, 0x3, 0xd2,
    0x1, 0xff, 0xdf, 0xb0, 0xf, 0x30, 0x80, 0x7f,
    0xf7, 0xdc, 0x3, 0xd6, 0x1, 0xff, 0xdf, 0x31,
    0x0, 0xe2, 0x20, 0x7, 0xff, 0x7d, 0x0, 0x3d,
    0x40, 0x1f, 0xfe, 0xc, 0x0, 0xf2, 0x0, 0x7f,
    0xf8, 0x10, 0x3, 0xc6, 0x1, 0xff, 0xdf, 0x20,
    0xf, 0x18, 0x7, 0xff, 0x81, 0xc0, 0x3c, 0xa0,
    0x1f, 0xfe, 0x2, 0x0, 0xf7, 0x80, 0x7f, 0xf8,
    0x38, 0x3, 0xc6, 0x1, 0xff, 0xc0, 0x14, 0x7a,
    0xcd, 0xef, 0xf7, 0x6e, 0x53, 0xa0, 0x7, 0xff,
    0x15, 0x40, 0x3c, 0xc0, 0x1f, 0xc2, 0xd7, 0xd7,
    0xa, 0x64, 0x20, 0x1, 0x23, 0x58, 0xbf, 0xb6,
    0x0, 0xff, 0xe1, 0x8, 0x7, 0x88, 0x3, 0xe2,
    0x9e, 0x94, 0x0, 0xff, 0xe2, 0x24, 0xfc, 0x8,
    0x7, 0xff, 0x36, 0x35, 0x80, 0x3f, 0xf9, 0x4f,
    0xce, 0x1, 0xfe, 0x30, 0xf, 0x8, 0x6, 0x3d,
    0x70, 0xf, 0xfe, 0x74, 0x60, 0x80, 0x7e, 0x10,
    0xf, 0xf2, 0x61, 0x0, 0x7f, 0xf0, 0x4, 0x40,
    0x1f, 0xfc, 0x23, 0xf3, 0x0, 0xff, 0xe2, 0xad,
    0x80, 0x7e, 0x48, 0xbe, 0xff, 0x77, 0x3f, 0xdb,
    0x4c, 0x60, 0x1f, 0xc3, 0x86, 0x1, 0xff, 0xc3,
    0x3a, 0x0, 0xf0, 0xc7, 0x5b, 0xa0, 0x80, 0x78,
    0x96, 0x73, 0x58, 0x3, 0xfb, 0x8, 0x3, 0xff,
    0x82, 0x3a, 0x1, 0xe8, 0xe7, 0x10, 0xf, 0xfe,
    0x11, 0x4f, 0x28, 0x7, 0xef, 0x0, 0xff, 0xe0,
    0xd, 0x88, 0x6, 0x2d, 0x70, 0xf, 0xfe, 0x38,
    0xd5, 0x0, 0x3e, 0x29, 0x0, 0xc2, 0x1, 0xe7,
    0x50, 0xc, 0x7a, 0x40, 0x1f, 0xfc, 0xa5, 0xc1,
    0x0, 0xf3, 0x10, 0x4, 0x60, 0x1e, 0x80, 0xc,
    0x58, 0x1, 0xff, 0xcd, 0x3d, 0x0, 0xfa, 0x40,
    0x21, 0x0, 0xf0, 0x80, 0x6f, 0x0, 0xff, 0xe7,
    0x9c, 0x0, 0x79, 0x4, 0x0, 0xc0, 0x1f, 0xe9,
    0x20, 0xf, 0xfe, 0x83, 0x90, 0x7, 0x98, 0x0,
    0x60, 0x1f, 0xc4, 0xc0, 0x1f, 0xfd, 0x2b, 0x0,
    0xf5, 0x80, 0x3c, 0x3, 0xfa, 0xc0, 0x3f, 0xfa,
    0x6e, 0x1, 0xe3, 0x0, 0x10, 0x7, 0xf3, 0x80,
    0x7f, 0xf4, 0xc4, 0xc0, 0x3c, 0x60, 0xa0, 0x1f,
    0x88, 0x40, 0x3f, 0xfa, 0x88, 0x1, 0xe6, 0x1,
    0x10, 0x7, 0xce, 0x1, 0xff, 0xd5, 0xe0, 0xf,
    0x18, 0x1, 0x0, 0x3e, 0x20, 0xf, 0xfe, 0xa9,
    0x80, 0x78, 0x40, 0x18, 0x1, 0xff, 0xe7, 0x40,
    0xf, 0x84, 0x3, 0xff, 0xaa, 0x60, 0x1e, 0x10,
    0x1, 0x18, 0x7, 0x8c, 0x3, 0xff, 0xaa, 0x20,
    0x1e, 0x30, 0xa, 0xc0, 0x3c, 0x80, 0x1f, 0xfd,
    0x5d, 0x0, 0xf3, 0x0, 0x4c, 0x1, 0xe1, 0x30,
    0xf, 0xfe, 0xa2, 0x0, 0x78, 0xc0, 0x21, 0x50,
    0xf, 0x50, 0x7, 0xff, 0x4c, 0xc4, 0x3, 0x8c,
    0x3, 0xa4, 0x3, 0xcc, 0x20, 0x1f, 0xfd, 0x29,
    0x0, 0xf5, 0x80, 0x71, 0xa0, 0x7, 0xac, 0x3,
    0xff, 0xa2, 0x4a, 0x1, 0xe6, 0x0, 0xf4, 0x80,
    0x79, 0x58, 0x3, 0xff, 0xa1, 0xc0, 0x1e, 0x41,
    0x0, 0xf1, 0x38, 0x7, 0xa5, 0x0, 0x3f, 0xf9,
    0xd4, 0x60, 0x1e, 0x80, 0xf, 0xd0, 0x60, 0x1e,
    0xb6, 0x0, 0xff, 0xe6, 0x52, 0x80, 0x79, 0x4c,
    0x3, 0xfb, 0x80, 0x3e, 0x99, 0x8, 0x7, 0xff,
    0x20, 0xb5, 0x40, 0x3c, 0x36, 0x1, 0xfe, 0x2b,
    0x0, 0xf9, 0xbd, 0x80, 0x3f, 0xf8, 0xa3, 0x1a,
    0x40, 0x1f, 0x68, 0x80, 0x7f, 0xc9, 0x40, 0x1f,
    0xc, 0xfc, 0xa0, 0x7, 0xff, 0x1, 0x27, 0x9c,
    0x3, 0xf5, 0x18, 0x7, 0xff, 0x5, 0x6c, 0x3,
    0xf9, 0xaf, 0xf2, 0xa1, 0xd9, 0x8f, 0x13, 0x9f,
    0x6c, 0x1, 0xfd, 0x4a, 0x1, 0xff, 0xc3, 0x4c,
    0x20, 0xf, 0xf1, 0xab, 0xc4, 0xca, 0x1d, 0x8c,
    0x3, 0xfc, 0x38, 0xa0, 0x1f, 0xfc, 0x53, 0xd6,
    0x0, 0xff, 0xe8, 0x27, 0x98, 0x7, 0xff, 0x22,
    0x71, 0x0, 0x3f, 0xf9, 0x85, 0x76, 0x10, 0xf,
    0xfe, 0x51, 0xde, 0x30, 0x80, 0x7f, 0xf1, 0xd2,
    0xf5, 0x0, 0x3f, 0xf9, 0xc7, 0x3d, 0x6e, 0x60,
    0x1f, 0xfc, 0x1, 0x59, 0xeb, 0x40, 0xf, 0xfe,
    0x9a, 0x46, 0x7e, 0xdd, 0x4c, 0x45, 0x35, 0x9d,
    0xca, 0x61, 0x0, 0xff, 0xe1, 0x0,

    /* U+0037 "7" */
    0xef, 0xff, 0xff, 0x23, 0x0, 0x7f, 0xff, 0xc0,
    0x3f, 0xff, 0xe0, 0x1f, 0xff, 0xf0, 0xf, 0xfe,
    0x62, 0x0, 0x78, 0x77, 0x7f, 0xfa, 0xc4, 0x1,
    0xe4, 0x20, 0xf, 0x88, 0xbf, 0xfa, 0xac, 0x40,
    0x1e, 0x80, 0xf, 0xfe, 0xef, 0x80, 0x78, 0xcc,
    0x1, 0xff, 0xdc, 0x24, 0x0, 0xf4, 0x80, 0x7f,
    0xf7, 0x6c, 0x3, 0xc4, 0xa0, 0x1f, 0xfd, 0xc1,
    0x60, 0xf, 0x58, 0x7, 0xff, 0x76, 0x40, 0x3c,
    0x2c, 0x1, 0xff, 0xdd, 0x60, 0xf, 0x30, 0x7,
    0xff, 0x75, 0x84, 0x3, 0xd2, 0x1, 0xff, 0xdd,
    0xb0, 0xf, 0x30, 0x80, 0x7f, 0xf7, 0x14, 0x80,
    0x3d, 0x60, 0x1f, 0xfd, 0xd9, 0x0, 0xf2, 0x10,
    0x7, 0x22, 0x79, 0xc0, 0x3f, 0xfa, 0x6, 0x60,
    0xf, 0x78, 0x7, 0xaa, 0xef, 0xa4, 0x3, 0xff,
    0xa1, 0x0, 0x1e, 0x34, 0x0, 0xff, 0xee, 0x12,
    0x0, 0x7a, 0x40, 0x3f, 0xfb, 0xb6, 0x1, 0xe1,
    0x50, 0xf, 0xfe, 0xe0, 0xb0, 0x7, 0xa4, 0x3,
    0xff, 0xbb, 0x20, 0x1f, 0x38, 0x7, 0xff, 0x75,
    0x80, 0x3c, 0xe0, 0x1f, 0xfd, 0xd6, 0x10, 0xf,
    0x48, 0x7, 0xff, 0x76, 0xc0, 0x3c, 0xa2, 0x1,
    0xff, 0xdc, 0x52, 0x0, 0xf4, 0x0, 0x7f, 0xf7,
    0x64, 0x3, 0xc8, 0x40, 0x1f, 0xfd, 0xc3, 0x30,
    0x7, 0xbc, 0x3, 0xff, 0xbb, 0x20, 0x1e, 0x24,
    0x0, 0xff, 0xee, 0x12, 0x80, 0x7a, 0x0, 0x3f,
    0xfb, 0xb6, 0x1, 0xe1, 0x50, 0xf, 0xfe, 0xe0,
    0xb0, 0x7, 0xa4, 0x3, 0xff, 0xba, 0xc0, 0x1f,
    0x38, 0x7, 0xff, 0x76, 0x40, 0x3c, 0xe0, 0x1f,
    0xfd, 0xd6, 0x10, 0xf, 0x48, 0x7, 0xff, 0x76,
    0xc0, 0x3c, 0xa2, 0x1, 0xff, 0xdc, 0x42, 0x0,
    0xf4, 0x80, 0x7f, 0xf7, 0x7c, 0x3, 0xc8, 0x60,
    0x1f, 0xfd, 0xc3, 0x40, 0xf, 0x78, 0x7, 0xff,
    0x76, 0x40, 0x3c, 0x48, 0x1, 0xff, 0xdc, 0x15,
    0x0, 0xf5, 0x80, 0x7f, 0xf7, 0x64, 0x3, 0xc2,
    0xc0, 0x1f, 0xfd, 0xd7, 0x0, 0xf4, 0x80, 0x7f,
    0xf7, 0x5c, 0x3, 0xe6, 0x0, 0xff, 0xee, 0xc8,
    0x7, 0x98, 0x40, 0x3f, 0xfb, 0x8a, 0x20, 0x1e,
    0xb0, 0xf, 0xfe, 0xec, 0x0, 0x79, 0x48, 0x3,
    0xff, 0xb8, 0x84, 0x1, 0xe9, 0x0, 0xff, 0xee,
    0xf8, 0x7, 0x8c, 0xc0, 0x1f, 0xfd, 0xc2, 0x40,
    0xf, 0x40, 0x7, 0xff, 0x76, 0x0, 0x3c, 0x48,
    0x1, 0xff, 0xdc, 0x15, 0x0, 0xf5, 0x80, 0x7f,
    0xf7, 0x64, 0x3, 0xc2, 0xc0, 0x1f, 0xfd, 0xd7,
    0x0, 0xf4, 0x80, 0x7f, 0xf7, 0x5c, 0x3, 0xe6,
    0x0, 0xff, 0xee, 0xc8, 0x7, 0x98, 0x40, 0x3f,
    0xfb, 0x8a, 0x20, 0x1e, 0xb0, 0xf, 0xfe, 0xec,
    0x80, 0x79, 0x48, 0x3, 0xff, 0xb8, 0x86, 0x1,
    0xe9, 0x0, 0xff, 0xee, 0xf8, 0x7, 0x8c, 0xc0,
    0x1f, 0xfd, 0xc2, 0x40, 0xf, 0x48, 0x7, 0xff,
    0x76, 0xc0, 0x3c, 0x4a, 0x1, 0xff, 0xdc, 0x16,
    0x0, 0xf5, 0x80, 0x7f, 0xf7, 0x64, 0x3, 0xc2,
    0xc0, 0x1f, 0xfd, 0xd6, 0x0, 0xf3, 0x0, 0x7f,
    0xf4, 0x0,

    /* U+0038 "8" */
    0x0, 0xff, 0xe4, 0x92, 0x33, 0x1d, 0xe6, 0x62,
    0x10, 0x7, 0xff, 0x64, 0x9e, 0xbb, 0xf6, 0xe6,
    0x51, 0x14, 0xca, 0xf7, 0xfa, 0x9c, 0xc0, 0x3f,
    0xfa, 0x22, 0xfb, 0xa8, 0x51, 0x0, 0xff, 0xe0,
    0x8a, 0xc6, 0x6c, 0x10, 0x7, 0xff, 0x30, 0xa7,
    0xa0, 0x80, 0x3f, 0xf9, 0x24, 0xfb, 0x44, 0x1,
    0xff, 0xc9, 0x7d, 0x60, 0xf, 0xfe, 0x7a, 0xec,
    0x0, 0x7f, 0xf1, 0x87, 0x20, 0x3, 0xff, 0xa6,
    0xfa, 0x40, 0x1f, 0xfc, 0x32, 0xf3, 0x0, 0xff,
    0x89, 0x5e, 0x26, 0xa6, 0x1d, 0x4c, 0x3, 0xfe,
    0x2d, 0x40, 0xf, 0xfe, 0x9, 0x60, 0x80, 0x7e,
    0x16, 0xcf, 0xda, 0x87, 0x65, 0x67, 0x8a, 0xcf,
    0xc7, 0x10, 0xf, 0xeb, 0x30, 0xf, 0xfe, 0x7,
    0x88, 0x7, 0xc3, 0x5d, 0x26, 0x1, 0xff, 0xc1,
    0x38, 0xeb, 0x20, 0xf, 0xda, 0x40, 0x1f, 0xe9,
    0x20, 0xf, 0xa3, 0x94, 0x3, 0xff, 0x8e, 0x9b,
    0x20, 0x1f, 0xf, 0x0, 0x7f, 0x1b, 0x0, 0x7d,
    0x6e, 0x1, 0xff, 0xcb, 0x6c, 0x10, 0xf, 0x1b,
    0x0, 0x7e, 0x90, 0xf, 0xad, 0x0, 0x3f, 0xf9,
    0xa7, 0x80, 0x1f, 0x58, 0x7, 0xc2, 0xa0, 0x1e,
    0x74, 0x0, 0xff, 0xe7, 0x94, 0x80, 0x78, 0x90,
    0x3, 0xce, 0x1, 0xe1, 0x80, 0xf, 0xfe, 0x8b,
    0x18, 0x7, 0xb4, 0x3, 0xde, 0x1, 0xe6, 0x0,
    0xff, 0xe9, 0xd0, 0x7, 0x90, 0x3, 0xca, 0x1,
    0xeb, 0x0, 0xff, 0xe9, 0xb8, 0x7, 0x88, 0x3,
    0xc4, 0x1, 0xe3, 0x0, 0xff, 0xe9, 0x88, 0x80,
    0x3c, 0x40, 0x1c, 0x20, 0x1f, 0xfd, 0xb2, 0x0,
    0xf0, 0x80, 0x7f, 0xfb, 0x84, 0x3, 0xff, 0xb6,
    0x20, 0x1e, 0x10, 0xe, 0x20, 0xf, 0x10, 0x7,
    0xff, 0x50, 0x80, 0x3c, 0x40, 0x1c, 0xa0, 0x1e,
    0x40, 0xf, 0xfe, 0x99, 0x80, 0x78, 0x80, 0x3d,
    0xe0, 0x1e, 0xa0, 0xf, 0xfe, 0x9d, 0x0, 0x79,
    0x0, 0x3c, 0xe0, 0x1e, 0x34, 0x0, 0xff, 0xe8,
    0x93, 0x0, 0x7a, 0x80, 0x3c, 0x2a, 0x1, 0xe9,
    0x0, 0xff, 0xe8, 0xf0, 0x7, 0x88, 0xc0, 0x3e,
    0x80, 0xf, 0x15, 0x80, 0x7f, 0xf3, 0xe8, 0xc0,
    0x3d, 0x20, 0x1f, 0x89, 0xc0, 0x3c, 0x98, 0x20,
    0x1f, 0xfc, 0xb1, 0xb5, 0x0, 0xf2, 0xa0, 0x7,
    0xf4, 0x18, 0x7, 0x8f, 0x9c, 0x3, 0xff, 0x92,
    0xde, 0x80, 0x1e, 0x2a, 0x0, 0xff, 0xb4, 0x80,
    0x3e, 0x8d, 0x72, 0x0, 0xff, 0xe1, 0x93, 0xec,
    0x88, 0x7, 0x8b, 0x0, 0x3f, 0xf8, 0x3, 0xa8,
    0x1, 0xf1, 0x46, 0xea, 0x59, 0x8, 0x40, 0x21,
    0x23, 0x69, 0xcd, 0x82, 0x0, 0xf9, 0x30, 0x40,
    0x3f, 0xf8, 0x57, 0x20, 0x1f, 0xc4, 0xd3, 0x7b,
    0xdf, 0xf7, 0x6e, 0x4b, 0x18, 0x7, 0xf4, 0x58,
    0x80, 0x7f, 0xf1, 0x1b, 0x98, 0x3, 0xff, 0xa2,
    0xdc, 0xe0, 0x1f, 0xfc, 0x71, 0x9d, 0x20, 0xf,
    0xfe, 0x68, 0xec, 0x88, 0x7, 0xff, 0x20, 0xeb,
    0x48, 0x3, 0xff, 0x9a, 0x3b, 0x48, 0x1, 0xff,
    0xc6, 0x2a, 0xc5, 0x0, 0xff, 0xe8, 0xad, 0xd8,
    0x80, 0x3f, 0xf8, 0x6d, 0xaa, 0x1, 0xff, 0xa,
    0x2b, 0x3b, 0xcc, 0xa8, 0x40, 0x1f, 0xf2, 0x6c,
    0x0, 0x7f, 0xf0, 0x6a, 0x40, 0x3f, 0x8e, 0x33,
    0xfa, 0xea, 0x62, 0x29, 0xab, 0xdf, 0xc9, 0x30,
    0xf, 0xe7, 0xb1, 0x0, 0xff, 0x5a, 0x80, 0x7e,
    0x8d, 0xc7, 0x30, 0xf, 0xfe, 0x9, 0xb6, 0x74,
    0x8, 0x7, 0xc9, 0x82, 0x1, 0xfa, 0xd0, 0x3,
    0xe6, 0xe7, 0x20, 0xf, 0xfe, 0x38, 0xbf, 0xb8,
    0x7, 0xc5, 0xa2, 0x1, 0xe7, 0x40, 0xf, 0xe,
    0x48, 0x80, 0x7f, 0xf2, 0xc6, 0x34, 0x80, 0x3c,
    0x76, 0x1, 0xc5, 0x0, 0x1e, 0x1f, 0x30, 0xf,
    0xfe, 0x79, 0x61, 0x0, 0x79, 0x54, 0x1, 0xa4,
    0x3, 0xec, 0x10, 0xf, 0xfe, 0x88, 0xe0, 0x80,
    0x7a, 0xc0, 0x22, 0x40, 0xf, 0x49, 0x0, 0x7f,
    0xf4, 0xc6, 0x80, 0x3c, 0x2a, 0x0, 0xa0, 0xf,
    0x13, 0x0, 0x7f, 0xf5, 0x51, 0x0, 0x1e, 0xe0,
    0x2, 0x0, 0x7a, 0xc0, 0x3f, 0xfa, 0xfe, 0x1,
    0xe4, 0x0, 0x18, 0x7, 0x9c, 0x3, 0xff, 0xae,
    0x82, 0x1, 0xe4, 0x30, 0xf, 0x10, 0x80, 0x7f,
    0xf6, 0x14, 0x3, 0xc6, 0xe0, 0x1e, 0x60, 0xf,
    0xfe, 0xc9, 0x0, 0x7b, 0xc4, 0x3, 0xc2, 0x1,
    0xff, 0xd9, 0xe0, 0xf, 0x8, 0x7, 0xff, 0xc0,
    0x40, 0x3f, 0xfb, 0x3e, 0x1, 0xf3, 0x0, 0x79,
    0x80, 0x3f, 0xfb, 0x26, 0x1, 0xee, 0x20, 0xf,
    0x10, 0x80, 0x7f, 0xf6, 0x14, 0x3, 0xc4, 0x22,
    0x0, 0xf2, 0x0, 0x7f, 0xf5, 0xcc, 0x40, 0x3c,
    0xe0, 0x80, 0x1e, 0x90, 0xf, 0xfe, 0xbc, 0x80,
    0x78, 0x48, 0x3c, 0x3, 0xc6, 0xa0, 0x1f, 0xfd,
    0x53, 0x50, 0xf, 0x38, 0x1, 0x44, 0x3, 0xd6,
    0x20, 0x1f, 0xfd, 0x4e, 0x0, 0xfa, 0xc0, 0x29,
    0x0, 0xf0, 0xe8, 0x80, 0x7f, 0xf4, 0xac, 0x80,
    0x3c, 0xa4, 0x1, 0x39, 0x0, 0x78, 0xf0, 0x80,
    0x3f, 0xf9, 0xe3, 0x88, 0x1, 0xf4, 0x0, 0x77,
    0x0, 0x7c, 0x5a, 0xe0, 0x1f, 0xfc, 0xd6, 0xf3,
    0x0, 0xfa, 0x48, 0x3, 0x8e, 0x0, 0x3f, 0x46,
    0xa8, 0x7, 0xff, 0x25, 0x76, 0x44, 0x3, 0xe6,
    0x60, 0x7, 0xce, 0xe0, 0xf, 0xc5, 0x5f, 0x4a,
    0x20, 0x1f, 0xfc, 0x11, 0x4a, 0xfa, 0x20, 0xf,
    0xcb, 0x20, 0x1f, 0xd1, 0x0, 0xf, 0xf2, 0xd7,
    0x72, 0xe6, 0x1d, 0x9a, 0x78, 0x9b, 0xee, 0x5a,
    0x80, 0x7f, 0x9a, 0x80, 0x3f, 0xe7, 0xb1, 0x0,
    0xff, 0x85, 0x19, 0xe2, 0x66, 0x87, 0x64, 0x10,
    0xf, 0xfe, 0x5, 0x48, 0x7, 0xff, 0x5, 0x3d,
    0x80, 0x3f, 0xfa, 0xab, 0xca, 0x1, 0xff, 0xc3,
    0x19, 0xd5, 0x0, 0xff, 0xe8, 0xa6, 0x50, 0x80,
    0x7f, 0xf1, 0x8a, 0xba, 0xc, 0x3, 0xff, 0x96,
    0x4f, 0xb6, 0x60, 0x1f, 0xfc, 0xa1, 0x7c, 0xd9,
    0x62, 0x0, 0xff, 0xe1, 0x92, 0xce, 0xea, 0x8,
    0x3, 0xff, 0x9e, 0x4d, 0x3b, 0xfb, 0x95, 0x31,
    0x1d, 0x35, 0x9b, 0xfb, 0x4c, 0x40, 0x1f, 0xfc,
    0x30,

    /* U+0039 "9" */
    0x0, 0xff, 0xe3, 0x92, 0x33, 0x1d, 0xcc, 0xc5,
    0x20, 0xf, 0xfe, 0xd2, 0x46, 0x7e, 0xdc, 0xca,
    0x21, 0x32, 0xad, 0xfe, 0xa6, 0x10, 0xf, 0xfe,
    0x90, 0xc7, 0x5b, 0x98, 0x7, 0xff, 0x0, 0x56,
    0x7b, 0x18, 0x3, 0xff, 0x9c, 0x33, 0xce, 0x20,
    0x1f, 0xfc, 0x73, 0x9e, 0x60, 0xf, 0xfe, 0x5b,
    0x73, 0x0, 0x7f, 0xf3, 0x6, 0x74, 0xc0, 0x3f,
    0xf9, 0x15, 0x20, 0x1f, 0xfd, 0x2, 0xc8, 0x0,
    0xff, 0xe2, 0x8e, 0x28, 0x7, 0xf8, 0x55, 0xe2,
    0x66, 0x87, 0x42, 0x0, 0xff, 0x3d, 0x0, 0x7f,
    0xf0, 0xc7, 0x4c, 0x3, 0xf1, 0xcf, 0x72, 0xa1,
    0xd9, 0xa7, 0x8b, 0xde, 0x93, 0x0, 0xfc, 0xb8,
    0x1, 0xff, 0xc2, 0xa3, 0x0, 0xf9, 0x33, 0xc,
    0x20, 0x1f, 0xf0, 0xb6, 0x6a, 0x0, 0x7c, 0x74,
    0x1, 0xff, 0xc0, 0x84, 0x0, 0xfa, 0x6c, 0xc0,
    0x3f, 0xf8, 0xa5, 0x76, 0x10, 0xf, 0x2c, 0x0,
    0x7f, 0x8d, 0xc0, 0x3c, 0x3a, 0xc0, 0x1f, 0xfc,
    0x94, 0xf3, 0x0, 0xf3, 0xa0, 0x7, 0xf7, 0x80,
    0x78, 0x70, 0x80, 0x3f, 0xf9, 0x63, 0x88, 0x1,
    0xea, 0x10, 0xf, 0x90, 0xc0, 0x3d, 0x44, 0x1,
    0xff, 0xce, 0xb2, 0x0, 0xe1, 0x80, 0xf, 0xb8,
    0x3, 0xcc, 0x80, 0x1f, 0xfd, 0xf, 0x0, 0xf3,
    0x10, 0x7, 0xa, 0x80, 0x7a, 0x0, 0x3f, 0xfa,
    0x24, 0xc0, 0x1e, 0x80, 0xe, 0x40, 0xf, 0x28,
    0x80, 0x7f, 0xf4, 0xa0, 0x3, 0xca, 0x20, 0x1b,
    0x40, 0x3d, 0xe0, 0x1f, 0xfd, 0x31, 0x40, 0xf,
    0x48, 0x6, 0x40, 0xf, 0x20, 0x7, 0xff, 0x53,
    0x40, 0x3c, 0xc0, 0x18, 0x80, 0x3c, 0x20, 0x1f,
    0xfd, 0x45, 0x0, 0xf0, 0xa0, 0x4, 0x20, 0x1c,
    0x40, 0x1f, 0xfd, 0x52, 0x0, 0xfb, 0x40, 0x3f,
    0x84, 0x3, 0xff, 0xaa, 0x20, 0x1f, 0x20, 0x7,
    0xf0, 0x80, 0x7f, 0xf5, 0x44, 0x3, 0xe2, 0x10,
    0xf, 0xc6, 0x1, 0xff, 0xd5, 0x20, 0xf, 0xc8,
    0x0, 0x20, 0xe, 0x10, 0xf, 0xfe, 0xaa, 0x80,
    0x7e, 0xd0, 0x3, 0x0, 0x78, 0xc0, 0x3f, 0xfa,
    0x98, 0x1, 0xf8, 0xc0, 0x6, 0x1, 0xeb, 0x0,
    0xff, 0xea, 0x28, 0x7, 0xe6, 0x0, 0x68, 0x7,
    0x98, 0x3, 0xff, 0xa6, 0xe0, 0x1f, 0xc4, 0x0,
    0x50, 0xf, 0xb, 0x0, 0x7f, 0xf4, 0x46, 0x0,
    0x3f, 0xc2, 0x0, 0x50, 0xf, 0x40, 0x80, 0x7f,
    0xf4, 0x28, 0x3, 0xfe, 0x20, 0x4, 0x80, 0x78,
    0x68, 0x3, 0xff, 0x9f, 0x8, 0x1, 0x84, 0x3,
    0xce, 0x0, 0x35, 0x0, 0xf2, 0x50, 0x7, 0xff,
    0x36, 0x1c, 0x3, 0x32, 0x80, 0x78, 0x40, 0x28,
    0x0, 0xf9, 0x70, 0x80, 0x3f, 0xf9, 0x54, 0xe0,
    0x1d, 0x2, 0x1, 0xe3, 0x0, 0x8a, 0x40, 0x3e,
    0x3d, 0x60, 0xf, 0xfe, 0x3a, 0xf2, 0x80, 0x75,
    0x9, 0x80, 0x7f, 0xcc, 0xc0, 0xf, 0xd3, 0xce,
    0x20, 0x1f, 0xfc, 0x26, 0xca, 0x10, 0xe, 0x65,
    0x1, 0x0, 0xf0, 0x80, 0x74, 0xa8, 0x7, 0xe1,
    0x8e, 0xc9, 0x53, 0x21, 0x0, 0x9, 0x2b, 0xdf,
    0xc9, 0x80, 0x79, 0x64, 0x3, 0xff, 0x89, 0x4c,
    0x1, 0xfe, 0x36, 0xac, 0xde, 0xff, 0x76, 0xd4,
    0x20, 0x7, 0xe6, 0xa0, 0xf, 0xf0, 0x80, 0x7d,
    0x34, 0x1, 0xff, 0xd1, 0x99, 0x0, 0x61, 0x0,
    0xf1, 0x80, 0x7e, 0x5e, 0x50, 0xf, 0xfe, 0x6a,
    0xf3, 0x0, 0x7f, 0xf0, 0x4, 0x3, 0xf8, 0x6b,
    0x14, 0x3, 0xff, 0x92, 0xb9, 0x42, 0x1, 0xe3,
    0x0, 0xff, 0xe3, 0x1d, 0x74, 0x18, 0x7, 0xff,
    0xd, 0x23, 0xa8, 0xc0, 0x3f, 0x30, 0x7, 0x9c,
    0x3, 0xff, 0x82, 0x2f, 0x9f, 0x72, 0xc8, 0x66,
    0x22, 0x1a, 0x34, 0xdf, 0x5b, 0x88, 0x7, 0xf8,
    0x40, 0x3c, 0x60, 0x1f, 0xfc, 0x54, 0x69, 0xbc,
    0xc6, 0xeb, 0x2e, 0x59, 0x4, 0x3, 0xff, 0x82,
    0x40, 0x1c, 0x20, 0x1f, 0xfe, 0x2, 0x0, 0xf1,
    0x0, 0x7f, 0xf8, 0x1c, 0x3, 0xca, 0x1, 0xff,
    0xe0, 0xd0, 0xf, 0x70, 0x7, 0xff, 0x81, 0x0,
    0x3c, 0x80, 0x1f, 0xfe, 0x3, 0x0, 0xe1, 0x30,
    0xf, 0xfe, 0xfa, 0x80, 0x79, 0x0, 0x3f, 0xfc,
    0x1c, 0x1, 0xec, 0x0, 0xff, 0xef, 0x92, 0x0,
    0x79, 0xc0, 0x3f, 0xfb, 0xf6, 0x1, 0xe6, 0x10,
    0xf, 0xfe, 0xf1, 0x30, 0x7, 0xa8, 0x3, 0xff,
    0xbf, 0x20, 0x1e, 0x33, 0x0, 0x7f, 0xf7, 0x99,
    0x0, 0x3d, 0x0, 0x1f, 0xfd, 0xe3, 0x90, 0xf,
    0x2a, 0x0, 0x7f, 0xf7, 0x47, 0x40, 0x3e, 0x80,
    0xf, 0xfe, 0xe9, 0x78, 0x80, 0x7a, 0x8, 0x3,
    0xff, 0xb8, 0x98, 0x20, 0x1e, 0x47, 0x0, 0xff,
    0xee, 0x3d, 0x88, 0x7, 0x8a, 0x80, 0x3f, 0xf8,
    0x4c, 0x60, 0x1f, 0xfc, 0xb4, 0xd8, 0x0, 0xfd,
    0xe2, 0x1, 0xff, 0xc1, 0x19, 0xca, 0x30, 0xf,
    0xfe, 0x3a, 0xe5, 0x90, 0x7, 0xc3, 0x84, 0x1,
    0xff, 0xc2, 0x90, 0x2, 0xe6, 0xc2, 0x10, 0x7,
    0xfc, 0x4d, 0x5f, 0x46, 0x1, 0xf8, 0x70, 0xc0,
    0x3f, 0xf8, 0x42, 0xe0, 0x18, 0x9e, 0xf7, 0xf6,
    0xea, 0x66, 0xab, 0xdf, 0xd9, 0x50, 0xf, 0xf1,
    0xf9, 0x0, 0x7f, 0xf0, 0xe4, 0x3, 0xfc, 0x48,
    0xac, 0xd2, 0xa1, 0x0, 0x7f, 0xf0, 0x63, 0x4,
    0x3, 0xff, 0x88, 0xe0, 0x1f, 0xfd, 0x24, 0xd7,
    0x0, 0xff, 0xe3, 0x62, 0x0, 0x7f, 0xf3, 0xd7,
    0x2c, 0x80, 0x3f, 0xf8, 0xe7, 0x78, 0xc2, 0x1,
    0xff, 0xc9, 0x27, 0xda, 0x30, 0xf, 0xfe, 0x59,
    0xcf, 0x64, 0x21, 0x0, 0x7f, 0xf0, 0x49, 0x63,
    0x75, 0x4, 0x1, 0xff, 0xd0, 0x37, 0xbd, 0xfd,
    0xba, 0x98, 0x8a, 0x6a, 0xf3, 0xf6, 0x9c, 0x80,
    0x3f, 0xf9, 0x20,

    /* U+003A ":" */
    0x0, 0x1d, 0xf7, 0xe3, 0x0, 0x66, 0xc4, 0x10,
    0x39, 0xb0, 0x1, 0xc8, 0x7, 0x92, 0x42, 0x40,
    0x3f, 0x30, 0xb8, 0x7, 0xf2, 0x98, 0x7, 0xf0,
    0x90, 0x7, 0xf3, 0x50, 0x7, 0xe2, 0x36, 0x30,
    0xf, 0xb8, 0x1, 0xa8, 0x1, 0x86, 0xcc, 0x0,
    0x37, 0x93, 0x17, 0xc8, 0x1, 0xc6, 0xce, 0x80,
    0x1f, 0xff, 0xf0, 0xf, 0xff, 0xf8, 0x7, 0xff,
    0xfc, 0x3, 0xff, 0xfe, 0x1, 0xff, 0xc3, 0x36,
    0x74, 0x0, 0xe1, 0xbc, 0x98, 0xbe, 0x40, 0xb,
    0x50, 0x3, 0xd, 0xa0, 0x31, 0x80, 0x7d, 0x21,
    0x40, 0x1f, 0x88, 0xc8, 0x3, 0xf9, 0x8c, 0x3,
    0xf8, 0x50, 0x3, 0xf9, 0x68, 0x3, 0xf3, 0x9,
    0xc8, 0x7, 0x92, 0x40, 0xd, 0x88, 0x0, 0x29,
    0xb0, 0x0,

    /* U+003B ";" */
    0x0, 0x1d, 0xf7, 0xe3, 0x0, 0x66, 0xc4, 0x10,
    0x39, 0xb0, 0x1, 0xc8, 0x7, 0x92, 0x42, 0x40,
    0x3f, 0x30, 0xb8, 0x7, 0xf2, 0x98, 0x7, 0xf0,
    0x90, 0x7, 0xf3, 0x50, 0x7, 0xe2, 0x36, 0x30,
    0xf, 0xb8, 0x1, 0xa8, 0x1, 0x86, 0xcc, 0x0,
    0x37, 0x93, 0x17, 0xc8, 0x1, 0xc6, 0xce, 0x80,
    0x1f, 0xff, 0xf0, 0xf, 0xff, 0xf8, 0x7, 0xff,
    0xfc, 0x3, 0xff, 0xfe, 0x1, 0xff, 0xcd, 0x3b,
    0xef, 0xd7, 0x0, 0xcb, 0x88, 0x20, 0x51, 0x80,
    0x2, 0xa0, 0xf, 0x1c, 0x85, 0x0, 0x7e, 0x61,
    0x40, 0xf, 0xe5, 0x0, 0xff, 0xb, 0x0, 0x7f,
    0x37, 0x0, 0x7f, 0x1a, 0x28, 0x7, 0xc8, 0x0,
    0xa7, 0x0, 0xf6, 0x80, 0x51, 0x0, 0xe, 0x70,
    0xd, 0x80, 0x18, 0xc4, 0x3, 0x28, 0x6, 0xb0,
    0xc, 0x42, 0x1, 0x90, 0x3, 0x20, 0x6, 0x13,
    0x0, 0xde, 0x1, 0x9c, 0x3, 0x90, 0x3, 0x68,
    0x6, 0x12, 0x0, 0xc8, 0x1, 0x90, 0x3, 0x28,
    0x7, 0x68, 0x6, 0xf0, 0xe, 0x40, 0xc, 0x80,
    0x1c, 0x60, 0x11, 0x88, 0x6, 0x40, 0xd, 0x60,
    0x1c, 0x60, 0x19, 0x40, 0x39, 0xfb, 0xaf, 0x20,
    0xe,

    /* U+003C "<" */
    0x0, 0xff, 0xee, 0xa2, 0x0, 0x3f, 0xfb, 0x42,
    0xfd, 0x66, 0x1, 0xff, 0xd8, 0x4b, 0xe8, 0x10,
    0xf, 0xfe, 0xb8, 0xbf, 0x5a, 0x0, 0x7f, 0xf6,
    0x12, 0xba, 0x4, 0x3, 0xff, 0xae, 0x2f, 0xb6,
    0xa0, 0x1f, 0xfd, 0x84, 0xae, 0x82, 0x0, 0xff,
    0x1a, 0x0, 0x7f, 0xf2, 0xc5, 0xf6, 0xd4, 0x3,
    0xfc, 0x2f, 0xb8, 0x60, 0x1f, 0xfc, 0x93, 0xae,
    0x82, 0x0, 0xff, 0x25, 0x74, 0x10, 0x7, 0xff,
    0x20, 0x5b, 0x71, 0x40, 0x3f, 0xc2, 0xfb, 0x6a,
    0x1, 0xff, 0xc9, 0x3a, 0xe9, 0x20, 0xf, 0xf2,
    0x57, 0x41, 0x0, 0x7f, 0xf2, 0x5b, 0x71, 0x40,
    0x3f, 0xc2, 0xfd, 0x6a, 0x1, 0xff, 0xc9, 0x39,
    0xf9, 0x20, 0xf, 0xf2, 0x5f, 0x40, 0x80, 0x7f,
    0xf2, 0x5b, 0x30, 0xc0, 0x1f, 0xe2, 0x8e, 0xb4,
    0x0, 0xff, 0xe4, 0x9c, 0xfc, 0x98, 0x7, 0xf9,
    0x6f, 0x5c, 0x40, 0x3f, 0xf9, 0x2d, 0x98, 0x60,
    0xf, 0xf1, 0x47, 0x52, 0x0, 0x7f, 0xf2, 0x4a,
    0x7e, 0x4c, 0x3, 0xfc, 0xb7, 0xae, 0x20, 0x1f,
    0xfc, 0xa4, 0xd6, 0x0, 0xff, 0x14, 0x75, 0x20,
    0x7, 0xff, 0x61, 0x73, 0x5c, 0x40, 0x3f, 0xfa,
    0xe5, 0x3d, 0x46, 0x1, 0xff, 0xd9, 0x3e, 0x61,
    0x0, 0xff, 0xed, 0x9e, 0x61, 0x80, 0x3f, 0xfb,
    0xa7, 0x3f, 0x26, 0x1, 0xff, 0xd1, 0x62, 0x0,
    0xff, 0x36, 0x6b, 0x0, 0x7f, 0xf3, 0xcb, 0x71,
    0x80, 0x3f, 0xc5, 0x3f, 0x46, 0x1, 0xff, 0xce,
    0x39, 0xf9, 0x20, 0xf, 0xf2, 0xe6, 0xb8, 0x80,
    0x7f, 0xf3, 0x9b, 0x71, 0x80, 0x3f, 0xc5, 0x1d,
    0x48, 0x1, 0xff, 0xce, 0x39, 0xf9, 0x20, 0xf,
    0xf2, 0xde, 0xb8, 0x80, 0x7f, 0xf3, 0x9b, 0x71,
    0x80, 0x3f, 0xc5, 0x1d, 0x48, 0x1, 0xff, 0xce,
    0x39, 0xf9, 0x20, 0xf, 0xf2, 0xde, 0xb8, 0x80,
    0x7f, 0xf3, 0x9b, 0x71, 0x40, 0x3f, 0xc5, 0x1d,
    0x48, 0x1, 0xff, 0xce, 0x3a, 0xe9, 0x20, 0xf,
    0xf2, 0xdf, 0x38, 0x80, 0x7f, 0xf3, 0x45, 0xb7,
    0x14, 0x3, 0xfc, 0x31, 0xd6, 0x80, 0x1f, 0xfc,
    0xe3, 0xae, 0x92, 0x0, 0xff, 0x25, 0xf4, 0x10,
    0x7, 0xff, 0x34, 0x5b, 0x71, 0x40, 0x3f, 0xc2,
    0xfa, 0xc0, 0x1f, 0xfc, 0xf3, 0xae, 0x92, 0x0,
    0xff, 0x8, 0x7, 0xff, 0x44, 0x5b, 0x71, 0x40,
    0x3f, 0xfb, 0xa7, 0x5d, 0x4, 0x1, 0xff, 0xdc,
    0x17, 0xdc, 0x50, 0xf, 0xfe, 0xe9, 0xd7, 0x41,
    0x0, 0x7f, 0xf7, 0x5, 0xf5, 0x80,

    /* U+003D "=" */
    0x4f, 0xff, 0xfe, 0xeb, 0x80, 0x7f, 0xff, 0xc0,
    0x3f, 0xff, 0xe0, 0x1f, 0xfc, 0xa7, 0x44, 0xff,
    0xee, 0x91, 0xdd, 0xff, 0xf7, 0x54, 0x3, 0xff,
    0xfe, 0x1, 0xff, 0xff, 0x0, 0xff, 0xff, 0x80,
    0x7f, 0xff, 0xc0, 0x3f, 0xff, 0xe0, 0x1f, 0xff,
    0xf0, 0xf, 0xff, 0xf8, 0x7, 0xff, 0xfc, 0x3,
    0xff, 0xc2, 0x75, 0x5f, 0xfd, 0xd5, 0x75, 0x5f,
    0xfe, 0xe9, 0x0, 0x7f, 0xff, 0xc0, 0x3f, 0xff,
    0xe0, 0x1f, 0xfc, 0xa0,

    /* U+003E ">" */
    0x26, 0x0, 0xff, 0xee, 0xb4, 0xfc, 0x90, 0x7,
    0xff, 0x75, 0xb7, 0x14, 0x3, 0xff, 0xba, 0x75,
    0xd2, 0x40, 0x1f, 0xfd, 0xc1, 0x6d, 0xc5, 0x0,
    0xff, 0xee, 0x9d, 0x74, 0x10, 0x7, 0xff, 0x41,
    0x54, 0x1, 0xfe, 0x17, 0xdb, 0x50, 0xf, 0xfe,
    0x70, 0xd7, 0x41, 0x0, 0x7f, 0x92, 0xba, 0x8,
    0x3, 0xff, 0x9a, 0x2f, 0xb8, 0xa0, 0x1f, 0xe1,
    0x7d, 0xb5, 0x0, 0xff, 0xe7, 0x1d, 0x74, 0x90,
    0x7, 0xf9, 0x2b, 0xa0, 0x40, 0x3f, 0xf9, 0xa2,
    0xdb, 0x8c, 0x1, 0xfe, 0x17, 0xeb, 0x40, 0xf,
    0xfe, 0x71, 0xcf, 0xc9, 0x80, 0x7f, 0x92, 0xf9,
    0xc4, 0x3, 0xff, 0x9c, 0xd9, 0x86, 0x0, 0xff,
    0xc, 0x75, 0xa0, 0x7, 0xff, 0x38, 0xe7, 0xe4,
    0xc0, 0x3f, 0xc9, 0x7c, 0xe2, 0x1, 0xff, 0xce,
    0x6c, 0xd6, 0x10, 0xf, 0xe1, 0x8e, 0xa4, 0x0,
    0xff, 0xe7, 0x14, 0xf5, 0x18, 0x7, 0xf9, 0x6f,
    0x5c, 0x40, 0x3f, 0xf9, 0xcb, 0x9a, 0xe2, 0x1,
    0xfc, 0x51, 0xd4, 0x80, 0x1f, 0xfc, 0xe2, 0x8e,
    0xa4, 0x0, 0xff, 0x2d, 0xb8, 0x7, 0xff, 0x41,
    0x6f, 0x5c, 0x40, 0x3f, 0xfb, 0x85, 0x1d, 0x68,
    0x1, 0xff, 0xdd, 0x4a, 0x60, 0xf, 0xfe, 0xda,
    0x57, 0x30, 0x7, 0xff, 0x60, 0x5f, 0xad, 0x40,
    0x3f, 0xfb, 0x9, 0x7d, 0x2, 0x1, 0xfc, 0x26,
    0x1, 0xff, 0xcc, 0x28, 0xeb, 0x40, 0xf, 0xf2,
    0x5f, 0x20, 0x7, 0xff, 0x29, 0x6f, 0x5c, 0x40,
    0x3f, 0x86, 0x3a, 0xd0, 0x3, 0xff, 0x92, 0x51,
    0xd4, 0x80, 0x1f, 0xe4, 0xbe, 0x71, 0x0, 0xff,
    0xe4, 0xae, 0x6b, 0x88, 0x7, 0xf0, 0xbf, 0x5a,
    0x0, 0x7f, 0xf2, 0x4a, 0x7a, 0x8c, 0x3, 0xfc,
    0x97, 0xd0, 0x20, 0x1f, 0xfc, 0x96, 0xcd, 0x61,
    0x0, 0xfe, 0x17, 0xeb, 0x40, 0xf, 0xfe, 0x49,
    0xcf, 0xc9, 0x80, 0x7f, 0x92, 0xfa, 0x4, 0x3,
    0xff, 0x92, 0xd9, 0x86, 0x0, 0xff, 0xb, 0xf5,
    0xa0, 0x7, 0xff, 0x24, 0xe7, 0xe4, 0xc0, 0x3f,
    0xc9, 0x7d, 0x2, 0x1, 0xff, 0xc8, 0x16, 0xdc,
    0x60, 0xf, 0xf0, 0xbf, 0x5a, 0x0, 0x7f, 0xf2,
    0x8f, 0xa4, 0x80, 0x3f, 0xc9, 0x5d, 0x2, 0x1,
    0xff, 0xcc, 0x70, 0xf, 0xf0, 0xbf, 0x5a, 0x80,
    0x7f, 0xf6, 0x12, 0xba, 0x4, 0x3, 0xff, 0xae,
    0x2f, 0xb6, 0xa0, 0x1f, 0xfd, 0x84, 0xae, 0x82,
    0x0, 0xff, 0xeb, 0x8b, 0xed, 0xa8, 0x7, 0xff,
    0x65, 0x3a, 0x8, 0x3, 0xff, 0xb6,

    /* U+003F "?" */
    0x0, 0xff, 0xe3, 0x9, 0xab, 0x31, 0xde, 0x65,
    0x42, 0x0, 0xff, 0xe9, 0xa, 0xce, 0xff, 0x65,
    0x4c, 0xa2, 0x29, 0xab, 0xdf, 0xc8, 0x40, 0xf,
    0xfe, 0x58, 0xb6, 0x75, 0x31, 0x0, 0x7f, 0xf0,
    0x8d, 0xef, 0xe4, 0xc0, 0x3f, 0xf8, 0xc5, 0x5d,
    0x26, 0x1, 0xff, 0xca, 0x6c, 0xb2, 0x0, 0xff,
    0xe1, 0xc, 0xea, 0x80, 0x7f, 0xf3, 0xd3, 0x60,
    0x3, 0xff, 0x80, 0xbe, 0xc0, 0x1f, 0xfd, 0x37,
    0xc1, 0x0, 0xfe, 0xaa, 0x8, 0x7, 0xff, 0x0,
    0x91, 0x59, 0xa5, 0x42, 0x0, 0xff, 0xe0, 0x1f,
    0x90, 0x7, 0x87, 0x14, 0x3, 0xf8, 0x56, 0x77,
    0xf6, 0xea, 0x66, 0xab, 0xdf, 0xc8, 0x20, 0xf,
    0xe1, 0xf1, 0x0, 0xc3, 0x86, 0x1, 0xf8, 0xeb,
    0xa9, 0x88, 0x3, 0xfe, 0x37, 0xdc, 0x30, 0xf,
    0xc5, 0x40, 0x10, 0xe1, 0x0, 0x7c, 0x77, 0x8a,
    0x1, 0xff, 0xc6, 0x3c, 0x90, 0xf, 0xc8, 0xa0,
    0x6, 0x20, 0xf, 0xa3, 0x10, 0x3, 0xff, 0x94,
    0xd8, 0x1, 0xfa, 0x0, 0xf, 0x40, 0x1c, 0x38,
    0xe0, 0x1f, 0xfc, 0xd3, 0xc0, 0xf, 0x89, 0x0,
    0xb, 0xa4, 0x0, 0x2f, 0x30, 0xf, 0xfe, 0x79,
    0xb8, 0x7, 0xda, 0x1, 0x16, 0xb0, 0xe0, 0x80,
    0x7f, 0xf4, 0x60, 0x40, 0x3c, 0x80, 0x1d, 0x3c,
    0x20, 0x1f, 0xfd, 0x36, 0x0, 0xf1, 0x0, 0x7f,
    0xf6, 0xec, 0x3, 0xe2, 0x0, 0xff, 0xed, 0x18,
    0x7, 0xc2, 0x1, 0xff, 0xff, 0x0, 0xff, 0x84,
    0x3, 0xc2, 0x1, 0xff, 0xdb, 0x10, 0xf, 0x18,
    0x7, 0xff, 0x68, 0x40, 0x3c, 0x22, 0x0, 0xff,
    0xed, 0x20, 0x7, 0x88, 0x3, 0xff, 0xb7, 0xe0,
    0x1e, 0xb0, 0xf, 0xfe, 0xd1, 0x28, 0x7, 0x94,
    0x3, 0xff, 0xb5, 0x20, 0x1e, 0x42, 0x0, 0xff,
    0xec, 0xba, 0x0, 0x7a, 0x0, 0x3f, 0xfb, 0x29,
    0x0, 0x1e, 0x73, 0x0, 0xff, 0xec, 0x1d, 0x80,
    0x78, 0xa0, 0x3, 0xff, 0xb0, 0x78, 0x1, 0xf7,
    0x0, 0x7f, 0xf6, 0x13, 0x0, 0x3e, 0xb3, 0x0,
    0xff, 0xeb, 0xb5, 0x80, 0x7d, 0x48, 0x1, 0xff,
    0xd7, 0x79, 0x0, 0xfa, 0x94, 0x3, 0xff, 0xaf,
    0x30, 0x1, 0xf6, 0x28, 0x7, 0xff, 0x5e, 0xd8,
    0x3, 0xc3, 0xa6, 0x1, 0xff, 0xd7, 0xb4, 0x0,
    0xf1, 0x61, 0x0, 0x7f, 0xf5, 0xed, 0x0, 0x3c,
    0x78, 0x40, 0x1f, 0xfd, 0x79, 0x40, 0xf, 0x1e,
    0x88, 0x7, 0xff, 0x5d, 0x18, 0x3, 0xc7, 0xa2,
    0x1, 0xff, 0xd7, 0x1a, 0x0, 0xf0, 0xe8, 0x80,
    0x7f, 0xf6, 0x20, 0x40, 0x3d, 0x42, 0x1, 0xff,
    0xd8, 0x16, 0x0, 0xf3, 0xa0, 0x7, 0xff, 0x66,
    0x40, 0x3c, 0x30, 0x1, 0xff, 0xda, 0x40, 0xf,
    0x30, 0x7, 0xff, 0x6c, 0xc0, 0x3d, 0x60, 0x1f,
    0xfd, 0xa3, 0x0, 0xf8, 0xc0, 0x3f, 0xfb, 0x4c,
    0x1, 0xe3, 0x0, 0xff, 0xed, 0x98, 0x7, 0x9c,
    0x3, 0xff, 0xb6, 0xae, 0xfe, 0xe0, 0xf, 0xfe,
    0xd9, 0xc4, 0x79, 0x40, 0x3f, 0xff, 0xe0, 0x1f,
    0xff, 0xf0, 0xf, 0xff, 0xf8, 0x7, 0xff, 0xfc,
    0x3, 0xff, 0xfe, 0x1, 0xff, 0xff, 0x0, 0xff,
    0xe0, 0x9d, 0x6f, 0x5a, 0x80, 0x7f, 0xf7, 0x1b,
    0x14, 0x85, 0x2a, 0x80, 0x1f, 0xfd, 0xa2, 0x90,
    0xf, 0x2b, 0x80, 0x7f, 0xf6, 0x60, 0x3, 0xf4,
    0x80, 0x7f, 0xf6, 0x5c, 0x3, 0xf0, 0x90, 0x7,
    0xff, 0xfc, 0x3, 0xf3, 0x80, 0x7e, 0x12, 0x0,
    0xff, 0xec, 0x48, 0x7, 0xe9, 0x0, 0xff, 0xec,
    0x9c, 0x80, 0x79, 0x1c, 0x3, 0xff, 0xb4, 0xd6,
    0x80, 0x3, 0x9b, 0x0, 0xff, 0xe3, 0x0,

    /* U+0040 "@" */
    0x0, 0xff, 0xed, 0x89, 0xaa, 0x99, 0xde, 0x66,
    0x2a, 0x18, 0x80, 0x7f, 0xfe, 0xc5, 0x22, 0xf7,
    0xfb, 0x2a, 0x93, 0x11, 0x4c, 0xaa, 0xf3, 0xbf,
    0x69, 0xcc, 0x3, 0xff, 0xe6, 0x93, 0xbd, 0x6e,
    0x84, 0x1, 0xff, 0xc4, 0x25, 0x8c, 0xfc, 0x72,
    0x0, 0xff, 0xf6, 0x24, 0xf5, 0xb1, 0x0, 0x7f,
    0xf3, 0x8e, 0x37, 0x50, 0x40, 0x1f, 0xfe, 0x76,
    0xdb, 0x61, 0x0, 0xff, 0xea, 0x13, 0xed, 0xa0,
    0x7, 0xff, 0x8d, 0xfa, 0x48, 0x3, 0xff, 0x80,
    0x6a, 0xcf, 0x10, 0x99, 0x44, 0x1d, 0x50, 0x80,
    0x3f, 0xf8, 0x9, 0x7a, 0x80, 0x1f, 0xfd, 0xf6,
    0xe8, 0x10, 0xf, 0xe4, 0x8b, 0xef, 0xca, 0x98,
    0x77, 0x33, 0x1d, 0xd1, 0x57, 0xbf, 0xb4, 0xe6,
    0x1, 0xfc, 0x57, 0x86, 0x1, 0xff, 0xdb, 0x3d,
    0x91, 0x0, 0xf8, 0x5b, 0x3e, 0xdd, 0x4, 0x3,
    0xff, 0x88, 0x4b, 0x19, 0xf6, 0xa2, 0x1, 0xf1,
    0xe5, 0x8, 0x7, 0xff, 0x61, 0xf0, 0x80, 0x3e,
    0x4b, 0xe9, 0x30, 0xf, 0xfe, 0x72, 0x57, 0x52,
    0x0, 0x7c, 0xbe, 0x80, 0x1f, 0xfd, 0x52, 0xc8,
    0x0, 0xf9, 0xb6, 0xd0, 0x3, 0xff, 0xa8, 0xb7,
    0xaa, 0x1, 0xe1, 0xb9, 0x0, 0xff, 0xe9, 0x9e,
    0x18, 0x7, 0x93, 0x64, 0x80, 0x3f, 0xfb, 0x5,
    0x5a, 0x60, 0x1e, 0x6c, 0x10, 0xf, 0xfe, 0x82,
    0xe0, 0x80, 0x70, 0xd5, 0x90, 0x7, 0xff, 0x70,
    0xb2, 0x84, 0x3, 0x8f, 0xc8, 0x3, 0xff, 0x9c,
    0xd4, 0x1, 0xe6, 0xe5, 0x0, 0xff, 0xf0, 0x2f,
    0xb0, 0x7, 0xe, 0x98, 0x7, 0xff, 0x31, 0xa4,
    0x3, 0xd5, 0x20, 0x1f, 0xfe, 0x31, 0x99, 0x0,
    0x7b, 0x4c, 0x3, 0xff, 0x94, 0xb2, 0x1, 0xc3,
    0x8a, 0x1, 0xff, 0xe6, 0x6c, 0x10, 0xc, 0x3a,
    0x40, 0x1f, 0xfc, 0x84, 0xa0, 0xe, 0x3f, 0x30,
    0xf, 0xff, 0x41, 0xf9, 0x80, 0x61, 0xc1, 0x0,
    0xff, 0xe3, 0xd, 0x0, 0x71, 0xe0, 0x80, 0x7f,
    0xfa, 0x87, 0x48, 0x3, 0xd, 0x0, 0x7f, 0xf1,
    0xb4, 0x40, 0x31, 0x68, 0x7, 0xff, 0xb4, 0x70,
    0x40, 0x32, 0x40, 0x7, 0xff, 0x12, 0xc, 0x3,
    0xf, 0x88, 0x7, 0xff, 0x28, 0x51, 0x9e, 0x22,
    0x75, 0x30, 0xf, 0xfe, 0x11, 0x19, 0xf0, 0x80,
    0x70, 0xe0, 0x80, 0x67, 0x40, 0xf, 0xfe, 0x11,
    0xb8, 0x7, 0x69, 0x0, 0x7f, 0xf2, 0x16, 0xbb,
    0x97, 0x30, 0xef, 0x45, 0x67, 0xe3, 0x98, 0x7,
    0xfa, 0x73, 0x3a, 0x40, 0x3c, 0x5a, 0x1, 0xd2,
    0x1, 0xff, 0xc2, 0xf0, 0xe, 0x93, 0x0, 0xff,
    0xe3, 0x14, 0xfd, 0x28, 0x80, 0x7f, 0xc7, 0x19,
    0x85, 0x0, 0xff, 0xe5, 0x1b, 0x80, 0x62, 0x70,
    0xf, 0xfe, 0x3, 0x18, 0x6, 0x46, 0x0, 0xff,
    0xe2, 0x8c, 0xeb, 0x0, 0x7f, 0xf1, 0x8e, 0xb4,
    0xc0, 0x3f, 0xf9, 0x30, 0x60, 0x1a, 0x8, 0x3,
    0xfe, 0x80, 0xe, 0xa0, 0xf, 0xfe, 0x2a, 0xfb,
    0x0, 0x7f, 0xf2, 0x8b, 0x24, 0x3, 0xff, 0x93,
    0xc0, 0x1d, 0x60, 0x1f, 0xe7, 0x10, 0xd, 0x22,
    0x1, 0xff, 0xc4, 0x9a, 0x10, 0xf, 0xfe, 0x6b,
    0x60, 0x80, 0x7f, 0xf1, 0xca, 0x0, 0x33, 0x8,
    0x7, 0xf4, 0x80, 0x62, 0x60, 0xf, 0xfe, 0x25,
    0xb0, 0x7, 0xf1, 0xbd, 0x6f, 0x7f, 0xbb, 0x6e,
    0x10, 0x3, 0xe3, 0xf2, 0x0, 0xff, 0xe3, 0xb8,
    0x80, 0x68, 0x0, 0xfc, 0xc2, 0x1, 0xa4, 0x3,
    0xff, 0x89, 0x88, 0x1, 0xf0, 0xbe, 0xe4, 0x29,
    0x8, 0x0, 0x49, 0x1e, 0xfa, 0x48, 0x3, 0x87,
    0xc4, 0x3, 0xff, 0x8f, 0x0, 0x19, 0x84, 0x3,
    0xeb, 0x0, 0xc4, 0x80, 0x1f, 0xfc, 0x3a, 0x30,
    0xf, 0x9f, 0xa0, 0x80, 0x3f, 0xf8, 0x2, 0xdb,
    0x20, 0x1c, 0x5a, 0x1, 0xff, 0xc7, 0x61, 0x0,
    0xce, 0x1, 0xe3, 0x20, 0xd, 0x0, 0x1f, 0xfc,
    0x38, 0x50, 0xf, 0x16, 0x40, 0x7, 0xff, 0x19,
    0xb9, 0x0, 0x31, 0xc0, 0x7, 0xff, 0x1d, 0x80,
    0x35, 0x0, 0x7a, 0xc0, 0x30, 0xa8, 0x7, 0xff,
    0x8, 0xdc, 0x3, 0xc7, 0x86, 0x1, 0xff, 0xc8,
    0x1b, 0x60, 0xc, 0xea, 0x1, 0xff, 0xc6, 0xa0,
    0xc, 0x64, 0x1, 0xcc, 0x1, 0x9c, 0x3, 0xff,
    0x87, 0xc0, 0x1e, 0x4c, 0x10, 0xf, 0xfe, 0x5c,
    0xb0, 0x6, 0x10, 0xf, 0xfe, 0x31, 0x18, 0x6,
    0x50, 0xc, 0x62, 0x1, 0xa8, 0x3, 0xff, 0x84,
    0xe4, 0x1, 0xc5, 0x40, 0x1f, 0xfc, 0xe9, 0x40,
    0xf, 0xfe, 0x5d, 0x80, 0x6c, 0x0, 0xc8, 0x1,
    0x84, 0xc0, 0x3f, 0xf8, 0x52, 0x1, 0xee, 0x10,
    0xf, 0xfe, 0x7d, 0x8, 0x7, 0xff, 0x29, 0x40,
    0x32, 0x0, 0x6c, 0x0, 0xc8, 0x1, 0xff, 0xc2,
    0x61, 0x0, 0xe7, 0x30, 0xf, 0xfe, 0x80, 0xd8,
    0x7, 0xff, 0x28, 0x84, 0x3, 0x18, 0x4, 0x80,
    0x1b, 0x0, 0x3f, 0xf8, 0x56, 0x1, 0xc3, 0x0,
    0x1f, 0xfd, 0x25, 0x30, 0xf, 0xfe, 0x52, 0x0,
    0x64, 0x0, 0x10, 0x7, 0x20, 0x7, 0xff, 0x4,
    0x88, 0x1, 0xcc, 0x1, 0xff, 0xd4, 0x90, 0xf,
    0xfe, 0x56, 0x80, 0x6e, 0x0, 0x38, 0x7, 0x10,
    0x7, 0xff, 0x5, 0x40, 0x3d, 0x20, 0x1f, 0xfd,
    0x45, 0x10, 0xf, 0xfe, 0x49, 0x80, 0x62, 0x0,
    0x10, 0x6, 0x20, 0xf, 0xfe, 0x15, 0x80, 0x71,
    0x88, 0x7, 0xff, 0x55, 0xc0, 0x3f, 0xf9, 0x2c,
    0x1, 0x98, 0x1, 0xc0, 0x19, 0xc0, 0x3f, 0xf8,
    0x46, 0x1, 0xd6, 0x1, 0xff, 0xd6, 0xd0, 0xf,
    0xfe, 0x49, 0x0, 0x62, 0x0, 0x10, 0x6, 0x20,
    0xf, 0xfe, 0x9, 0x0, 0x78, 0xc0, 0x3f, 0xfa,
    0xca, 0x1, 0xff, 0xca, 0x10, 0xc, 0x20, 0xc0,
    0x1b, 0xc0, 0x3f, 0xf8, 0x2c, 0x1, 0xe5, 0x0,
    0xff, 0xeb, 0x8, 0x80, 0x3f, 0xf9, 0x26, 0x1,
    0x8c, 0xc, 0x3, 0x10, 0x7, 0xff, 0x4, 0x80,
    0x3c, 0x20, 0x1f, 0xfd, 0x72, 0x0, 0xff, 0xe4,
    0x88, 0x7, 0xff, 0x4c, 0x40, 0x3f, 0xfb, 0xe,
    0x1, 0xff, 0xce, 0x10, 0x10, 0xc, 0x20, 0x1f,
    0xfc, 0x11, 0x0, 0xe3, 0x0, 0xff, 0xec, 0x8,
    0x7, 0xff, 0x25, 0xc0, 0x33, 0x80, 0x7f, 0xff,
    0xc0, 0x3f, 0xf8, 0x6e, 0x1, 0xff, 0xce, 0x30,
    0xf, 0xff, 0x73, 0x80, 0x7f, 0xc2, 0x1, 0xff,
    0xc1, 0x10, 0xf, 0xfe, 0xf0, 0x80, 0x7f, 0xf3,
    0x84, 0x4, 0x3, 0x18, 0x7, 0xff, 0x4, 0xc0,
    0x38, 0x40, 0x3f, 0xfb, 0xc, 0x1, 0xff, 0xc9,
    0x10, 0xc, 0x60, 0x60, 0x1f, 0xfc, 0x67, 0x0,
    0xf1, 0x80, 0x7f, 0xf5, 0xc8, 0x3, 0xff, 0x92,
    0x40, 0x18, 0x40, 0x40, 0x37, 0x0, 0x7f, 0xf0,
    0x48, 0x3, 0xca, 0x1, 0xff, 0xd6, 0x30, 0xf,
    0xfe, 0x8b, 0x0, 0x62, 0x0, 0xff, 0xe1, 0x10,
    0x7, 0x60, 0x7, 0xff, 0x59, 0x0, 0x3f, 0xf9,
    0x24, 0x1, 0x8c, 0x0, 0x40, 0x19, 0x80, 0x3f,
    0xf8, 0x48, 0x1, 0xca, 0x1, 0xff, 0xd6, 0xb0,
    0xf, 0xfe, 0x4b, 0x80, 0x66, 0x0, 0x70, 0x6,
    0x20, 0xf, 0xfe, 0x16, 0x80, 0x79, 0x40, 0x3f,
    0xfa, 0x84, 0x60, 0x1f, 0xfc, 0x9d, 0x0, 0xc4,
    0x0, 0x50, 0xc, 0x24, 0x1, 0xff, 0xc1, 0x41,
    0x0, 0xe9, 0x0, 0xff, 0xea, 0x58, 0x7, 0xff,
    0x28, 0xc0, 0x36, 0x80, 0xc, 0x3, 0x9c, 0x3,
    0xff, 0x84, 0xc0, 0x1c, 0x68, 0x1, 0xff, 0xd2,
    0x26, 0x0, 0xff, 0xe5, 0x20, 0x6, 0x40, 0x8,
    0x80, 0x36, 0x0, 0x7f, 0xf0, 0xa4, 0x3, 0xd4,
    0x1, 0xff, 0xd2, 0x90, 0xf, 0xfe, 0x52, 0x0,
    0x62, 0x10, 0x9, 0x0, 0x32, 0x0, 0x7f, 0xf0,
    0x85, 0x80, 0x38, 0x64, 0x3, 0xff, 0xa0, 0xc8,
    0x1, 0xff, 0xca, 0xd0, 0xc, 0xa0, 0x1b, 0x0,
    0x31, 0x10, 0x3, 0xff, 0x85, 0x0, 0x1e, 0x66,
    0x0, 0x7f, 0xf3, 0x92, 0x40, 0x3f, 0x84, 0x3,
    0xff, 0x80, 0x2c, 0x1, 0xac, 0x3, 0x20, 0x7,
    0x50, 0x7, 0xff, 0x8, 0x64, 0x3, 0xd2, 0xc0,
    0x1f, 0xfc, 0xc3, 0xa0, 0xc, 0x40, 0x1c, 0x40,
    0x1f, 0xfc, 0x6, 0x0, 0xc4, 0x60, 0x18, 0x50,
    0x3, 0x28, 0x7, 0xff, 0xd, 0x8c, 0x3, 0xd2,
    0xe0, 0x1f, 0xfc, 0xa4, 0xc1, 0x0, 0x8a, 0x0,
    0x39, 0x40, 0x3f, 0xe1, 0x80, 0xd, 0x60, 0x1e,
    0xe0, 0xc, 0x48, 0x1, 0xff, 0xc3, 0xd2, 0x0,
    0xf4, 0x58, 0x80, 0x7f, 0xf1, 0xe6, 0xc0, 0x3b,
    0x9c, 0x3, 0x85, 0x40, 0x3f, 0xda, 0x1, 0x85,
    0x80, 0x3c, 0xa0, 0x1d, 0xe0, 0x1f, 0xfc, 0x31,
    0xf0, 0xf, 0x93, 0xa0, 0x40, 0x3f, 0xf8, 0x6d,
    0xcc, 0x1, 0xd4, 0x64, 0x20, 0x1d, 0x62, 0x1,
    0xfa, 0x8c, 0x3, 0x40, 0x7, 0xe6, 0x0, 0xc8,
    0x40, 0x1f, 0xfc, 0x32, 0xc1, 0x0, 0xf9, 0xfa,
    0x50, 0x3, 0xfc, 0x71, 0xd2, 0x20, 0x1d, 0xa,
    0x0, 0x40, 0xe, 0x1c, 0x30, 0xe, 0x3c, 0x50,
    0xc, 0x6c, 0x1, 0xfa, 0xc0, 0x3a, 0x0, 0x3f,
    0xf8, 0x87, 0x82, 0x1, 0xf9, 0xaf, 0xf6, 0xa6,
    0x22, 0xac, 0xfc, 0x71, 0x0, 0xf4, 0x38, 0x5,
    0x20, 0x1e, 0x2c, 0xc4, 0xc4, 0xe6, 0xc, 0x3,
    0xb8, 0x3, 0xf8, 0x90, 0x3, 0x29, 0x80, 0x7f,
    0xf1, 0xb, 0xd4, 0x3, 0xfc, 0x4a, 0xce, 0xf2,
    0x98, 0x7, 0xf5, 0x38, 0x6, 0x35, 0x0, 0xf8,
    0xd9, 0xd8, 0xc0, 0x3d, 0x64, 0x1, 0xfe, 0x80,
    0xe, 0xf0, 0xf, 0xfe, 0x28, 0xd5, 0x4, 0x3,
    0xff, 0x96, 0x9c, 0xa0, 0x1e, 0xb2, 0x0, 0xff,
    0xe2, 0x52, 0x0, 0x7f, 0xc6, 0x80, 0x18, 0xd8,
    0x3, 0xff, 0x8c, 0xbd, 0x0, 0x1f, 0xfc, 0x83,
    0xbb, 0x8, 0x7, 0xc3, 0x86, 0x1, 0xff, 0xc1,
    0x1c, 0x50, 0xf, 0xfe, 0xc, 0x80, 0x74, 0x90,
    0x7, 0xff, 0x1d, 0xfa, 0x50, 0x3, 0xff, 0x84,
    0x2b, 0x98, 0x40, 0xf, 0xf0, 0xe3, 0x80, 0x7f,
    0xcf, 0xc6, 0x1, 0xff, 0xc2, 0x27, 0x0, 0xef,
    0x0, 0xff, 0xe4, 0xb, 0x5f, 0x53, 0xa1, 0x8,
    0x0, 0x44, 0x6b, 0x19, 0xd4, 0x60, 0x1f, 0xfc,
    0x28, 0xe9, 0x52, 0x0, 0x9, 0x2d, 0x7c, 0x0,
    0x7f, 0xf1, 0x60, 0x80, 0x31, 0x48, 0x7, 0xff,
    0x28, 0x56, 0x2f, 0x7b, 0xfd, 0xdc, 0xca, 0x73,
    0x0, 0xff, 0xe3, 0xb, 0x56, 0xff, 0xbb, 0x69,
    0x40, 0x3f, 0xf9, 0x1c, 0x1, 0xcc, 0xe0, 0x1f,
    0xff, 0xf0, 0xf, 0xc7, 0x0, 0x1d, 0xc, 0x1,
    0xff, 0xff, 0x0, 0xfc, 0xe8, 0x1, 0xd2, 0xa0,
    0x1f, 0xff, 0xf0, 0xf, 0xd6, 0x60, 0x1d, 0x4e,
    0x1, 0xff, 0xff, 0x0, 0xfd, 0xa4, 0x1, 0xd1,
    0x0, 0xf, 0xff, 0xf8, 0x7, 0xc3, 0x82, 0x1,
    0xcf, 0x82, 0x1, 0xff, 0xff, 0x0, 0xf0, 0xe1,
    0x0, 0x71, 0xfa, 0x80, 0x7f, 0xff, 0xc0, 0x3c,
    0x58, 0x60, 0x1c, 0x35, 0x64, 0x1, 0xff, 0xff,
    0x0, 0xe1, 0xc5, 0x0, 0xf2, 0x6c, 0x88, 0x7,
    0xff, 0xfc, 0x3, 0xaa, 0x40, 0x3e, 0x6e, 0x92,
    0x0, 0xff, 0xea, 0xc, 0x78, 0x80, 0x7f, 0xf7,
    0xdb, 0x4c, 0x3, 0xe6, 0xdb, 0x61, 0x0, 0xff,
    0xe7, 0xa5, 0x73, 0x83, 0x0, 0x7f, 0xf8, 0xb,
    0x24, 0x40, 0x3e, 0x49, 0xeb, 0x63, 0x0, 0xff,
    0xe4, 0x12, 0xd7, 0xda, 0x80, 0x56, 0x1, 0xff,
    0xe2, 0x6f, 0x60, 0xf, 0xe4, 0x9c, 0xfb, 0x86,
    0x42, 0x10, 0xf, 0x88, 0xda, 0x2f, 0xb6, 0x94,
    0x3, 0xc6, 0x40, 0x1f, 0xfe, 0x21, 0x9d, 0x60,
    0xf, 0xf9, 0x1e, 0x6f, 0x7b, 0xfe, 0xee, 0x7f,
    0xb7, 0x25, 0xd0, 0x40, 0x3f, 0xcc, 0x1, 0xff,
    0xe4, 0x29, 0xf8, 0x20, 0xf, 0xfe, 0x28, 0x88,
    0x3, 0xff, 0x86, 0x2f, 0xc8, 0x1, 0xff, 0xe7,
    0x7d, 0xc7, 0x20, 0xf, 0xfe, 0x80, 0xad, 0xf4,
    0x8, 0x7, 0xff, 0xa8, 0xe3, 0x72, 0x54, 0x40,
    0x3f, 0xf9, 0x29, 0x19, 0xd4, 0x80, 0x1f, 0xff,
    0x3, 0x6a, 0xee, 0x5c, 0xba, 0x99, 0x8, 0x80,
    0x30, 0x9a, 0x34, 0x5f, 0x7d, 0xb9, 0x80, 0x7f,
    0xf5, 0x0,

    /* U+0041 "A" */
    0x0, 0xff, 0xe9, 0x2f, 0xff, 0xc4, 0x1, 0xff,
    0xf0, 0x90, 0xf, 0xac, 0x3, 0xff, 0xde, 0x66,
    0x0, 0xf9, 0x84, 0x3, 0xff, 0xdd, 0x0, 0x1f,
    0xd2, 0x1, 0xff, 0xed, 0x24, 0x0, 0xfe, 0x60,
    0xf, 0xff, 0x6d, 0x80, 0x7f, 0x85, 0xc0, 0x3f,
    0xfd, 0x62, 0xc0, 0x1f, 0xf4, 0x80, 0x7f, 0xfa,
    0xe4, 0x3, 0xc6, 0x1, 0xc2, 0xa0, 0x1f, 0xfe,
    0xa7, 0x0, 0xe2, 0xe0, 0xf, 0x40, 0x7, 0xff,
    0xa5, 0xc0, 0x3d, 0x64, 0xa0, 0x1c, 0x48, 0x1,
    0xff, 0xe8, 0x90, 0xe, 0x16, 0x9, 0x0, 0xf7,
    0x80, 0x7f, 0xf9, 0xd4, 0x40, 0x39, 0x80, 0x6,
    0x60, 0xe, 0x43, 0x0, 0xff, 0xf3, 0x40, 0x7,
    0xa4, 0x2, 0x80, 0xf, 0x48, 0x7, 0xff, 0x95,
    0x8, 0x3, 0x98, 0x40, 0x24, 0x20, 0xe, 0x52,
    0x0, 0xff, 0xf2, 0x78, 0x7, 0xac, 0x3, 0xac,
    0x3, 0xd6, 0x1, 0xff, 0xe3, 0x34, 0x0, 0xe4,
    0x20, 0xe, 0x61, 0x0, 0xe6, 0x10, 0xf, 0xff,
    0x14, 0x80, 0x7b, 0xc0, 0x3e, 0x90, 0xf, 0x30,
    0x7, 0xff, 0x84, 0x94, 0x3, 0x8d, 0x0, 0x3e,
    0x60, 0xf, 0x48, 0x7, 0xff, 0x86, 0xc0, 0x3d,
    0x20, 0x1f, 0x85, 0x80, 0x38, 0x58, 0x3, 0xff,
    0xbe, 0x2c, 0x1, 0xc2, 0xa0, 0x1f, 0xd6, 0x1,
    0xeb, 0x0, 0xff, 0xef, 0xb0, 0x7, 0xa4, 0x3,
    0xfc, 0x4a, 0x1, 0xc4, 0xa0, 0x1f, 0xfd, 0xe9,
    0x0, 0xf3, 0x80, 0x7f, 0xd2, 0x1, 0xe9, 0x0,
    0xff, 0xee, 0xb0, 0x80, 0x73, 0x80, 0x7f, 0xf0,
    0xc, 0xc0, 0x1c, 0x66, 0x0, 0xff, 0xee, 0x58,
    0x7, 0xa4, 0x3, 0xff, 0x83, 0x20, 0x1e, 0x80,
    0xf, 0xfe, 0xda, 0x90, 0x7, 0x28, 0x80, 0x7f,
    0xf0, 0x54, 0x80, 0x39, 0x8, 0x3, 0xff, 0xb5,
    0x20, 0x1e, 0x90, 0xf, 0xfe, 0x1d, 0x80, 0x7a,
    0xc0, 0x3f, 0xfb, 0x26, 0x60, 0xe, 0x33, 0x0,
    0x7f, 0xf0, 0xd8, 0x40, 0x39, 0x84, 0x3, 0xff,
    0xb1, 0x0, 0x1e, 0x80, 0xf, 0xfe, 0x2b, 0x0,
    0x7a, 0x40, 0x3f, 0xfa, 0xe4, 0x80, 0x1c, 0x48,
    0x1, 0xff, 0xc5, 0x90, 0xf, 0x30, 0x7, 0xff,
    0x5e, 0xc0, 0x3d, 0x60, 0x1f, 0xfc, 0x61, 0x60,
    0xe, 0x17, 0x0, 0xff, 0xea, 0x8b, 0x0, 0x70,
    0xb0, 0x7, 0xff, 0x1e, 0xc0, 0x3d, 0x20, 0x1f,
    0xfd, 0x59, 0x0, 0xf3, 0x0, 0x7f, 0xf2, 0x9,
    0x0, 0x38, 0x54, 0x3, 0xff, 0xa8, 0xe0, 0x1e,
    0x90, 0xf, 0xfe, 0x4f, 0x80, 0x7a, 0x0, 0x3f,
    0xfa, 0x6e, 0x1, 0xe6, 0x10, 0xf, 0xfe, 0x4a,
    0x18, 0x7, 0x12, 0x0, 0x7f, 0xf4, 0xa4, 0x3,
    0xd6, 0x1, 0xff, 0xcb, 0x90, 0xf, 0x78, 0x7,
    0xff, 0x45, 0x44, 0x3, 0x90, 0x80, 0x3f, 0xf9,
    0x6a, 0x20, 0x1c, 0x86, 0x1, 0xff, 0xd0, 0x80,
    0xf, 0x78, 0x7, 0xff, 0x36, 0x40, 0x3d, 0x20,
    0x1f, 0xfc, 0xf4, 0x20, 0xe, 0x34, 0x0, 0xff,
    0xe6, 0xb8, 0x7, 0x94, 0x80, 0x3f, 0xf9, 0xde,
    0x1, 0xe9, 0x0, 0xff, 0xe7, 0xb8, 0x7, 0xac,
    0x3, 0xff, 0x9a, 0x68, 0x1, 0xc2, 0xa0, 0x1f,
    0xfc, 0xf9, 0x0, 0xf3, 0x8, 0x7, 0xff, 0x32,
    0x40, 0x3d, 0x20, 0x1f, 0xfd, 0x1, 0x50, 0xf,
    0x30, 0x7, 0xff, 0x2c, 0x94, 0x3, 0xcc, 0x1,
    0xff, 0xd1, 0x90, 0xf, 0x48, 0x7, 0xff, 0x2e,
    0xc0, 0x3c, 0xc2, 0x1, 0xff, 0xd1, 0x34, 0x0,
    0xe1, 0x60, 0xf, 0xfe, 0x48, 0xb0, 0x7, 0x93,
    0x33, 0xff, 0xa6, 0xc0, 0x1e, 0xb0, 0xf, 0xfe,
    0x4b, 0x0, 0x7c, 0x46, 0x7f, 0xfd, 0x32, 0x0,
    0xf1, 0x28, 0x7, 0xff, 0x22, 0x40, 0x3f, 0xfc,
    0x72, 0x1, 0xff, 0xc7, 0x61, 0x0, 0xff, 0xf1,
    0x99, 0x80, 0x3f, 0xf8, 0xd6, 0x1, 0xff, 0xe5,
    0x80, 0xf, 0xfe, 0x2a, 0x90, 0x7, 0xff, 0x95,
    0x8, 0x3, 0xff, 0x89, 0x20, 0x1e, 0x9f, 0xff,
    0xfe, 0xcb, 0x0, 0x7a, 0xc0, 0x3f, 0xf8, 0x68,
    0x60, 0x1c, 0x2c, 0x1, 0xff, 0xd9, 0xb0, 0xf,
    0x30, 0x80, 0x7f, 0xf0, 0xbc, 0x3, 0xcc, 0x1,
    0xff, 0xda, 0x24, 0x0, 0xf4, 0x80, 0x7f, 0xf0,
    0x49, 0x0, 0x3d, 0x20, 0x1f, 0xfd, 0xbf, 0x0,
    0xf3, 0x80, 0x7f, 0xf0, 0x60, 0x3, 0xcc, 0x20,
    0x1f, 0xfd, 0xb4, 0x20, 0xf, 0x38, 0x7, 0xfc,
    0x2a, 0x1, 0xeb, 0x0, 0xff, 0xee, 0xd8, 0x7,
    0xa4, 0x3, 0xfe, 0x90, 0xf, 0x21, 0x0, 0x7f,
    0xf7, 0x58, 0x40, 0x38, 0x54, 0x3, 0xfc, 0xe0,
    0x1e, 0xf0, 0xf, 0xfe, 0xfc, 0x80, 0x7a, 0x0,
    0x3f, 0x9c, 0x3, 0xc4, 0x80, 0x1f, 0xfd, 0xf6,
    0x0, 0xf1, 0x20, 0x7, 0xe9, 0x0, 0xf5, 0x80,
    0x7f, 0xf8, 0x5, 0x80, 0x3d, 0xe0, 0x1f, 0x30,
    0x80, 0x70, 0xb0, 0x7, 0xff, 0x86, 0xc0, 0x3c,
    0x86, 0x1, 0xeb, 0x0, 0xf4, 0x80, 0x7f, 0xf8,
    0x89, 0x0, 0x3d, 0x20, 0x1c, 0x84, 0x1, 0xe6,
    0x0, 0xff, 0xf1, 0xf8, 0x7, 0x94, 0x80, 0x34,
    0x0, 0x79, 0x84, 0x3, 0xff, 0xc6, 0x84, 0x1,
    0xeb, 0x0, 0x8c, 0xc0, 0x1e, 0xb0, 0xf, 0xff,
    0x2d, 0x80, 0x79, 0x84, 0x1, 0x20, 0x1e, 0x42,
    0x0, 0xff, 0xf2, 0xb0, 0x80, 0x79, 0x80, 0x94,
    0x3, 0xd0, 0x1, 0xff, 0xe7, 0x60, 0xf, 0x48,
    0x58, 0x7, 0x8c, 0xc0, 0x1f, 0xfe, 0x79, 0x0,
    0xf0, 0xb0,

    /* U+0042 "B" */
    0x1f, 0xff, 0xfe, 0x9f, 0x6e, 0x54, 0x31, 0x0,
    0x7f, 0xf9, 0xc4, 0x8d, 0x5e, 0x77, 0xed, 0x84,
    0x3, 0xff, 0xd6, 0x93, 0xd4, 0x60, 0x1f, 0xfe,
    0xc5, 0xca, 0x10, 0xf, 0xff, 0x62, 0xf3, 0x0,
    0x7f, 0xf1, 0x88, 0xbf, 0xf9, 0x42, 0x1, 0xff,
    0xc4, 0x99, 0x0, 0x7f, 0xf1, 0x77, 0x7f, 0xf9,
    0x5d, 0xfe, 0xeb, 0x96, 0x10, 0xf, 0xf3, 0x48,
    0x7, 0xff, 0x74, 0x51, 0xa7, 0xb1, 0x80, 0x3f,
    0x99, 0xc0, 0x3f, 0xfc, 0x27, 0x3a, 0xa0, 0x1f,
    0xa0, 0xc0, 0x3f, 0xfc, 0x45, 0x56, 0x1, 0xfb,
    0xc0, 0x3f, 0xfc, 0x89, 0x80, 0x1f, 0x1a, 0x0,
    0x7f, 0xf9, 0xe, 0x40, 0x3e, 0xe0, 0xf, 0xff,
    0x2b, 0x18, 0x7, 0x90, 0x3, 0xff, 0xcd, 0x20,
    0x1e, 0x13, 0x0, 0xff, 0xf2, 0xa8, 0x7, 0xcc,
    0x1, 0xff, 0xe6, 0x30, 0xf, 0x10, 0x7, 0xff,
    0x99, 0x80, 0x3d, 0xe0, 0x1f, 0xfe, 0x63, 0x0,
    0xff, 0xfa, 0x78, 0x7, 0xff, 0x98, 0xc0, 0x3c,
    0x20, 0x1f, 0xfe, 0x66, 0x0, 0xf2, 0x80, 0x7f,
    0xf9, 0x8c, 0x3, 0xc6, 0x1, 0xff, 0xe5, 0x60,
    0xf, 0x18, 0x7, 0xff, 0x9a, 0xc0, 0x3d, 0x40,
    0x1f, 0xfe, 0x57, 0x20, 0xf, 0x30, 0x7, 0xff,
    0x91, 0x60, 0x3, 0xd0, 0x1, 0xff, 0xe4, 0x6a,
    0x0, 0xf1, 0xb8, 0x7, 0xff, 0x88, 0xf2, 0x40,
    0x3c, 0x3a, 0x1, 0xff, 0xe0, 0x15, 0xbc, 0x30,
    0xf, 0xe, 0x88, 0x7, 0xff, 0x68, 0x48, 0xda,
    0x6f, 0xa9, 0x0, 0x3e, 0x2c, 0x30, 0xf, 0xfe,
    0x27, 0xff, 0xff, 0x2f, 0xb7, 0x25, 0x90, 0x3,
    0xf9, 0xb4, 0x80, 0x3f, 0xfd, 0x29, 0x92, 0x1,
    0xff, 0xea, 0x2c, 0x10, 0xf, 0xff, 0x59, 0x46,
    0xe2, 0x80, 0x7f, 0xfb, 0xe, 0xb5, 0x0, 0x3f,
    0xf8, 0x84, 0x5f, 0xfc, 0xc1, 0x10, 0x7, 0xff,
    0x8, 0xae, 0x40, 0x3f, 0xf8, 0x7b, 0xbf, 0xfc,
    0xce, 0xe7, 0xfb, 0x6e, 0x58, 0x80, 0x3f, 0x9b,
    0x44, 0x3, 0xff, 0xba, 0x48, 0xd3, 0xba, 0x71,
    0x0, 0xf8, 0xb0, 0x40, 0x3f, 0xfc, 0x25, 0x1d,
    0x2, 0x1, 0xe2, 0xd0, 0xf, 0xff, 0x23, 0xf9,
    0x80, 0x78, 0xe0, 0x3, 0xff, 0xc8, 0x38, 0x60,
    0x1e, 0x72, 0x0, 0xff, 0xf2, 0xe8, 0x80, 0x7a,
    0xc0, 0x3f, 0xfc, 0xa3, 0x60, 0x1e, 0x61, 0x0,
    0xff, 0xf2, 0xa8, 0x80, 0x79, 0x0, 0x3f, 0xfc,
    0xcc, 0x1, 0xec, 0x0, 0xff, 0xf3, 0x60, 0x7,
    0x94, 0x3, 0xff, 0xcc, 0xc0, 0x1e, 0x20, 0xf,
    0xff, 0x31, 0x0, 0x78, 0x40, 0x3f, 0xfd, 0xc2,
    0x1, 0xff, 0xff, 0x0, 0xff, 0xea, 0x10, 0x7,
    0xc2, 0x1, 0xff, 0xe5, 0x60, 0xf, 0xff, 0x6e,
    0x0, 0x78, 0xc0, 0x3f, 0xfc, 0xcc, 0x1, 0xe5,
    0x0, 0xff, 0xf2, 0xa8, 0x80, 0x7b, 0x0, 0x3f,
    0xfc, 0x83, 0x60, 0x1e, 0x15, 0x0, 0xff, 0xf2,
    0x68, 0x80, 0x79, 0x80, 0x3f, 0xfc, 0x63, 0x86,
    0x1, 0xf4, 0x80, 0x7f, 0xf8, 0x9b, 0xcc, 0x3,
    0xe9, 0x10, 0xf, 0xfe, 0xf9, 0x47, 0x48, 0x80,
    0x7c, 0xac, 0x1, 0xff, 0xdb, 0x24, 0x69, 0xdd,
    0x38, 0x80, 0x7e, 0x4a, 0x0, 0xff, 0xe0, 0x77,
    0x7f, 0xf3, 0xbf, 0xdb, 0x72, 0xc4, 0x1, 0xfe,
    0x5b, 0x0, 0xff, 0xe0, 0x88, 0xff, 0xf3, 0x80,
    0x3f, 0xf8, 0x91, 0x40, 0x1f, 0xfe, 0xa4, 0xd7,
    0x0, 0xff, 0xf4, 0xae, 0x59, 0x0, 0x7f, 0xf9,
    0x85, 0x6b, 0xe8, 0xc0, 0x3f, 0xfc, 0x22, 0x68,
    0xd1, 0x5d, 0xca, 0x50, 0xf, 0xfe, 0x8,

    /* U+0043 "C" */
    0x0, 0xff, 0xe9, 0x9, 0xab, 0x31, 0xde, 0x65,
    0x42, 0x0, 0xff, 0xf0, 0xa, 0x46, 0x7f, 0x65,
    0x4c, 0xa2, 0x29, 0xab, 0xdf, 0xda, 0x62, 0x0,
    0xff, 0xec, 0xb, 0x5f, 0x5b, 0x98, 0x7, 0xff,
    0x8, 0x96, 0x77, 0x50, 0x60, 0x1f, 0xfd, 0x33,
    0xae, 0x94, 0x0, 0xff, 0xe5, 0x13, 0xe6, 0xa8,
    0x7, 0xff, 0x3c, 0xf3, 0xa, 0x1, 0xff, 0xd0,
    0x2a, 0xe6, 0x0, 0xff, 0xe5, 0x95, 0x61, 0x80,
    0x7f, 0xf5, 0x6, 0x70, 0xc0, 0x3f, 0xf9, 0xd,
    0xaa, 0x1, 0xff, 0xc5, 0x12, 0x11, 0x0, 0x7f,
    0xf0, 0xcf, 0x20, 0x3, 0xff, 0x8a, 0x37, 0x20,
    0x1f, 0xfc, 0x2, 0x69, 0xbe, 0xff, 0x76, 0xf7,
    0x3f, 0xb2, 0x54, 0x80, 0x3f, 0xe7, 0xb1, 0x0,
    0xff, 0xe1, 0x1f, 0xa0, 0x7, 0xf8, 0xe3, 0x75,
    0x2c, 0x82, 0x1, 0xf0, 0x9b, 0x56, 0xea, 0x8,
    0x3, 0xf9, 0x30, 0x40, 0x3f, 0xf8, 0x9, 0x82,
    0x1, 0xfc, 0x99, 0x87, 0x20, 0xf, 0xfe, 0x29,
    0x3e, 0xda, 0x0, 0x7e, 0x2c, 0x20, 0xf, 0xf2,
    0xd8, 0x7, 0xf2, 0x65, 0x98, 0x7, 0xff, 0x2d,
    0x2e, 0xc4, 0x1, 0xf1, 0x28, 0x7, 0xf2, 0x50,
    0x7, 0xe1, 0x9b, 0x30, 0xf, 0xfe, 0x7a, 0x6b,
    0x0, 0x79, 0xdc, 0x1, 0xf8, 0xec, 0x3, 0xf2,
    0x7b, 0x0, 0x7f, 0xf4, 0xe6, 0x84, 0x2, 0x78,
    0x0, 0xfc, 0x3a, 0x1, 0xf9, 0xac, 0x40, 0x3f,
    0xfa, 0xab, 0x82, 0xf, 0x0, 0x1f, 0xd4, 0x20,
    0x1f, 0x44, 0x80, 0x7f, 0xf6, 0xb, 0x22, 0x0,
    0x1f, 0xcc, 0x80, 0x1f, 0x43, 0x80, 0x7f, 0xf6,
    0x89, 0xc0, 0x3f, 0x86, 0x40, 0x3e, 0x67, 0x0,
    0xff, 0xf3, 0x58, 0x7, 0xc9, 0x20, 0x1f, 0xfe,
    0x63, 0x50, 0xf, 0xd, 0x0, 0x7f, 0xf9, 0xe4,
    0x3, 0xeb, 0x10, 0xf, 0xff, 0x31, 0x28, 0x7,
    0x95, 0x40, 0x1f, 0xfe, 0x7b, 0x0, 0xfa, 0x0,
    0x3f, 0xfd, 0xe, 0x1, 0xe5, 0x20, 0xf, 0xff,
    0x3a, 0x8, 0x7, 0xa0, 0x3, 0xff, 0xd1, 0xc0,
    0x1e, 0x32, 0x0, 0xff, 0xf4, 0x20, 0x7, 0xac,
    0x3, 0xff, 0xd0, 0x42, 0x1, 0xe6, 0x0, 0xff,
    0xf4, 0x38, 0x7, 0x88, 0x40, 0x3f, 0xfd, 0x1a,
    0x1, 0xe7, 0x0, 0xff, 0xf4, 0x90, 0x7, 0xb4,
    0x3, 0xff, 0xd2, 0xc0, 0x1e, 0x30, 0xf, 0xff,
    0x49, 0x0, 0x79, 0x80, 0x3f, 0xfe, 0x6, 0x1,
    0xff, 0xe9, 0x10, 0xf, 0x8, 0x7, 0xff, 0xfc,
    0x3, 0xff, 0xfe, 0x1, 0xff, 0xcd, 0x10, 0xf,
    0x8, 0x7, 0xff, 0xc0, 0xc0, 0x3f, 0xfd, 0x24,
    0x1, 0xe6, 0x0, 0xff, 0xf4, 0xb0, 0x7, 0x8c,
    0x3, 0xff, 0xd2, 0x40, 0x1e, 0xd0, 0xf, 0xff,
    0x4e, 0x80, 0x79, 0xc0, 0x3f, 0xfd, 0x2e, 0x1,
    0xe2, 0x10, 0xf, 0xff, 0x41, 0x8, 0x7, 0x98,
    0x3, 0xff, 0xd2, 0x80, 0x1e, 0xb0, 0xf, 0xff,
    0x4f, 0x0, 0x78, 0xc8, 0x3, 0xff, 0xd0, 0x82,
    0x1, 0xe8, 0x0, 0xff, 0xf4, 0xb8, 0x7, 0x94,
    0x80, 0x3f, 0xfd, 0x16, 0x1, 0xf4, 0x0, 0x7f,
    0xfa, 0x9, 0x40, 0x3c, 0xaa, 0x0, 0xff, 0xf4,
    0x48, 0x7, 0xd6, 0x20, 0x1f, 0xfe, 0x73, 0x50,
    0xf, 0xd, 0x0, 0x7f, 0xfa, 0x2c, 0x3, 0xe4,
    0x90, 0xf, 0xff, 0x38, 0xc8, 0x7, 0xcc, 0xe0,
    0x1f, 0xfe, 0x76, 0x40, 0xf, 0xa1, 0xc0, 0x3f,
    0xfb, 0x47, 0x20, 0x1f, 0xf5, 0x8, 0x7, 0xd1,
    0x20, 0x1f, 0xfd, 0x84, 0xc6, 0xa0, 0xf, 0xf0,
    0xe8, 0x7, 0xe6, 0xc1, 0x0, 0xff, 0xea, 0xb5,
    0x80, 0x16, 0x80, 0x3f, 0xc7, 0x60, 0x1f, 0x8f,
    0x98, 0x3, 0xff, 0xa4, 0x35, 0x20, 0x19, 0x68,
    0x3, 0xfc, 0x94, 0x1, 0xfd, 0x38, 0x60, 0x1f,
    0xfc, 0xf6, 0xf5, 0x0, 0xf2, 0xc0, 0x7, 0xf9,
    0x6c, 0x3, 0xf8, 0xf2, 0xd0, 0x3, 0xff, 0x96,
    0xbb, 0x22, 0x1, 0xf1, 0x48, 0x7, 0xfc, 0x98,
    0x20, 0x1f, 0xc9, 0x7a, 0xe4, 0x1, 0xff, 0xc5,
    0x38, 0xea, 0x20, 0xf, 0xc7, 0x82, 0x1, 0xff,
    0xc0, 0x3f, 0x40, 0xf, 0xf1, 0x46, 0xea, 0x9d,
    0x4, 0x3, 0xe2, 0x47, 0xae, 0xc7, 0x10, 0xf,
    0xe5, 0xc1, 0x0, 0xff, 0xe1, 0xd, 0xc0, 0x7,
    0xff, 0x0, 0x96, 0x2f, 0xbf, 0xdd, 0xbd, 0xfe,
    0xdb, 0x85, 0x10, 0xf, 0xfa, 0x28, 0x3, 0xff,
    0x8c, 0xfa, 0xa0, 0x1f, 0xfc, 0x51, 0x21, 0x0,
    0xff, 0xe2, 0x26, 0xb8, 0x7, 0xff, 0x20, 0xaa,
    0xcc, 0x3, 0xff, 0xa8, 0x55, 0x64, 0x1, 0xff,
    0xcb, 0x4c, 0xc2, 0x80, 0x7f, 0xf4, 0xe, 0xb5,
    0x40, 0x3f, 0xf9, 0xe7, 0x5d, 0x26, 0x1, 0xff,
    0xca, 0x27, 0xdc, 0x50, 0xf, 0xfe, 0x98, 0xb6,
    0x75, 0x39, 0x80, 0x7f, 0xf0, 0x89, 0xa7, 0x75,
    0x4, 0x1, 0xff, 0xd8, 0x15, 0x8c, 0xfe, 0xca,
    0x99, 0x44, 0x53, 0x57, 0xdf, 0xb2, 0xc4, 0x1,
    0xff, 0xc2,

    /* U+0044 "D" */
    0x1f, 0xff, 0xfe, 0x97, 0x65, 0xcb, 0xa0, 0x80,
    0x7f, 0xfb, 0x84, 0xd1, 0xa2, 0xfb, 0x94, 0xc2,
    0x1, 0xff, 0xf1, 0x15, 0x9e, 0xb5, 0x0, 0xff,
    0xf9, 0xa5, 0x74, 0x8, 0x7, 0xff, 0xc8, 0x5f,
    0xa0, 0x3, 0xff, 0xe8, 0xfc, 0xa0, 0x1f, 0xfc,
    0xbc, 0xdd, 0xff, 0xe3, 0xe6, 0x2e, 0xa5, 0x90,
    0x40, 0x3f, 0xf8, 0x3, 0x56, 0x20, 0x1f, 0xfc,
    0x93, 0x22, 0xff, 0xe3, 0x99, 0x91, 0x5a, 0x6f,
    0xb9, 0x2a, 0x1, 0xff, 0x27, 0x98, 0x7, 0xff,
    0x90, 0x5a, 0xbe, 0x8c, 0x3, 0xf8, 0x71, 0x40,
    0x3f, 0xfc, 0xeb, 0x98, 0x40, 0xf, 0xea, 0x80,
    0xf, 0xff, 0x41, 0xdd, 0x84, 0x3, 0xf3, 0xb8,
    0x3, 0xff, 0xd2, 0x9c, 0xe0, 0x1f, 0xa1, 0x80,
    0x3f, 0xfd, 0x51, 0x40, 0x1f, 0xa5, 0x0, 0x3f,
    0xfd, 0x4b, 0x82, 0x1, 0xf5, 0x8, 0x7, 0xff,
    0xa8, 0xf0, 0x40, 0x3c, 0x36, 0x1, 0xff, 0xeb,
    0x2d, 0x0, 0xf9, 0x58, 0x3, 0xff, 0xd6, 0x76,
    0x1, 0xf4, 0x8, 0x7, 0xff, 0xad, 0x18, 0x3,
    0xc3, 0x20, 0x1f, 0xfe, 0xc9, 0x20, 0xf, 0x38,
    0x80, 0x7f, 0xfb, 0x24, 0x3, 0xe9, 0x0, 0xff,
    0xf6, 0x21, 0x80, 0x79, 0x80, 0x3f, 0xfd, 0xb0,
    0x1, 0xe1, 0x50, 0xf, 0xff, 0x62, 0x18, 0x7,
    0xbc, 0x3, 0xff, 0xdb, 0x40, 0x1e, 0x40, 0xf,
    0xff, 0x6b, 0x80, 0x78, 0x4c, 0x3, 0xff, 0xd8,
    0x26, 0x1, 0xe4, 0x0, 0xff, 0xf6, 0xa0, 0x7,
    0xb4, 0x3, 0xff, 0xdb, 0xa0, 0x1e, 0x70, 0xf,
    0xff, 0x6b, 0x80, 0x78, 0x80, 0x3f, 0xfd, 0xa4,
    0x1, 0xf0, 0x80, 0x7f, 0xfb, 0x44, 0x3, 0xc6,
    0x1, 0xff, 0xed, 0x30, 0xf, 0x8, 0x7, 0xff,
    0xb4, 0x40, 0x3c, 0xe0, 0x1f, 0xfe, 0xd7, 0x0,
    0xff, 0xfa, 0x38, 0x7, 0xff, 0xd0, 0x40, 0x3c,
    0xe0, 0x1f, 0xfe, 0xd3, 0x0, 0xf0, 0x80, 0x7f,
    0xfb, 0x44, 0x3, 0xc6, 0x1, 0xff, 0xec, 0x20,
    0xf, 0x84, 0x3, 0xff, 0xd8, 0xe0, 0x1e, 0x20,
    0xf, 0xff, 0x6e, 0x80, 0x79, 0xc0, 0x3f, 0xfd,
    0xa8, 0x1, 0xed, 0x0, 0xff, 0xf6, 0x9, 0x80,
    0x79, 0x0, 0x3f, 0xfd, 0x8e, 0x1, 0xe1, 0x30,
    0xf, 0xff, 0x65, 0x0, 0x79, 0x0, 0x3f, 0xfd,
    0x88, 0x60, 0x1e, 0xf0, 0xf, 0xff, 0x64, 0x0,
    0x78, 0x54, 0x3, 0xff, 0xd6, 0x86, 0x1, 0xe6,
    0x0, 0xff, 0xf6, 0x48, 0x7, 0xd2, 0x1, 0xff,
    0xeb, 0x92, 0x0, 0xf3, 0x88, 0x7, 0xff, 0xa9,
    0x18, 0x3, 0xc3, 0x20, 0x1f, 0xfe, 0xa3, 0xb0,
    0xf, 0xa0, 0x40, 0x3f, 0xfd, 0x25, 0xa0, 0x1f,
    0x2b, 0x0, 0x7f, 0xfa, 0x4f, 0x4, 0x3, 0xc3,
    0x60, 0x1f, 0xfe, 0x95, 0xc1, 0x0, 0xfa, 0x84,
    0x3, 0xff, 0xd1, 0x14, 0x1, 0xfa, 0x50, 0x3,
    0xff, 0xce, 0x9c, 0xe0, 0x1f, 0xa1, 0x80, 0x3f,
    0xfc, 0xc7, 0x76, 0x10, 0xf, 0xce, 0xe0, 0xf,
    0xff, 0x2a, 0xe6, 0x10, 0x3, 0xfa, 0x60, 0x3,
    0xff, 0xc4, 0x2d, 0x5f, 0x46, 0x1, 0xfc, 0x38,
    0xc0, 0x1f, 0xfc, 0x73, 0x22, 0xff, 0xe4, 0x1a,
    0x2b, 0x4d, 0xf7, 0x25, 0x40, 0x3f, 0xe4, 0xf3,
    0x0, 0xff, 0xe4, 0x66, 0xef, 0xff, 0x23, 0x2e,
    0xa5, 0x90, 0x40, 0x3f, 0xf8, 0x3, 0x56, 0x20,
    0x1f, 0xff, 0x7, 0xe5, 0x0, 0xff, 0xf8, 0x3f,
    0x40, 0x7, 0xff, 0xbc, 0xe7, 0xe0, 0x40, 0x3f,
    0xfd, 0x82, 0xb3, 0xd8, 0xc0, 0x1f, 0xfe, 0x81,
    0x24, 0x68, 0xbe, 0xe5, 0x30, 0x80, 0x7f, 0xf2,
    0xc0,

    /* U+0045 "E" */
    0x1f, 0xff, 0xff, 0x10, 0x7, 0xff, 0xfc, 0x3,
    0xff, 0xfe, 0x1, 0xff, 0xff, 0x0, 0xff, 0xe9,
    0x66, 0xef, 0xff, 0x68, 0x3, 0xfc, 0x64, 0x5f,
    0xfd, 0xa0, 0xf, 0xff, 0xf8, 0x7, 0xff, 0xfc,
    0x3, 0xff, 0xfe, 0x1, 0xff, 0xff, 0x0, 0xff,
    0xff, 0x80, 0x7f, 0xff, 0xc0, 0x3f, 0xff, 0xe0,
    0x1f, 0xff, 0xf0, 0xf, 0xff, 0xf8, 0x7, 0xff,
    0xfc, 0x3, 0xff, 0xfe, 0x1, 0xff, 0xff, 0x0,
    0xff, 0xff, 0x80, 0x7f, 0xfd, 0x4, 0x7f, 0xfa,
    0xc0, 0x1f, 0xfc, 0x3e, 0xef, 0xfe, 0xb6, 0x0,
    0x7f, 0xff, 0xc0, 0x3f, 0xff, 0xe0, 0x1f, 0xff,
    0xf0, 0xf, 0xfe, 0xb7, 0xff, 0xff, 0x5b, 0x0,
    0x3f, 0xff, 0xe0, 0x1f, 0xff, 0xf0, 0xf, 0xff,
    0xf8, 0x7, 0xff, 0xfc, 0x3, 0xff, 0xfe, 0x1,
    0xff, 0xff, 0x0, 0xff, 0xff, 0x80, 0x7f, 0xff,
    0xc0, 0x3f, 0xff, 0xe0, 0x1f, 0xff, 0xf0, 0xf,
    0xff, 0xf8, 0x7, 0xff, 0xfc, 0x3, 0xff, 0xfe,
    0x1, 0xff, 0xff, 0x0, 0xff, 0xff, 0x80, 0x7f,
    0xf1, 0xc, 0x8b, 0xff, 0xb6, 0x20, 0x1f, 0xb3,
    0x77, 0xff, 0xb6, 0xc0, 0x1f, 0xff, 0xf0, 0xf,
    0xff, 0xf8, 0x7, 0xff, 0xfc, 0x3, 0xff, 0x90,

    /* U+0046 "F" */
    0x1f, 0xff, 0xff, 0x10, 0x7, 0xff, 0xfc, 0x3,
    0xff, 0xfe, 0x1, 0xff, 0xff, 0x0, 0xff, 0xe6,
    0x66, 0xef, 0xff, 0x68, 0x3, 0xf8, 0xc8, 0xbf,
    0xfb, 0x40, 0x1f, 0xff, 0xf0, 0xf, 0xff, 0xf8,
    0x7, 0xff, 0xfc, 0x3, 0xff, 0xfe, 0x1, 0xff,
    0xff, 0x0, 0xff, 0xff, 0x80, 0x7f, 0xff, 0xc0,
    0x3f, 0xff, 0xe0, 0x1f, 0xff, 0xf0, 0xf, 0xff,
    0xf8, 0x7, 0xff, 0xfc, 0x3, 0xff, 0xfe, 0x1,
    0xff, 0xff, 0x0, 0xff, 0xff, 0x80, 0x7f, 0xff,
    0xc0, 0x3f, 0xfb, 0x1f, 0xff, 0xfd, 0x6c, 0x0,
    0xff, 0xff, 0x80, 0x7f, 0xff, 0xc0, 0x3f, 0xff,
    0xe0, 0x1f, 0xfd, 0xc, 0xdd, 0xff, 0xeb, 0x0,
    0x7f, 0xf0, 0x4c, 0x8b, 0xff, 0xaa, 0x20, 0x1f,
    0xff, 0xf0, 0xf, 0xff, 0xf8, 0x7, 0xff, 0xfc,
    0x3, 0xff, 0xfe, 0x1, 0xff, 0xff, 0x0, 0xff,
    0xff, 0x80, 0x7f, 0xff, 0xc0, 0x3f, 0xff, 0xe0,
    0x1f, 0xff, 0xf0, 0xf, 0xff, 0xf8, 0x7, 0xff,
    0xfc, 0x3, 0xff, 0xfe, 0x1, 0xff, 0xff, 0x0,
    0xff, 0xff, 0x80, 0x7f, 0xff, 0xc0, 0x3f, 0xff,
    0xe0, 0x1f, 0xff, 0xf0, 0xf, 0xfe, 0x70,

    /* U+0047 "G" */
    0x0, 0xff, 0xe9, 0x92, 0x2b, 0x3b, 0xcc, 0xc4,
    0x20, 0xf, 0xff, 0x12, 0x3d, 0xf7, 0xed, 0xd4,
    0xc4, 0x53, 0x2b, 0xdf, 0xeb, 0x84, 0x0, 0xff,
    0xed, 0x2d, 0x7d, 0xc2, 0x8, 0x7, 0xff, 0x4,
    0x51, 0xef, 0xed, 0x84, 0x3, 0xff, 0xa6, 0x53,
    0xf4, 0xa0, 0x1f, 0xfc, 0xb4, 0x9e, 0xa2, 0x0,
    0xff, 0xe7, 0x95, 0xeb, 0x0, 0x7f, 0xf4, 0x57,
    0x6c, 0xc0, 0x3f, 0xf9, 0x63, 0x3a, 0x80, 0x1f,
    0xfd, 0x54, 0xc9, 0x10, 0xf, 0xfe, 0x42, 0xf3,
    0x0, 0x7f, 0xf1, 0x44, 0x84, 0x40, 0x1f, 0xfc,
    0x46, 0xf4, 0x0, 0xff, 0xe2, 0x8d, 0x50, 0x3,
    0xff, 0x80, 0x4b, 0x17, 0xdf, 0xee, 0xde, 0xe7,
    0xfb, 0x69, 0xd0, 0x3, 0xfe, 0x1b, 0x80, 0xf,
    0xfe, 0x19, 0x62, 0x80, 0x7f, 0x8a, 0x37, 0x54,
    0xe8, 0x20, 0x1f, 0x89, 0x62, 0xfe, 0xd8, 0x40,
    0x3f, 0x9e, 0x80, 0x3f, 0xf8, 0x29, 0x84, 0x1,
    0xfc, 0x99, 0xae, 0x40, 0x1f, 0xfc, 0x64, 0x9e,
    0x92, 0x0, 0xfc, 0xb6, 0x1, 0xff, 0x25, 0x88,
    0x7, 0xe4, 0xdb, 0x30, 0xf, 0xfe, 0x63, 0x6c,
    0x88, 0x7, 0xc8, 0x40, 0x1f, 0xc9, 0x60, 0x1f,
    0x86, 0xac, 0x80, 0x3f, 0xfa, 0xd, 0xe8, 0x1,
    0xec, 0x20, 0xf, 0xc7, 0x60, 0x1f, 0x93, 0xd4,
    0x3, 0xff, 0xa6, 0x37, 0x20, 0x1b, 0xc, 0x3,
    0xf0, 0xf0, 0x7, 0xe7, 0xb1, 0x0, 0xff, 0xeb,
    0x35, 0x80, 0x30, 0xc0, 0x3f, 0xa8, 0x80, 0x3e,
    0x98, 0x0, 0xff, 0xec, 0xa6, 0x59, 0x80, 0x7f,
    0x32, 0x0, 0x7d, 0x2c, 0x1, 0xff, 0xdb, 0x34,
    0x0, 0xfe, 0x19, 0x0, 0xf9, 0xd8, 0x3, 0xff,
    0xcf, 0x60, 0x1f, 0x2c, 0x0, 0x7f, 0xf9, 0xcd,
    0x40, 0x3c, 0x36, 0x1, 0xff, 0xe8, 0x90, 0xf,
    0xa8, 0x40, 0x3f, 0xfc, 0xe4, 0xa0, 0x1e, 0x54,
    0x0, 0xff, 0xf4, 0x58, 0x7, 0xd0, 0x1, 0xff,
    0xe9, 0x70, 0xf, 0x31, 0x0, 0x7f, 0xfa, 0x10,
    0x40, 0x3d, 0x60, 0x1f, 0xfe, 0x9e, 0x0, 0xf1,
    0x90, 0x7, 0xff, 0xa5, 0x0, 0x3d, 0x40, 0x1f,
    0xfe, 0x92, 0x10, 0xf, 0x38, 0x7, 0xff, 0xa5,
    0xc0, 0x3c, 0x42, 0x1, 0xff, 0xe9, 0xd0, 0xf,
    0x38, 0x7, 0xff, 0xa8, 0x80, 0x3d, 0xa0, 0x1f,
    0xfe, 0xa6, 0x0, 0xf1, 0x80, 0x7f, 0xfa, 0x88,
    0x3, 0xcc, 0x1, 0xff, 0xf1, 0x30, 0xf, 0xff,
    0x50, 0x80, 0x78, 0x40, 0x3f, 0xff, 0xe0, 0x1f,
    0xfd, 0x46, 0x88, 0xf0, 0x7, 0xff, 0xaf, 0x5d,
    0xfc, 0x20, 0x20, 0x1e, 0x10, 0xf, 0xff, 0x89,
    0x80, 0x7f, 0xfa, 0x88, 0x3, 0xcc, 0x1, 0xff,
    0xea, 0x60, 0xf, 0x18, 0x7, 0xff, 0xa8, 0x80,
    0x3d, 0xa0, 0x1f, 0xfe, 0xad, 0x0, 0xf3, 0x80,
    0x7f, 0xfa, 0x9c, 0x3, 0xc4, 0x20, 0x1f, 0xfe,
    0x92, 0x10, 0xf, 0x30, 0x7, 0xff, 0xa9, 0x0,
    0x3d, 0x60, 0x1f, 0xfe, 0xae, 0x0, 0xf1, 0x90,
    0x7, 0xff, 0xa5, 0x4, 0x3, 0xd0, 0x1, 0xff,
    0xea, 0x70, 0xf, 0x29, 0x0, 0x7f, 0xfa, 0x6c,
    0x3, 0xe8, 0x0, 0xff, 0xf4, 0x92, 0x80, 0x79,
    0x54, 0x1, 0xff, 0xe9, 0x90, 0xf, 0xac, 0x40,
    0x3f, 0xfd, 0x6, 0xa0, 0x1e, 0x1a, 0x0, 0xff,
    0xf4, 0xd8, 0x7, 0xc9, 0x20, 0x1f, 0xfe, 0x81,
    0x90, 0xf, 0x99, 0xc0, 0x3f, 0xfd, 0xc, 0x80,
    0x1f, 0x43, 0x80, 0x7f, 0xfa, 0x28, 0x40, 0x3e,
    0x8a, 0x0, 0xff, 0xf3, 0x8e, 0x80, 0x7e, 0x5c,
    0x10, 0xf, 0xff, 0x31, 0xd8, 0x7, 0xe3, 0xe6,
    0x0, 0xff, 0xea, 0x4a, 0x0, 0x7f, 0xf1, 0x12,
    0x80, 0x3f, 0xa7, 0xc, 0x3, 0xff, 0xa0, 0xba,
    0xc0, 0x1f, 0xfc, 0x65, 0xb0, 0xf, 0xe3, 0xcc,
    0x20, 0x7, 0xff, 0x31, 0x72, 0x88, 0x3, 0xff,
    0x90, 0x98, 0x20, 0x1f, 0xc7, 0x7b, 0x6, 0x1,
    0xff, 0xc6, 0x38, 0xea, 0x30, 0xf, 0xe9, 0x10,
    0xf, 0xfe, 0x1, 0xfa, 0x0, 0x7f, 0x89, 0xf3,
    0xa9, 0xd0, 0x40, 0x3e, 0x12, 0x57, 0xbe, 0xc7,
    0x10, 0xf, 0xe1, 0xb6, 0x0, 0xff, 0xe1, 0xd,
    0xc8, 0x7, 0xff, 0x0, 0x56, 0x2f, 0xbf, 0xdd,
    0xbd, 0xcf, 0xed, 0xa8, 0x41, 0x0, 0xff, 0x97,
    0xd0, 0x3, 0xff, 0x8a, 0xda, 0xa0, 0x1f, 0xfc,
    0x51, 0x21, 0x10, 0x7, 0xff, 0x10, 0x6a, 0x82,
    0x1, 0xff, 0xc7, 0x2a, 0xc4, 0x0, 0xff, 0xea,
    0x8c, 0xf2, 0x80, 0x7f, 0xf2, 0xce, 0xf1, 0x40,
    0x3f, 0xfa, 0x27, 0x5c, 0xc0, 0x1f, 0xfc, 0xf3,
    0xae, 0x94, 0x0, 0xff, 0xe5, 0x9c, 0x6e, 0x28,
    0x7, 0xff, 0x4c, 0x5a, 0xfa, 0xdd, 0x4, 0x3,
    0xff, 0x82, 0x28, 0xf5, 0xd8, 0xe4, 0x1, 0xff,
    0xd8, 0x14, 0x8b, 0xef, 0xca, 0x99, 0x44, 0x53,
    0x2b, 0xde, 0xe5, 0xc2, 0x88, 0x7, 0xff, 0x8,

    /* U+0048 "H" */
    0x1f, 0xff, 0x80, 0x3f, 0xfb, 0xdd, 0xff, 0xe1,
    0x0, 0xff, 0xff, 0x80, 0x7f, 0xff, 0xc0, 0x3f,
    0xff, 0xe0, 0x1f, 0xff, 0xf0, 0xf, 0xff, 0xf8,
    0x7, 0xff, 0xfc, 0x3, 0xff, 0xfe, 0x1, 0xff,
    0xff, 0x0, 0xff, 0xff, 0x80, 0x7f, 0xff, 0xc0,
    0x3f, 0xff, 0xe0, 0x1f, 0xff, 0xf0, 0xf, 0xff,
    0xf8, 0x7, 0xff, 0xfc, 0x3, 0xff, 0xfe, 0x1,
    0xff, 0xff, 0x0, 0xff, 0xff, 0x80, 0x7f, 0xff,
    0xc0, 0x3f, 0xff, 0xe0, 0x1f, 0xff, 0xf0, 0xf,
    0xff, 0xf8, 0x7, 0xff, 0xb5, 0x13, 0xff, 0xbc,
    0x1, 0xff, 0xc4, 0xbb, 0xff, 0xef, 0x8, 0x7,
    0xff, 0xfc, 0x3, 0xff, 0xfe, 0x1, 0xff, 0xff,
    0x0, 0xff, 0xff, 0x80, 0x77, 0xff, 0xff, 0x78,
    0x40, 0x3f, 0xff, 0xe0, 0x1f, 0xff, 0xf0, 0xf,
    0xff, 0xf8, 0x7, 0xff, 0xfc, 0x3, 0xff, 0xfe,
    0x1, 0xff, 0xff, 0x0, 0xff, 0xff, 0x80, 0x7f,
    0xff, 0xc0, 0x3f, 0xff, 0xe0, 0x1f, 0xff, 0xf0,
    0xf, 0xff, 0xf8, 0x7, 0xff, 0xfc, 0x3, 0xff,
    0xfe, 0x1, 0xff, 0xff, 0x0, 0xff, 0xff, 0x80,
    0x7f, 0xff, 0xc0, 0x3f, 0xff, 0xe0, 0x1f, 0xff,
    0xf0, 0xf, 0xff, 0xf8, 0x7, 0xff, 0xfc, 0x3,
    0xff, 0xfe, 0x1, 0xff, 0xff, 0x0, 0xff, 0xff,
    0x80, 0x7f, 0xf2, 0x80,

    /* U+0049 "I" */
    0x1f, 0xff, 0x80, 0x3f, 0xff, 0xe0, 0x1f, 0xff,
    0xf0, 0xf, 0xff, 0xf8, 0x7, 0xff, 0xfc, 0x3,
    0xff, 0xfe, 0x1, 0xff, 0xff, 0x0, 0xff, 0xff,
    0x80, 0x7f, 0xfe, 0x80,

    /* U+004A "J" */
    0x0, 0xfb, 0x7f, 0xff, 0xfa, 0x56, 0x1, 0xff,
    0xff, 0x0, 0xff, 0xff, 0x80, 0x7f, 0xfa, 0x3f,
    0x77, 0xff, 0x97, 0x20, 0x1f, 0xfc, 0x22, 0x2f,
    0xfe, 0x68, 0x7, 0xff, 0xfc, 0x3, 0xff, 0xfe,
    0x1, 0xff, 0xff, 0x0, 0xff, 0xff, 0x80, 0x7f,
    0xff, 0xc0, 0x3f, 0xff, 0xe0, 0x1f, 0xff, 0xf0,
    0xf, 0xff, 0xf8, 0x7, 0xff, 0xfc, 0x3, 0xff,
    0xfe, 0x1, 0xff, 0xff, 0x0, 0xff, 0xff, 0x80,
    0x7f, 0xff, 0xc0, 0x3f, 0xff, 0xe0, 0x1f, 0xff,
    0xf0, 0xf, 0xff, 0xf8, 0x7, 0xff, 0xfc, 0x3,
    0xff, 0xfe, 0x1, 0xff, 0xff, 0x0, 0xff, 0xff,
    0x80, 0x7f, 0xfb, 0xc4, 0x3, 0xff, 0xb4, 0x60,
    0x1e, 0x10, 0xf, 0xfe, 0x98, 0x80, 0x78, 0xc0,
    0x3f, 0xfa, 0x7e, 0x1, 0xe1, 0x0, 0xff, 0xe9,
    0xa0, 0x7, 0xb8, 0x3, 0xff, 0xa6, 0x60, 0x1e,
    0x50, 0xd, 0x2, 0x1, 0xff, 0xcc, 0x30, 0xf,
    0x8c, 0x2, 0x77, 0x68, 0x7, 0xff, 0x32, 0x80,
    0x3c, 0x60, 0x12, 0xc0, 0x1c, 0x80, 0x7f, 0xf2,
    0x85, 0x80, 0x3c, 0x80, 0x3, 0xa0, 0x9, 0xa4,
    0x3, 0xff, 0x93, 0x60, 0x1f, 0x50, 0xe, 0x80,
    0x73, 0x50, 0x7, 0xff, 0x1d, 0x54, 0x1, 0xe3,
    0x20, 0xf, 0xe5, 0xc2, 0x0, 0xff, 0xe2, 0x2d,
    0x0, 0x7d, 0x20, 0x1, 0xd0, 0xf, 0x8f, 0x64,
    0x40, 0x3f, 0xf8, 0x3, 0x14, 0x1, 0xf1, 0xa8,
    0x4, 0x72, 0x1, 0xf9, 0xba, 0x94, 0x40, 0x3e,
    0x38, 0xf7, 0x0, 0xfd, 0xe0, 0x1c, 0xd2, 0x1,
    0xfc, 0xb5, 0xdc, 0xcb, 0xac, 0xdf, 0xc7, 0x10,
    0xf, 0xd2, 0x60, 0x1e, 0x6a, 0x0, 0xff, 0x84,
    0xd1, 0x4c, 0x80, 0x3f, 0xe7, 0x60, 0xf, 0xcb,
    0xa6, 0x1, 0xff, 0xcd, 0x88, 0x0, 0x7f, 0x8b,
    0x24, 0x40, 0x3f, 0xf9, 0x25, 0x8e, 0x1, 0xff,
    0xc1, 0x6e, 0x92, 0x0, 0xff, 0xe2, 0x94, 0xe9,
    0x80, 0x7f, 0xf1, 0x1b, 0x71, 0xc8, 0x3, 0xfe,
    0x27, 0xcd, 0x60, 0xf, 0xfe, 0x41, 0xc6, 0xfe,
    0x54, 0xc4, 0x53, 0x79, 0xfb, 0x6, 0x1, 0xff,
    0x0,

    /* U+004B "K" */
    0x1f, 0xff, 0x80, 0x3f, 0xfb, 0x43, 0xbf, 0xff,
    0x18, 0x7, 0xff, 0x8c, 0x70, 0x80, 0x3d, 0x66,
    0x1, 0xff, 0xe2, 0x1c, 0x20, 0xf, 0x5a, 0x0,
    0x7f, 0xf8, 0x87, 0x8, 0x3, 0xd4, 0x80, 0x1f,
    0xfe, 0x21, 0xc2, 0x0, 0xf5, 0x28, 0x7, 0xff,
    0x8f, 0x48, 0x3, 0xd2, 0xa0, 0x1f, 0xfe, 0x3c,
    0x30, 0xf, 0x4b, 0x0, 0x7f, 0xf8, 0xf0, 0xc0,
    0x3d, 0xc, 0x1, 0xff, 0xe3, 0xb3, 0x0, 0xf3,
    0xb8, 0x3, 0xff, 0xc7, 0x68, 0x1, 0xe7, 0x80,
    0xf, 0xff, 0x1d, 0xa0, 0x7, 0x9a, 0x0, 0x3f,
    0xfc, 0x76, 0x80, 0x1e, 0x59, 0x0, 0xff, 0xf1,
    0xd2, 0x0, 0x79, 0x68, 0x3, 0xff, 0xc7, 0x4a,
    0x1, 0xe4, 0xa0, 0xf, 0xff, 0x1c, 0xa8, 0x7,
    0x92, 0xc0, 0x3f, 0xfc, 0x72, 0xc0, 0x1e, 0x3b,
    0x0, 0xff, 0xf1, 0xcb, 0x0, 0x78, 0xf0, 0x3,
    0xff, 0xc7, 0xc, 0x1, 0xe2, 0xd0, 0xf, 0xff,
    0x1c, 0x38, 0x7, 0x8b, 0x4, 0x3, 0xff, 0xc5,
    0xe, 0x1, 0xe2, 0xc1, 0x0, 0xff, 0xf1, 0x3b,
    0x80, 0x3c, 0x3e, 0x20, 0x1f, 0xfe, 0x27, 0x80,
    0xf, 0xe, 0x10, 0x7, 0xff, 0x89, 0xa0, 0x3,
    0xc3, 0x84, 0x1, 0xff, 0xe2, 0x69, 0x0, 0xfb,
    0x48, 0x3, 0xff, 0xc4, 0xd2, 0x1, 0xf6, 0x18,
    0x7, 0xff, 0x89, 0x64, 0x3, 0xeb, 0x30, 0xf,
    0xff, 0x12, 0xd0, 0x7, 0xd6, 0x80, 0x1f, 0xfe,
    0x25, 0xa0, 0xf, 0xa9, 0x0, 0x3f, 0xfc, 0x49,
    0x40, 0x1f, 0x52, 0x80, 0x7f, 0xf8, 0x92, 0xc0,
    0x3e, 0x95, 0x0, 0xff, 0xf1, 0x25, 0x80, 0x7c,
    0x6c, 0x1, 0xff, 0xe2, 0x3b, 0x0, 0xfc, 0x70,
    0x1, 0xff, 0xe1, 0x3c, 0x0, 0xff, 0x3b, 0x0,
    0x7f, 0xf7, 0xcf, 0x0, 0x3f, 0xf8, 0x12, 0x80,
    0x1f, 0xfd, 0xd3, 0xd0, 0xf, 0xfe, 0x15, 0x90,
    0x7, 0xff, 0x6c, 0xb4, 0x40, 0x3c, 0x80, 0x1f,
    0xbc, 0x40, 0x3f, 0xfb, 0x25, 0x82, 0x1, 0xe4,
    0xbb, 0x0, 0x7c, 0x5a, 0x1, 0xff, 0xd8, 0x2c,
    0x10, 0xf, 0x25, 0x82, 0x48, 0x7, 0xc7, 0x40,
    0x1f, 0xfd, 0x62, 0xc1, 0x0, 0xf2, 0x58, 0x4,
    0xce, 0x1, 0xf2, 0xb8, 0x7, 0xff, 0x50, 0xb0,
    0x40, 0x3c, 0x76, 0x1, 0xd0, 0xa0, 0x1f, 0x42,
    0x80, 0x7f, 0xf4, 0xf0, 0x40, 0x3c, 0x78, 0x1,
    0xf5, 0x18, 0x7, 0xd4, 0x60, 0x1f, 0xfd, 0x21,
    0x0, 0xf1, 0xe0, 0x7, 0xf6, 0x90, 0x7, 0xda,
    0x40, 0x1f, 0xfd, 0x73, 0xd0, 0xf, 0xf0, 0xf8,
    0x80, 0x78, 0x7c, 0x3, 0xff, 0xac, 0x5a, 0x20,
    0x1f, 0xf1, 0x68, 0x7, 0xc5, 0x60, 0x1f, 0xfd,
    0x42, 0xc1, 0x0, 0xff, 0xe0, 0x9d, 0x0, 0x7c,
    0x92, 0x1, 0xff, 0xd2, 0x2c, 0x10, 0xf, 0xfe,
    0x1a, 0xc0, 0x7, 0xcc, 0xe0, 0x1f, 0xfd, 0x2,
    0xc1, 0x0, 0xff, 0xe2, 0xbb, 0x0, 0x7d, 0x8,
    0x1, 0xff, 0xce, 0x2c, 0x10, 0xf, 0xfe, 0x3c,
    0xa0, 0x7, 0xd6, 0x40, 0x1f, 0xfc, 0xc1, 0xf1,
    0x0, 0xff, 0xe4, 0xd9, 0x80, 0x7d, 0x82, 0x1,
    0xff, 0xcb, 0xc2, 0x0, 0xff, 0xe5, 0xe8, 0x80,
    0x78, 0x74, 0x3, 0xff, 0x96, 0x40, 0x1f, 0xfc,
    0xc1, 0xc0, 0xf, 0x8e, 0x80, 0x3f, 0xfc, 0x85,
    0x60, 0x1f, 0x2c, 0x0, 0x7f, 0xf9, 0x12, 0x40,
    0x3e, 0x76, 0x0, 0xff, 0xf2, 0x33, 0x80, 0x7d,
    0x28, 0x1, 0xff, 0xe4, 0x85, 0x0, 0xfa, 0x88,
    0x3, 0xff, 0xc9, 0x48, 0x1, 0xe1, 0xf1, 0x0,
    0xff, 0xf2, 0x51, 0x0, 0x78, 0xb4, 0x3, 0xff,
    0xc8, 0x38, 0x20, 0x1e, 0x39, 0x0, 0xff, 0xf2,
    0xe, 0x80, 0x7c, 0xce, 0x1, 0xff, 0xe4, 0x3b,
    0x0, 0xfa, 0x14, 0x3, 0xff, 0xc8, 0x92, 0x1,
    0xf5, 0x18, 0x7, 0xff, 0x91, 0x9c, 0x3, 0xed,
    0x10, 0xf, 0xff, 0x24, 0x28, 0x7, 0x87, 0x0,
    0x3f, 0xfc, 0xb4, 0x60, 0x1e, 0x2b, 0x0, 0xff,
    0xf2, 0xe9, 0x0, 0x79, 0x24, 0x3, 0xff, 0xc8,
    0x3e, 0x20, 0x1e, 0x66, 0x0, 0x7f, 0xf9, 0xb,
    0x40, 0x3e, 0x94,

    /* U+004C "L" */
    0x1f, 0xff, 0x80, 0x3f, 0xff, 0xe0, 0x1f, 0xff,
    0xf0, 0xf, 0xff, 0xf8, 0x7, 0xff, 0xfc, 0x3,
    0xff, 0xfe, 0x1, 0xff, 0xff, 0x0, 0xff, 0xff,
    0x80, 0x7f, 0xff, 0xc0, 0x3f, 0xff, 0xe0, 0x1f,
    0xff, 0xf0, 0xf, 0xff, 0xf8, 0x7, 0xff, 0xfc,
    0x3, 0xff, 0xfe, 0x1, 0xff, 0xff, 0x0, 0xff,
    0xff, 0x80, 0x7f, 0xff, 0xc0, 0x3f, 0xff, 0xe0,
    0x1f, 0xff, 0xf0, 0xf, 0xff, 0xf8, 0x7, 0xff,
    0xfc, 0x3, 0xff, 0xfe, 0x1, 0xff, 0xff, 0x0,
    0xff, 0xff, 0x80, 0x7f, 0xff, 0xc0, 0x3f, 0xff,
    0xe0, 0x1f, 0xff, 0xf0, 0xf, 0xff, 0xf8, 0x7,
    0xff, 0xfc, 0x3, 0xff, 0xfe, 0x1, 0xff, 0xff,
    0x0, 0xff, 0xff, 0x80, 0x7f, 0xff, 0xc0, 0x3f,
    0xff, 0xe0, 0x1f, 0xff, 0xf0, 0xf, 0xff, 0xf8,
    0x7, 0xff, 0xfc, 0x3, 0xff, 0xe0, 0x64, 0x5f,
    0xfd, 0x81, 0x0, 0xfd, 0x9b, 0xbf, 0xfd, 0x8a,
    0x0, 0xff, 0xff, 0x80, 0x7f, 0xff, 0xc0, 0x3f,
    0xff, 0xe0, 0x1c,

    /* U+004D "M" */
    0x1f, 0xff, 0x8, 0x7, 0xff, 0xb1, 0xbf, 0xfa,
    0xc0, 0x3e, 0xb0, 0xf, 0xff, 0x58, 0xc0, 0x7,
    0xff, 0x5, 0x50, 0x3, 0xff, 0xd5, 0x2, 0x1,
    0xff, 0xc2, 0x90, 0xf, 0xff, 0x49, 0x30, 0x7,
    0xff, 0xc, 0x9c, 0x3, 0xff, 0xd1, 0x20, 0x1f,
    0xfc, 0x58, 0x10, 0xf, 0xff, 0x32, 0xa0, 0x7,
    0xff, 0x1a, 0x0, 0x3f, 0xfc, 0xd0, 0x1, 0xff,
    0xc7, 0x63, 0x0, 0xff, 0xf2, 0x39, 0x0, 0x7f,
    0xf2, 0x3c, 0x3, 0xff, 0xc6, 0x30, 0x1, 0xff,
    0xc9, 0x36, 0x0, 0xff, 0xf1, 0x58, 0x7, 0xff,
    0x2e, 0x0, 0x3f, 0xfc, 0x26, 0xa0, 0x1f, 0xfc,
    0xb1, 0x80, 0xf, 0xff, 0x7, 0x80, 0x7f, 0xf3,
    0x5c, 0x80, 0x3f, 0xfb, 0xcc, 0x60, 0x1f, 0xfc,
    0xe9, 0x0, 0xff, 0xef, 0x40, 0x7, 0x8, 0x7,
    0xff, 0x8, 0xc8, 0x3, 0x91, 0x40, 0x3f, 0xfb,
    0x90, 0x20, 0x1d, 0x0, 0x1f, 0xfc, 0x39, 0x0,
    0xf4, 0x0, 0x7f, 0xf6, 0xc9, 0xc0, 0x39, 0x1c,
    0x3, 0xff, 0x86, 0x8a, 0x1, 0xc4, 0xe0, 0x1f,
    0xfd, 0xa9, 0x0, 0xf4, 0x80, 0x7f, 0xf1, 0x60,
    0x3, 0xd0, 0x20, 0x1f, 0xfd, 0x84, 0x40, 0x7,
    0x31, 0x0, 0x7f, 0xf1, 0x49, 0xc0, 0x3d, 0x60,
    0x1f, 0xfd, 0x89, 0x0, 0xe1, 0x80, 0xf, 0xfe,
    0x3c, 0x10, 0x7, 0x2a, 0x0, 0x7f, 0xf5, 0x9c,
    0x80, 0x3a, 0x4, 0x3, 0xff, 0x91, 0x0, 0x1e,
    0x90, 0xf, 0xfe, 0xa8, 0xc0, 0x7, 0x1b, 0x0,
    0x7f, 0xf2, 0x55, 0x0, 0x38, 0x98, 0x3, 0xff,
    0xa9, 0x60, 0x1e, 0xf0, 0xf, 0xfe, 0x5c, 0x80,
    0x7a, 0x4, 0x3, 0xff, 0xa4, 0x6a, 0x1, 0xca,
    0x60, 0x1f, 0xfc, 0xb2, 0x70, 0xe, 0x18, 0x0,
    0xff, 0xe9, 0x78, 0x7, 0xac, 0x3, 0xff, 0x9b,
    0x2, 0x1, 0xcc, 0x60, 0x1f, 0xfd, 0x6, 0x30,
    0xe, 0x81, 0x0, 0xff, 0xe7, 0x58, 0x7, 0xbc,
    0x3, 0xff, 0xa1, 0x0, 0x1c, 0x4e, 0x1, 0xff,
    0xcf, 0x53, 0x0, 0xe3, 0x50, 0xf, 0xfe, 0x74,
    0x8, 0x7, 0x48, 0x7, 0xff, 0x47, 0xc0, 0x3d,
    0x60, 0x1f, 0xfc, 0xd2, 0x70, 0xe, 0x44, 0x0,
    0x7f, 0xf4, 0x4d, 0x80, 0x38, 0x60, 0x3, 0xff,
    0x99, 0x20, 0x1e, 0x90, 0xf, 0xfe, 0x9c, 0x8,
    0x7, 0x39, 0x0, 0x7f, 0xf2, 0x91, 0x0, 0x1c,
    0xe4, 0x1, 0xff, 0xd3, 0x18, 0x0, 0xf4, 0x80,
    0x7f, 0xf2, 0xa4, 0x3, 0x86, 0x0, 0x3f, 0xfa,
    0xac, 0x60, 0x1c, 0x88, 0x0, 0xff, 0xe4, 0x39,
    0x0, 0x75, 0x80, 0x7f, 0xf5, 0xfc, 0x3, 0xd2,
    0x1, 0xff, 0xc7, 0x18, 0x0, 0xe3, 0x50, 0xf,
    0xfe, 0xb9, 0xa8, 0x7, 0x13, 0x80, 0x7f, 0xf1,
    0xa0, 0x3, 0xde, 0x1, 0xff, 0xd9, 0xb0, 0xf,
    0x40, 0x80, 0x7f, 0xf1, 0xd, 0x80, 0x39, 0x8c,
    0x3, 0xff, 0xb2, 0x30, 0x1, 0xeb, 0x0, 0xff,
    0xe2, 0x78, 0x7, 0xc, 0x0, 0x7f, 0xf6, 0xdc,
    0x80, 0x39, 0x4c, 0x3, 0xff, 0x84, 0xa6, 0x1,
    0xd0, 0x20, 0x1f, 0xfd, 0xc9, 0x0, 0xf7, 0x0,
    0x7f, 0xf0, 0xac, 0x3, 0x89, 0x80, 0x3f, 0xfb,
    0xa8, 0xa0, 0x1c, 0x4c, 0x1, 0xff, 0xc0, 0x81,
    0x0, 0xee, 0x0, 0xff, 0xef, 0xd8, 0x7, 0xa0,
    0x40, 0x3f, 0xc4, 0xe0, 0x1c, 0xa6, 0x1, 0xff,
    0xdf, 0x18, 0x0, 0xe1, 0x80, 0xf, 0xf4, 0x0,
    0x7a, 0xc0, 0x3f, 0xfc, 0x2e, 0x40, 0x1c, 0xc6,
    0x1, 0xf9, 0x14, 0x3, 0xa0, 0x40, 0x3f, 0xfc,
    0x52, 0x1, 0xef, 0x0, 0xfd, 0x20, 0x1c, 0x4e,
    0x1, 0xff, 0xe3, 0x44, 0x0, 0x71, 0xa8, 0x7,
    0x98, 0x80, 0x3a, 0x40, 0x3f, 0xfc, 0xb2, 0x1,
    0xeb, 0x0, 0xe1, 0x80, 0xe, 0x44, 0x0, 0x7f,
    0xf9, 0x49, 0xc0, 0x38, 0x60, 0x3, 0x40, 0x80,
    0x74, 0x80, 0x7f, 0xf9, 0xe0, 0x40, 0x39, 0xc8,
    0x0, 0x4c, 0x1, 0xce, 0x40, 0x1f, 0xfe, 0x8b,
    0x0, 0xf4, 0x80, 0x38, 0x3, 0x86, 0x0, 0x3f,
    0xfd, 0x2a, 0x60, 0x1c, 0x88, 0x53, 0x0, 0xe8,
    0x0, 0xff, 0xf5, 0xf0, 0x7, 0xa6, 0xc0, 0x38,
    0xd8, 0x3, 0xff, 0xd6, 0x4c, 0x1, 0xc4, 0x20,
    0x1d, 0xe0, 0x1f, 0xfe, 0xd8, 0x10, 0xf, 0xf3,
    0x18, 0x7, 0xff, 0xb4, 0x60, 0x3, 0xfd, 0x0,
    0x1f, 0xfe, 0xf6, 0x30, 0xf, 0xd0, 0x20, 0x1f,
    0xff, 0xf, 0x0, 0xf8, 0x9c, 0x3, 0xff, 0xe2,
    0x6c, 0x1, 0xe9, 0x0, 0xff, 0xf9, 0xc0, 0x80,
    0x65, 0x40, 0xf, 0xff, 0x98, 0xc0, 0x6, 0x80,
    0xf, 0xff, 0xab, 0x44, 0x54, 0x40, 0x1f, 0xff,
    0x67, 0x79, 0x40, 0x3f, 0xff, 0xe0, 0x1f, 0xff,
    0xf0, 0xf, 0xff, 0xf8, 0x7, 0xff, 0xfc, 0x3,
    0xff, 0xfe, 0x1, 0xff, 0xff, 0x0, 0xff, 0xff,
    0x80, 0x70,

    /* U+004E "N" */
    0x1f, 0xff, 0x18, 0x7, 0xff, 0x7b, 0xbf, 0xfc,
    0x20, 0x1f, 0x68, 0x80, 0x7f, 0xfb, 0x7, 0x40,
    0x3f, 0xfd, 0xa7, 0x20, 0x1f, 0xfe, 0xd6, 0x60,
    0x7, 0xff, 0xb6, 0x4c, 0x3, 0xff, 0xdb, 0xa2,
    0x1, 0xff, 0xec, 0x1d, 0x0, 0xff, 0xf6, 0x9c,
    0x80, 0x7f, 0xfb, 0x59, 0x40, 0x3f, 0xfd, 0xb4,
    0x60, 0x1f, 0xfe, 0xdd, 0x10, 0xf, 0xff, 0x60,
    0xd0, 0x7, 0xff, 0x96, 0x80, 0x3e, 0x48, 0x0,
    0xff, 0xf2, 0x2c, 0x0, 0x7c, 0xea, 0x1, 0xff,
    0xe4, 0x75, 0x0, 0xfa, 0x88, 0x3, 0xff, 0xc9,
    0x44, 0x1, 0xf7, 0x88, 0x7, 0xff, 0x93, 0xc0,
    0x3e, 0x2a, 0x0, 0xff, 0xf2, 0x15, 0x80, 0x7c,
    0x90, 0x1, 0xff, 0xe4, 0x47, 0x0, 0xf9, 0xd4,
    0x3, 0xff, 0xc9, 0x8, 0x1, 0xf5, 0x10, 0x7,
    0xff, 0x92, 0xc8, 0x3, 0xef, 0x10, 0xf, 0xff,
    0x27, 0x80, 0x7c, 0x54, 0x1, 0xff, 0xe4, 0x2a,
    0x0, 0xf9, 0x20, 0x3, 0xff, 0xc8, 0xae, 0x1,
    0xf3, 0xa8, 0x7, 0xff, 0x92, 0x10, 0x3, 0xea,
    0x20, 0xf, 0xff, 0x25, 0x10, 0x7, 0xde, 0x1,
    0xff, 0xe4, 0x1f, 0x0, 0xf8, 0xac, 0x3, 0xff,
    0xc8, 0x54, 0x1, 0xf2, 0x38, 0x7, 0xff, 0x91,
    0x5c, 0x3, 0xe8, 0x40, 0xf, 0xff, 0x24, 0x20,
    0x7, 0xd6, 0x40, 0x1f, 0xfe, 0x4a, 0x10, 0xf,
    0xbc, 0x3, 0xff, 0xc8, 0x3a, 0x1, 0xf1, 0x50,
    0x7, 0xff, 0x90, 0xe4, 0x3, 0xe5, 0x70, 0xf,
    0xff, 0x23, 0x30, 0x3, 0xe8, 0x40, 0xf, 0xff,
    0x24, 0x98, 0x7, 0xd4, 0x40, 0x1f, 0xfe, 0x4d,
    0x10, 0xf, 0xf, 0x80, 0x7f, 0xf9, 0x7, 0x40,
    0x3e, 0x2a, 0x0, 0xff, 0xf2, 0x1c, 0x80, 0x7c,
    0xae, 0x1, 0xff, 0xe4, 0x66, 0x0, 0x7d, 0x8,
    0x1, 0xff, 0xe4, 0x93, 0x0, 0xfa, 0x88, 0x3,
    0xff, 0xc9, 0xa2, 0x1, 0xe1, 0xe0, 0xf, 0xff,
    0x20, 0xe8, 0x7, 0xc7, 0x40, 0x1f, 0xfe, 0x43,
    0x90, 0xf, 0x95, 0xc0, 0x3f, 0xfc, 0x8c, 0xa0,
    0x1f, 0x42, 0x0, 0x7f, 0xf9, 0x28, 0xc0, 0x3e,
    0xa1, 0x0, 0xff, 0xf2, 0x68, 0x80, 0x78, 0x74,
    0x3, 0xff, 0xc8, 0x34, 0x1, 0xf1, 0xd0, 0x7,
    0xff, 0x91, 0x20, 0x3, 0xe5, 0x60, 0xf, 0xff,
    0x23, 0xa8, 0x7, 0xd2, 0x60, 0x1f, 0xfe, 0x4a,
    0x20, 0xf, 0xb4, 0x40, 0x3f, 0xfc, 0x9e, 0x20,
    0x1e, 0x1d, 0x0, 0xff, 0xf2, 0x15, 0x0, 0x7c,
    0x72, 0x1, 0xff, 0xe4, 0x48, 0x0, 0xf9, 0x98,
    0x1, 0xff, 0xe4, 0x75, 0x0, 0xfa, 0x44, 0x3,
    0xff, 0xc9, 0x44, 0x1, 0xff, 0xed, 0xf0, 0xf,
    0xff, 0x69, 0x58, 0x7, 0xff, 0xb5, 0x1c, 0x3,
    0xff, 0xdb, 0x8, 0x1, 0xff, 0xed, 0xb2, 0x0,
    0xff, 0xf6, 0xf8, 0x7, 0xff, 0xb4, 0xa8, 0x3,
    0xff, 0xda, 0xae, 0x1, 0xff, 0xed, 0x84, 0x0,
    0xff, 0xf6, 0xd1, 0x0, 0x7f, 0xfb, 0x7, 0x80,
    0x3e,

    /* U+004F "O" */
    0x0, 0xff, 0xe9, 0x9, 0xab, 0x31, 0xde, 0x65,
    0x42, 0x0, 0xff, 0xf5, 0x8a, 0x46, 0x7f, 0x65,
    0x4c, 0xa2, 0x29, 0xab, 0xdf, 0xda, 0x63, 0x0,
    0xff, 0xf1, 0x8b, 0x5f, 0x5b, 0x98, 0x7, 0xff,
    0x8, 0x96, 0x73, 0xa4, 0xc0, 0x3f, 0xfb, 0xc7,
    0x5d, 0x28, 0x1, 0xff, 0xca, 0x16, 0xce, 0x70,
    0xf, 0xfe, 0xd1, 0xe6, 0x14, 0x3, 0xff, 0xa0,
    0x31, 0xf0, 0x1, 0xff, 0xd6, 0x2a, 0xc3, 0x0,
    0xff, 0xea, 0xbf, 0x30, 0x7, 0xff, 0x4d, 0xb5,
    0x40, 0x3f, 0xf8, 0xa2, 0x42, 0x1, 0xff, 0xc4,
    0x19, 0xc2, 0x0, 0xff, 0xe7, 0x8d, 0xc8, 0x7,
    0xff, 0x0, 0xda, 0x73, 0xbf, 0xdd, 0xbd, 0xfe,
    0xeb, 0x85, 0x10, 0xf, 0xf8, 0xf5, 0x80, 0x3f,
    0xf9, 0xa7, 0xe8, 0x1, 0xfe, 0x49, 0xec, 0x96,
    0x31, 0x0, 0xf8, 0x51, 0xeb, 0xb1, 0xc4, 0x3,
    0xfd, 0x32, 0x0, 0xff, 0xe5, 0xa6, 0x8, 0x7,
    0xf3, 0x6d, 0xb0, 0x80, 0x7f, 0xf1, 0x4e, 0x3a,
    0x88, 0x3, 0xf9, 0xac, 0x3, 0xff, 0x92, 0xb6,
    0x1, 0xfc, 0xdd, 0x24, 0x1, 0xff, 0xcb, 0x5d,
    0xb2, 0x0, 0xfc, 0x98, 0x1, 0xff, 0xc7, 0x4a,
    0x0, 0xfc, 0x59, 0x22, 0x1, 0xff, 0xcf, 0x4d,
    0x70, 0xf, 0xc7, 0x80, 0x1f, 0xfc, 0x53, 0xb0,
    0xf, 0xcd, 0xa6, 0x1, 0xff, 0xd3, 0x8c, 0x10,
    0xf, 0x8e, 0xc0, 0x3f, 0xf8, 0x63, 0xa0, 0x1f,
    0xa2, 0x40, 0x3f, 0xfa, 0xc7, 0xe6, 0x1, 0xf2,
    0x38, 0x7, 0xff, 0xa, 0x84, 0x3, 0xeb, 0x70,
    0xf, 0xfe, 0xc0, 0xe2, 0x0, 0x7d, 0x8, 0x1,
    0xff, 0xc0, 0x64, 0x0, 0xfa, 0x90, 0x3, 0xff,
    0xb7, 0x66, 0x1, 0xf5, 0x0, 0x7f, 0xc3, 0x20,
    0x1f, 0x4a, 0x80, 0x7f, 0xf7, 0x74, 0x80, 0x3c,
    0x32, 0x1, 0xfe, 0xb0, 0xf, 0x99, 0x80, 0x1f,
    0xfd, 0xe1, 0xf0, 0xf, 0x98, 0xc0, 0x3f, 0x1a,
    0x80, 0x78, 0xa4, 0x3, 0xff, 0xc0, 0x52, 0x1,
    0xf4, 0x0, 0x7e, 0x90, 0xf, 0xb8, 0x3, 0xff,
    0xc4, 0xc8, 0x1, 0xe4, 0x30, 0xf, 0x12, 0x80,
    0x79, 0x8c, 0x3, 0xff, 0xc7, 0x20, 0x1f, 0x40,
    0x7, 0xac, 0x3, 0xe8, 0x0, 0xff, 0xf2, 0x13,
    0x0, 0x79, 0x4, 0x3, 0x9c, 0x3, 0xcc, 0x20,
    0x1f, 0xfe, 0x5b, 0x0, 0xf9, 0x80, 0x32, 0x8,
    0x7, 0xa0, 0x3, 0xff, 0xcc, 0x4a, 0x1, 0xea,
    0x0, 0xdc, 0x1, 0xe3, 0x10, 0xf, 0xff, 0x3f,
    0x0, 0x78, 0x88, 0x1, 0x20, 0x7, 0xa8, 0x3,
    0xff, 0xd0, 0x82, 0x1, 0xe4, 0x0, 0x10, 0x80,
    0x79, 0xc0, 0x3f, 0xfd, 0x2e, 0x1, 0xec, 0x0,
    0x38, 0x7, 0x88, 0x40, 0x3f, 0xfd, 0x38, 0x1,
    0xe4, 0x0, 0x68, 0x7, 0x9c, 0x3, 0xff, 0xd4,
    0xe0, 0x1e, 0x10, 0x1, 0x0, 0x7b, 0x40, 0x3f,
    0xfd, 0x44, 0x1, 0xf1, 0x3, 0x0, 0x78, 0xc0,
    0x3f, 0xfd, 0x66, 0x1, 0xe7, 0x2, 0x0, 0xf3,
    0x0, 0x7f, 0xfa, 0xdc, 0x3, 0xc6, 0x1, 0xf8,
    0xc0, 0x3f, 0xfd, 0x62, 0x1, 0xe1, 0x1, 0x0,
    0xf0, 0x80, 0x7f, 0xfa, 0xcc, 0x3, 0xde, 0x1,
    0xff, 0xff, 0x0, 0xff, 0xfc, 0x78, 0x8, 0x7,
    0x84, 0x3, 0xff, 0xd6, 0x60, 0x1f, 0xfc, 0x33,
    0x0, 0xff, 0xf5, 0x88, 0x7, 0x84, 0x8, 0x3,
    0xcc, 0x1, 0xff, 0xeb, 0x60, 0xf, 0x18, 0x30,
    0x7, 0x8c, 0x3, 0xff, 0xd6, 0x40, 0x1e, 0x70,
    0x20, 0xf, 0x68, 0x7, 0xff, 0xa8, 0x80, 0x3e,
    0x20, 0xd0, 0xf, 0x38, 0x7, 0xff, 0xa9, 0xc0,
    0x3c, 0x20, 0x7, 0x0, 0xf1, 0x8, 0x7, 0xff,
    0xa7, 0x0, 0x3c, 0x80, 0x2, 0x10, 0xf, 0x38,
    0x7, 0xff, 0xa5, 0xc0, 0x3d, 0x80, 0x12, 0x0,
    0x7b, 0x40, 0x3f, 0xfd, 0x8, 0x20, 0x1e, 0x40,
    0xb, 0x80, 0x3c, 0x82, 0x1, 0xff, 0xe7, 0xe0,
    0xf, 0x11, 0x0, 0x24, 0x10, 0xf, 0x40, 0x7,
    0xff, 0x98, 0x94, 0x3, 0xd4, 0x1, 0xce, 0x1,
    0xe6, 0x10, 0xf, 0xff, 0x2d, 0x80, 0x7c, 0xc0,
    0x1d, 0x60, 0x1f, 0x40, 0x7, 0xff, 0x90, 0x98,
    0x3, 0xc8, 0x20, 0x1c, 0x4a, 0x1, 0xe6, 0x30,
    0xf, 0xff, 0x1c, 0x80, 0x7d, 0x0, 0x1f, 0x48,
    0x7, 0xdc, 0x1, 0xff, 0xe2, 0x64, 0x0, 0xf2,
    0x18, 0x7, 0xc6, 0xa0, 0x1e, 0x29, 0x0, 0xff,
    0xf0, 0x14, 0x80, 0x7d, 0x0, 0x1f, 0xd6, 0x1,
    0xf3, 0x30, 0x3, 0xff, 0xbc, 0x3e, 0x1, 0xf3,
    0x18, 0x7, 0xf0, 0xc8, 0x7, 0xd2, 0xa0, 0x1f,
    0xfd, 0xdd, 0x20, 0xf, 0xc, 0x80, 0x7f, 0xcc,
    0x80, 0x1f, 0x52, 0x0, 0x7f, 0xf6, 0xec, 0xc0,
    0x3e, 0xa0, 0xf, 0xfe, 0xd, 0x8, 0x7, 0xd6,
    0xe0, 0x1f, 0xfd, 0x81, 0xc4, 0x0, 0xfa, 0x10,
    0x3, 0xff, 0x82, 0x3a, 0x1, 0xfa, 0x24, 0x3,
    0xff, 0xac, 0x7e, 0x60, 0x1f, 0x23, 0x80, 0x7f,
    0xf0, 0xce, 0xc0, 0x3f, 0x36, 0x98, 0x7, 0xff,
    0x4e, 0x30, 0x40, 0x3e, 0x3b, 0x0, 0xff, 0xe2,
    0xa5, 0x0, 0x7e, 0x2c, 0x91, 0x0, 0xff, 0xe7,
    0xa6, 0xb8, 0x7, 0xe3, 0xc0, 0xf, 0xfe, 0x3a,
    0xd8, 0x7, 0xf3, 0x74, 0x90, 0x7, 0xff, 0x2d,
    0x76, 0xc8, 0x3, 0xf2, 0x60, 0x7, 0xff, 0x25,
    0x30, 0x40, 0x3f, 0x9b, 0x6d, 0x84, 0x3, 0xff,
    0x8a, 0x71, 0xd4, 0x40, 0x1f, 0xcd, 0x60, 0x1f,
    0xfc, 0xb3, 0xf4, 0x0, 0xff, 0x24, 0xf6, 0x4b,
    0x18, 0x80, 0x7c, 0x48, 0xf5, 0xd8, 0xe2, 0x1,
    0xfe, 0x99, 0x0, 0x7f, 0xf3, 0x46, 0xe0, 0x3,
    0xff, 0x80, 0x6d, 0x39, 0xdf, 0xee, 0xde, 0xff,
    0x6d, 0xc2, 0x88, 0x7, 0xfc, 0x7a, 0xc0, 0x1f,
    0xfd, 0x7, 0xd5, 0x0, 0xff, 0xe2, 0x89, 0x8,
    0x7, 0xff, 0x10, 0x67, 0x8, 0x3, 0xff, 0xa4,
    0x55, 0x86, 0x1, 0xff, 0xd5, 0x7e, 0x60, 0xf,
    0xfe, 0xb1, 0xe6, 0x14, 0x3, 0xff, 0xa0, 0x31,
    0xf0, 0x1, 0xff, 0xda, 0x3a, 0xe9, 0x40, 0xf,
    0xfe, 0x50, 0xb5, 0xf3, 0x80, 0x7f, 0xf7, 0x85,
    0xaf, 0xad, 0xcc, 0x3, 0xff, 0x84, 0x2b, 0x39,
    0xd2, 0x80, 0x1f, 0xfe, 0x31, 0x48, 0xcf, 0xec,
    0xa9, 0x94, 0x45, 0x35, 0x7b, 0xfd, 0x4c, 0x60,
    0x1f, 0xfc, 0xd0,

    /* U+0050 "P" */
    0x1f, 0xff, 0xfe, 0x7f, 0x6e, 0x54, 0x31, 0x80,
    0x7f, 0xf8, 0xc4, 0x8d, 0x5e, 0x73, 0xed, 0xc8,
    0x3, 0xff, 0xce, 0x91, 0xb8, 0xa0, 0x1f, 0xfe,
    0x83, 0xad, 0x60, 0xf, 0xff, 0x41, 0x4e, 0x18,
    0x7, 0xff, 0xa0, 0xf1, 0x80, 0x3f, 0xf8, 0x99,
    0xbb, 0xff, 0xc6, 0xcc, 0x54, 0xb2, 0x0, 0x7f,
    0xf0, 0x26, 0x40, 0x1f, 0xfc, 0x33, 0x22, 0xff,
    0xe3, 0x19, 0x95, 0xa6, 0xff, 0x1c, 0x80, 0x3f,
    0x9a, 0x80, 0x3f, 0xfb, 0x87, 0x1b, 0x66, 0x1,
    0xf9, 0x64, 0x3, 0xff, 0xbc, 0x99, 0x42, 0x1,
    0xf3, 0x30, 0x3, 0xff, 0xbe, 0xbe, 0x60, 0x1f,
    0x49, 0x0, 0x7f, 0xf7, 0xc7, 0xc, 0x3, 0xe9,
    0x0, 0xff, 0xf0, 0xe9, 0x0, 0x79, 0x10, 0x1,
    0xff, 0xe0, 0x1f, 0x0, 0xfb, 0xc0, 0x3f, 0xfc,
    0x24, 0xe0, 0x1e, 0x41, 0x0, 0xff, 0xf0, 0xc8,
    0x7, 0xcc, 0x1, 0xff, 0xe1, 0x15, 0x0, 0xf6,
    0x0, 0x7f, 0xf8, 0xb8, 0x3, 0xc8, 0x1, 0xff,
    0xe2, 0x40, 0xf, 0x88, 0x3, 0xff, 0xc4, 0x40,
    0x1e, 0x60, 0xf, 0xff, 0x13, 0x0, 0x78, 0x80,
    0x3f, 0xfc, 0x44, 0x1, 0xe1, 0x0, 0xff, 0xf4,
    0xf8, 0x7, 0xff, 0xfc, 0x3, 0xff, 0xa9, 0xe0,
    0x1f, 0xfe, 0x22, 0x0, 0xf0, 0x80, 0x7f, 0xf8,
    0x98, 0x3, 0xc6, 0x1, 0xff, 0xe2, 0x20, 0xf,
    0x38, 0x7, 0xff, 0x85, 0x0, 0x3e, 0x20, 0xf,
    0xff, 0xf, 0x0, 0x79, 0x0, 0x3f, 0xfc, 0x22,
    0xa0, 0x1e, 0xc0, 0xf, 0xff, 0xc, 0x80, 0x7c,
    0xa0, 0x1f, 0xfe, 0x3, 0x70, 0xf, 0x19, 0x0,
    0x7f, 0xf7, 0xc7, 0x80, 0x3e, 0x80, 0xf, 0xff,
    0x6, 0x90, 0x7, 0x8d, 0x0, 0x3f, 0xfb, 0xc5,
    0xa6, 0x1, 0xf7, 0x0, 0x7f, 0xf7, 0x9b, 0x48,
    0x3, 0xe8, 0x20, 0xf, 0xfe, 0xe2, 0xec, 0x80,
    0x7e, 0x67, 0x0, 0xff, 0xed, 0x24, 0xf5, 0x10,
    0x7, 0xe4, 0x90, 0xf, 0xfe, 0xa, 0x27, 0xff,
    0x21, 0x5a, 0x2b, 0x7e, 0xd8, 0x40, 0x3f, 0x96,
    0xc0, 0x3f, 0xf8, 0x57, 0x7f, 0xfc, 0x8a, 0x97,
    0x52, 0x0, 0xff, 0xe0, 0x4d, 0x0, 0x7f, 0xf9,
    0x8f, 0x18, 0x3, 0xff, 0xca, 0x33, 0x86, 0x1,
    0xff, 0xe4, 0x3a, 0xe6, 0x0, 0xff, 0xf1, 0xa4,
    0x6e, 0x28, 0x7, 0xff, 0x74, 0x44, 0x6a, 0xf3,
    0x9f, 0x6e, 0x40, 0x1f, 0xfc, 0xbf, 0xff, 0xfe,
    0x47, 0x73, 0x2a, 0x18, 0xc0, 0x3f, 0xff, 0xe0,
    0x1f, 0xff, 0xf0, 0xf, 0xff, 0xf8, 0x7, 0xff,
    0xfc, 0x3, 0xff, 0xfe, 0x1, 0xff, 0xff, 0x0,
    0xff, 0xff, 0x80, 0x7f, 0xff, 0xc0, 0x3f, 0xff,
    0xe0, 0x1f, 0xff, 0xf0, 0xf, 0xff, 0xf8, 0x7,
    0xff, 0xfc, 0x3, 0xff, 0xfe, 0x1, 0xff, 0xff,
    0x0, 0xff, 0xf2, 0x80,

    /* U+0051 "Q" */
    0x0, 0xff, 0xe9, 0x9, 0xab, 0x31, 0xde, 0x65,
    0x42, 0x0, 0xff, 0xf7, 0xa, 0x46, 0x7f, 0x65,
    0x4c, 0xa2, 0x29, 0xab, 0xdf, 0xea, 0x63, 0x0,
    0xff, 0xf3, 0xb, 0x5f, 0x5b, 0x98, 0x7, 0xff,
    0x8, 0x56, 0x73, 0xa5, 0x0, 0x3f, 0xfc, 0x27,
    0x5d, 0x28, 0x1, 0xff, 0xca, 0x16, 0xbe, 0x71,
    0x0, 0xff, 0xee, 0x26, 0x61, 0x40, 0x3f, 0xfa,
    0x3, 0x1d, 0x2, 0x1, 0xff, 0xd8, 0x2b, 0xb1,
    0x80, 0x7f, 0xf5, 0x5f, 0xd8, 0x3, 0xff, 0xac,
    0xfa, 0x80, 0x1f, 0xfc, 0x51, 0x21, 0x0, 0xff,
    0xe2, 0xc, 0xe9, 0x0, 0x7f, 0xf4, 0x87, 0x20,
    0x3, 0xff, 0x80, 0x6d, 0x39, 0xdf, 0xee, 0xde,
    0xff, 0x75, 0xc2, 0x88, 0x7, 0xfc, 0x5a, 0xc0,
    0x1f, 0xfd, 0x3, 0xf3, 0x0, 0xff, 0x24, 0xf6,
    0x4b, 0x18, 0x80, 0x7c, 0x28, 0xf5, 0xd8, 0xe2,
    0x1, 0xfe, 0x9a, 0x0, 0xff, 0xe7, 0x2e, 0x8,
    0x7, 0xf3, 0x6d, 0xb0, 0x80, 0x7f, 0xf1, 0x4e,
    0x3a, 0x88, 0x3, 0xf9, 0x70, 0x40, 0x3f, 0xf9,
    0x6b, 0x40, 0x1f, 0xcd, 0xd2, 0x40, 0x1f, 0xfc,
    0xb5, 0xda, 0x20, 0xf, 0xc7, 0x82, 0x1, 0xff,
    0xc9, 0x5a, 0x0, 0xfc, 0x57, 0x22, 0x1, 0xff,
    0xcf, 0x5d, 0x60, 0xf, 0xc5, 0xa0, 0x1f, 0xfc,
    0x84, 0xa0, 0xf, 0xcd, 0xa8, 0x1, 0xff, 0xd3,
    0x9c, 0x10, 0xf, 0x8e, 0xc0, 0x3f, 0xf8, 0xc3,
    0x40, 0x1f, 0xa2, 0x40, 0x3f, 0xfa, 0xc7, 0xe6,
    0x1, 0xf2, 0x40, 0x7, 0xff, 0x17, 0x44, 0x3,
    0xea, 0x70, 0xf, 0xfe, 0xc0, 0xe2, 0x0, 0x7c,
    0xea, 0x1, 0xff, 0xc3, 0x73, 0x0, 0xfa, 0x94,
    0x3, 0xff, 0xb7, 0x66, 0x1, 0xf5, 0x88, 0x7,
    0xff, 0x4, 0xa0, 0x3, 0xe9, 0x50, 0xf, 0xfe,
    0xee, 0x90, 0x7, 0x86, 0xc0, 0x3f, 0xf8, 0x32,
    0x1, 0xf3, 0x30, 0x3, 0xff, 0xbc, 0x3e, 0x1,
    0xf2, 0xa0, 0x7, 0xfc, 0x68, 0x1, 0xe2, 0x90,
    0xf, 0xff, 0x1, 0x48, 0x7, 0xd0, 0x1, 0xff,
    0x40, 0x7, 0xdc, 0x1, 0xff, 0xe2, 0x64, 0x0,
    0xf1, 0xa0, 0x7, 0xf1, 0xa0, 0x7, 0x9c, 0xc0,
    0x3f, 0xfc, 0x74, 0x1, 0xf4, 0x0, 0x7f, 0x50,
    0x7, 0xd2, 0x1, 0xff, 0xe4, 0x16, 0x0, 0xf1,
    0x90, 0x7, 0xe6, 0x0, 0xf3, 0x88, 0x7, 0xff,
    0x96, 0x0, 0x3e, 0xa0, 0xf, 0x94, 0x3, 0xe9,
    0x0, 0xff, 0xf3, 0xb, 0x0, 0x79, 0x80, 0x3e,
    0xf0, 0xf, 0x20, 0x80, 0x7f, 0xf9, 0xf4, 0x3,
    0xc2, 0x60, 0x1e, 0x40, 0xf, 0x68, 0x7, 0xff,
    0xa1, 0x4, 0x3, 0xc8, 0x1, 0xc4, 0x20, 0x1e,
    0x70, 0xf, 0xff, 0x4b, 0x80, 0x7b, 0x0, 0x39,
    0x0, 0x3c, 0x62, 0x1, 0xff, 0xe9, 0xc0, 0xf,
    0x28, 0x7, 0x70, 0x7, 0x94, 0x3, 0xff, 0xd4,
    0xe0, 0x1e, 0x11, 0x0, 0x62, 0x0, 0xf7, 0x80,
    0x7f, 0xfa, 0x88, 0x3, 0xe2, 0x0, 0xce, 0x1,
    0xe5, 0x0, 0xff, 0xf5, 0x98, 0x7, 0x98, 0x3,
    0x18, 0x7, 0x84, 0x3, 0xff, 0xd6, 0xe0, 0x1e,
    0x30, 0xf, 0xf8, 0xc0, 0x3f, 0xfd, 0x62, 0x1,
    0xe1, 0x0, 0xc2, 0x1, 0xe1, 0x0, 0xff, 0xf5,
    0x98, 0x7, 0xbc, 0x3, 0xff, 0xfe, 0x1, 0xff,
    0x8, 0x7, 0xff, 0xcb, 0xc0, 0x30, 0x80, 0x78,
    0xc0, 0x3f, 0xfd, 0x66, 0x1, 0xe1, 0x0, 0xc6,
    0x1, 0xe1, 0x0, 0xff, 0xf5, 0x88, 0x7, 0xfc,
    0x20, 0x1e, 0x70, 0xf, 0xff, 0x5b, 0x0, 0x78,
    0x80, 0x33, 0x0, 0x78, 0xc0, 0x3f, 0xfd, 0x64,
    0x1, 0xe6, 0x0, 0xda, 0x1, 0xed, 0x0, 0xff,
    0xf5, 0x18, 0x7, 0xc4, 0x1, 0x8c, 0x3, 0xc8,
    0x1, 0xff, 0xea, 0x50, 0xf, 0x10, 0x7, 0x28,
    0x7, 0x84, 0x80, 0x3f, 0xfd, 0x3a, 0x1, 0xe4,
    0x0, 0xe1, 0x20, 0xf, 0x50, 0x7, 0xff, 0xa0,
    0x50, 0x3, 0xd8, 0x1, 0xe5, 0x0, 0xf2, 0x80,
    0x7f, 0xfa, 0x1c, 0x3, 0xe4, 0x0, 0xf5, 0x80,
    0x78, 0x8c, 0x3, 0xff, 0xcf, 0x40, 0x1e, 0x31,
    0x0, 0xf1, 0x90, 0x7, 0xa0, 0x3, 0xff, 0xcc,
    0x86, 0x1, 0xea, 0x0, 0xfd, 0x40, 0x1e, 0x44,
    0x0, 0x7f, 0xf9, 0x60, 0x3, 0xc2, 0xc0, 0x1f,
    0x98, 0x3, 0xe8, 0x0, 0xff, 0xf2, 0x21, 0x80,
    0x79, 0x80, 0x3f, 0x85, 0xc0, 0x3c, 0x6e, 0x1,
    0xff, 0xe2, 0x1a, 0x0, 0xfa, 0x80, 0x3f, 0xd2,
    0x1, 0xf4, 0x10, 0x7, 0xff, 0x86, 0xc4, 0x3,
    0xcc, 0x40, 0x1f, 0xe1, 0x80, 0xf, 0xbc, 0x40,
    0x3f, 0xfb, 0xec, 0xa0, 0x1e, 0x18, 0x0, 0xff,
    0xe0, 0x39, 0x0, 0x78, 0xb4, 0x3, 0xff, 0xbc,
    0x92, 0x1, 0xf4, 0x8, 0x7, 0xff, 0x7, 0x80,
    0x3e, 0x3a, 0x0, 0xff, 0xee, 0x1d, 0x80, 0x7c,
    0x8c, 0x1, 0xff, 0xc2, 0x38, 0x0, 0xf9, 0x6c,
    0x3, 0xff, 0xb4, 0x98, 0x1, 0xf0, 0xd0, 0x7,
    0xff, 0x11, 0xd0, 0x3, 0xe4, 0xd1, 0x0, 0xff,
    0xeb, 0xb5, 0x80, 0x7e, 0xa1, 0x0, 0xff, 0xe2,
    0xd9, 0x0, 0x7c, 0x5e, 0xa0, 0x1f, 0xfd, 0x41,
    0xa9, 0x0, 0xfd, 0x28, 0x1, 0xff, 0xc7, 0xc2,
    0x0, 0xf8, 0x6a, 0x82, 0x1, 0xff, 0xd1, 0x5f,
    0x50, 0xf, 0xd0, 0xc0, 0x1f, 0xfc, 0x81, 0xf2,
    0x0, 0xfc, 0xbd, 0x2, 0x1, 0xff, 0xcd, 0x4b,
    0xa1, 0x0, 0xfd, 0xe, 0x1, 0xff, 0xca, 0x2c,
    0x30, 0xf, 0xe7, 0xe8, 0x20, 0xf, 0xfe, 0x4a,
    0xe5, 0xa0, 0x7, 0xf4, 0xb8, 0x7, 0xff, 0x30,
    0x71, 0x40, 0x3f, 0xcf, 0xba, 0x83, 0x0, 0xff,
    0xe1, 0xa, 0xd7, 0xd1, 0x80, 0x7f, 0xe, 0x30,
    0x7, 0xff, 0x3e, 0xa4, 0x3, 0xfe, 0x27, 0xcf,
    0xda, 0x76, 0x54, 0x42, 0xb3, 0xc5, 0xf7, 0x29,
    0x40, 0x3f, 0xe4, 0xf3, 0x0, 0xff, 0xe8, 0xb6,
    0x98, 0x7, 0xff, 0x4, 0x96, 0x26, 0xae, 0xd5,
    0x30, 0xe8, 0x20, 0x1f, 0xfc, 0x19, 0xb1, 0x0,
    0xff, 0xe9, 0x96, 0x50, 0x80, 0x7f, 0xf5, 0xd7,
    0x98, 0x3, 0xff, 0xae, 0xbd, 0x22, 0x1, 0xff,
    0xd3, 0x5d, 0xa1, 0x0, 0xff, 0xed, 0x37, 0x52,
    0x0, 0x7f, 0xf3, 0x8a, 0x3a, 0x88, 0x3, 0xff,
    0xbc, 0xb7, 0xd0, 0x80, 0x1f, 0xfc, 0x83, 0x7c,
    0xd7, 0x10, 0xf, 0xff, 0x10, 0xbd, 0xfe, 0x4b,
    0xa1, 0x8, 0x80, 0x3f, 0xd3, 0xf9, 0x6, 0x1,
    0xff, 0xe9, 0x36, 0x8b, 0xde, 0xe7, 0xc8, 0x7,
    0xeb, 0x10, 0xf, 0xff, 0xa3, 0x40, 0x7, 0xc5,
    0x82, 0x1, 0xff, 0xcb, 0x47, 0x0, 0xff, 0xed,
    0xbc, 0x0, 0x7c, 0x5e, 0x40, 0x1f, 0xfc, 0x93,
    0xb8, 0x50, 0xf, 0xfe, 0xdb, 0xc8, 0x7, 0xc3,
    0xaa, 0x1, 0xff, 0xc7, 0x5c, 0x0, 0x51, 0x80,
    0x7f, 0xf6, 0xda, 0x80, 0x3f, 0x55, 0x4, 0x3,
    0xff, 0x89, 0x34, 0x1, 0xb4, 0x40, 0x3f, 0xfb,
    0x6b, 0x60, 0x1f, 0x97, 0x9c, 0x40, 0x3f, 0xf8,
    0xd, 0xcc, 0x1, 0xc2, 0x80, 0x1f, 0xfd, 0xc4,
    0xd2, 0x0, 0xfd, 0x1d, 0x4a, 0x20, 0x1c, 0x29,
    0x3d, 0x22, 0x1, 0xe7, 0x50, 0xf, 0xfe, 0xe9,
    0x6a, 0x80, 0x7f, 0x2d, 0x77, 0x37, 0x37, 0xb9,
    0x6c, 0x20, 0x1f, 0x3c, 0x0, 0x7f, 0xf8, 0x2a,
    0x44, 0x3, 0xfc, 0x24, 0x64, 0x20, 0x1f, 0xe9,
    0x80, 0xf, 0xff, 0x13, 0x7a, 0x80, 0x7f, 0xf2,
    0x8b, 0x18, 0x3, 0xff, 0xc8, 0x35, 0x88, 0x1,
    0xff, 0xc6, 0x18, 0xd3, 0x0, 0xff, 0xf3, 0x9d,
    0xeb, 0x8, 0x7, 0xff, 0x4, 0xa7, 0x9c, 0x3,
    0xff, 0xd6, 0x53, 0xd9, 0xa, 0x62, 0x1, 0x9,
    0xb4, 0xee, 0x98, 0x3, 0xf0,

    /* U+0052 "R" */
    0x1f, 0xff, 0xfe, 0x7f, 0x6e, 0x54, 0x31, 0x80,
    0x7f, 0xf9, 0x4, 0x8d, 0x5e, 0x73, 0xed, 0xc4,
    0x3, 0xff, 0xd0, 0x91, 0xd8, 0xa0, 0x1f, 0xfe,
    0x93, 0xad, 0x50, 0xf, 0xff, 0x49, 0x56, 0x10,
    0x7, 0xff, 0xa4, 0xf5, 0x80, 0x3f, 0xf8, 0xb9,
    0xbb, 0xff, 0xc6, 0xcc, 0x54, 0xb2, 0x0, 0x7f,
    0xf0, 0x26, 0x40, 0x1f, 0xfc, 0x43, 0x22, 0xff,
    0xe3, 0x19, 0x95, 0xa6, 0xff, 0x1c, 0x80, 0x3f,
    0x9a, 0x80, 0x3f, 0xfb, 0xa7, 0x1b, 0x66, 0x1,
    0xf9, 0x64, 0x3, 0xff, 0xbe, 0x99, 0x42, 0x1,
    0xf3, 0x30, 0x3, 0xff, 0xc0, 0xbe, 0x60, 0x1f,
    0x49, 0x0, 0x7f, 0xf8, 0x7, 0xc, 0x3, 0xe9,
    0x0, 0xff, 0xf1, 0x69, 0x0, 0x79, 0xc, 0x3,
    0xff, 0xc2, 0x3c, 0x1, 0xf4, 0x0, 0x7f, 0xf8,
    0x8d, 0x80, 0x3c, 0x82, 0x1, 0xff, 0xe2, 0x80,
    0xf, 0x98, 0x3, 0xff, 0xc4, 0x2a, 0x1, 0xec,
    0x0, 0xff, 0xf1, 0xf8, 0x7, 0x90, 0x3, 0xff,
    0xc6, 0x80, 0x1f, 0x10, 0x7, 0xff, 0x88, 0x48,
    0x3, 0xcc, 0x1, 0xff, 0xe3, 0x60, 0xf, 0x10,
    0x7, 0xff, 0x8c, 0x80, 0x3c, 0x20, 0x1f, 0xfe,
    0xaf, 0x0, 0xff, 0xff, 0x80, 0x7f, 0xf5, 0xbc,
    0x3, 0xff, 0xc6, 0x40, 0x1e, 0x10, 0xf, 0xff,
    0x1b, 0x0, 0x78, 0xc0, 0x3f, 0xfc, 0x64, 0x1,
    0xe7, 0x0, 0xff, 0xf1, 0x20, 0x7, 0x84, 0x80,
    0x3f, 0xfc, 0x5a, 0x1, 0xe5, 0x0, 0xff, 0xf1,
    0xb, 0x0, 0x7b, 0x0, 0x3f, 0xfc, 0x52, 0x1,
    0xf3, 0x0, 0x7f, 0xf8, 0x49, 0xc0, 0x3c, 0x82,
    0x1, 0xff, 0xe1, 0xe0, 0xf, 0xbc, 0x3, 0xff,
    0xc3, 0x66, 0x1, 0xe4, 0x40, 0x7, 0xff, 0x7c,
    0x6d, 0x0, 0x3e, 0xa0, 0xf, 0xfe, 0xfa, 0x7a,
    0x0, 0x7d, 0x22, 0x1, 0xff, 0xdd, 0x3a, 0xb1,
    0x0, 0xf9, 0x98, 0x1, 0xff, 0xdb, 0x16, 0xcc,
    0x28, 0x7, 0xe5, 0x90, 0xf, 0xfe, 0x10, 0x8f,
    0xff, 0x20, 0x8d, 0x5e, 0xb7, 0xa4, 0xc0, 0x3f,
    0x9a, 0x80, 0x3f, 0xf8, 0x7d, 0xdf, 0xfc, 0x8d,
    0xca, 0x85, 0x20, 0xf, 0xfa, 0x64, 0x1, 0xff,
    0xe7, 0x3c, 0x60, 0xf, 0xff, 0x30, 0xd6, 0x18,
    0x7, 0xff, 0x95, 0x2b, 0x94, 0x3, 0xff, 0xcd,
    0x16, 0xa0, 0x1f, 0xfd, 0xf1, 0x32, 0x0, 0xf4,
    0x10, 0x7, 0xff, 0x2f, 0xff, 0xff, 0x93, 0xd9,
    0x81, 0x0, 0xf7, 0x0, 0x7f, 0xf8, 0x86, 0x80,
    0x3c, 0x70, 0x1, 0xff, 0xe2, 0x47, 0x0, 0xf3,
    0xa0, 0x7, 0xff, 0x8a, 0xc, 0x3, 0xd4, 0x20,
    0x1f, 0xfe, 0x2e, 0x0, 0xf0, 0xd0, 0x7, 0xff,
    0x88, 0xa8, 0x3, 0xc8, 0xc0, 0x1f, 0xfe, 0x25,
    0x50, 0x7, 0xa4, 0x80, 0x3f, 0xfc, 0x54, 0x40,
    0x1e, 0xf0, 0xf, 0xff, 0x1f, 0x0, 0x78, 0xa4,
    0x3, 0xff, 0xc4, 0x70, 0x1, 0xe6, 0x40, 0xf,
    0xff, 0x13, 0xa0, 0x7, 0xa8, 0x40, 0x3f, 0xfc,
    0x54, 0x20, 0x1c, 0x34, 0x1, 0xff, 0xe2, 0x1a,
    0x0, 0xf2, 0x38, 0x7, 0xff, 0x89, 0x18, 0x3,
    0xd0, 0x60, 0x1f, 0xfe, 0x29, 0x20, 0xf, 0x70,
    0x7, 0xff, 0x8f, 0xc0, 0x3c, 0x54, 0x1, 0xff,
    0xe2, 0x29, 0x0, 0xf2, 0xa8, 0x3, 0xff, 0xc4,
    0xc8, 0x1, 0xea, 0x20, 0xf, 0xff, 0x15, 0x8,
    0x7, 0xb8, 0x3, 0xff, 0xc4, 0x34, 0x1, 0xe3,
    0x80, 0xf, 0xff, 0x12, 0x38, 0x7, 0x9d, 0x0,

    /* U+0053 "S" */
    0x0, 0xff, 0xe4, 0x92, 0x2b, 0x3b, 0xe6, 0x53,
    0x10, 0xf, 0xfe, 0xb1, 0xbd, 0xf7, 0xed, 0xd4,
    0xc4, 0x69, 0xac, 0xee, 0x64, 0x28, 0x80, 0x7f,
    0xf3, 0x8e, 0x7b, 0x21, 0x4, 0x3, 0xff, 0x82,
    0x26, 0xf5, 0xd8, 0xe4, 0x1, 0xff, 0xc9, 0x3c,
    0xc3, 0x8, 0x7, 0xff, 0x28, 0xe3, 0x71, 0x40,
    0x3f, 0xf8, 0xa3, 0x58, 0x60, 0x1f, 0xfd, 0x3,
    0xae, 0x60, 0xf, 0xfe, 0x12, 0x7a, 0x80, 0x7f,
    0xf5, 0x6, 0x79, 0x0, 0x3f, 0xe6, 0xb1, 0x0,
    0xff, 0xe0, 0x1a, 0x2b, 0x34, 0xa8, 0x62, 0x1,
    0xff, 0xc1, 0x1b, 0x80, 0xf, 0xe7, 0x90, 0xf,
    0xe1, 0x6a, 0xef, 0xcb, 0xa9, 0x9a, 0xaf, 0x3b,
    0x96, 0xe8, 0x1, 0xff, 0x60, 0x7, 0xe4, 0x80,
    0xf, 0xc7, 0x7d, 0x2a, 0x20, 0x1f, 0xf0, 0xa4,
    0x5f, 0xd2, 0x80, 0x7c, 0x48, 0x1, 0xf0, 0xd0,
    0x7, 0xc3, 0x58, 0x80, 0x1f, 0xfc, 0x85, 0xae,
    0x81, 0x0, 0xd4, 0x1, 0xfa, 0xc4, 0x3, 0xc5,
    0x8a, 0x1, 0xff, 0xcc, 0x17, 0xe9, 0x10, 0x3,
    0x0, 0x7c, 0x4a, 0x1, 0xe2, 0xc2, 0x0, 0xff,
    0xe8, 0x37, 0xb3, 0x4, 0x3, 0xeb, 0x0, 0xfb,
    0xc4, 0x3, 0xff, 0xa4, 0x33, 0x20, 0xf, 0xce,
    0x1, 0xe7, 0x20, 0xf, 0xfe, 0xea, 0x8, 0x7,
    0xa0, 0x3, 0xff, 0xbc, 0x60, 0x1e, 0x50, 0xf,
    0xfe, 0xfe, 0x0, 0x7b, 0x0, 0x3f, 0xfb, 0xee,
    0x1, 0xe5, 0x0, 0xff, 0xef, 0x88, 0x7, 0x84,
    0x3, 0xff, 0xcc, 0x20, 0x1f, 0xfd, 0xf1, 0x0,
    0xf3, 0x80, 0x7f, 0xf7, 0xd8, 0x3, 0xd8, 0x1,
    0xff, 0xdf, 0x20, 0xf, 0x28, 0x7, 0xff, 0x7f,
    0x40, 0x3c, 0x4a, 0x1, 0xff, 0xde, 0x50, 0xf,
    0xac, 0x80, 0x3f, 0xfb, 0xca, 0x1, 0xe1, 0xc2,
    0x0, 0xff, 0xee, 0xc0, 0x7, 0xc3, 0x8a, 0x1,
    0xff, 0xdc, 0x27, 0x0, 0xf8, 0x6a, 0xc8, 0x3,
    0xff, 0xb7, 0x6, 0x1, 0xf9, 0x36, 0x90, 0x3,
    0xff, 0xb5, 0xa4, 0x1, 0xfc, 0xb7, 0xd2, 0x60,
    0x1f, 0xfd, 0x71, 0xc3, 0x0, 0xff, 0xb, 0x67,
    0x53, 0x10, 0x7, 0xff, 0x50, 0x71, 0x80, 0x3f,
    0xf8, 0x2, 0xb3, 0xba, 0x95, 0x10, 0xf, 0xfe,
    0x94, 0xe1, 0x0, 0x7f, 0xf0, 0x89, 0xab, 0xb6,
    0x54, 0x40, 0x3f, 0xf9, 0xe7, 0xb6, 0x60, 0x1f,
    0xfc, 0x42, 0x6a, 0xed, 0x83, 0x0, 0xff, 0xe7,
    0x26, 0x61, 0x40, 0x3f, 0xf8, 0xc4, 0xf9, 0xb0,
    0x40, 0x1f, 0xfc, 0xd3, 0xaf, 0xa5, 0x0, 0xff,
    0xe3, 0x13, 0xed, 0xa0, 0x7, 0xff, 0x39, 0x6b,
    0xf2, 0x10, 0x3, 0xff, 0x8a, 0x97, 0x88, 0x1,
    0xff, 0xcf, 0x37, 0xbf, 0xc8, 0x40, 0xf, 0xfe,
    0x19, 0xdd, 0x84, 0x3, 0xff, 0xa2, 0x6f, 0x7f,
    0x8e, 0x60, 0x1f, 0xfc, 0x14, 0xf4, 0x0, 0xff,
    0xea, 0x1c, 0x67, 0xd2, 0x80, 0x7f, 0xc3, 0x6a,
    0x1, 0xff, 0xd7, 0x5a, 0xfa, 0x50, 0xf, 0xf5,
    0x20, 0x7, 0xff, 0x65, 0x6b, 0x98, 0x3, 0xfa,
    0x84, 0x3, 0xff, 0xb4, 0x33, 0xa6, 0x1, 0xf0,
    0xd8, 0x7, 0xff, 0x70, 0xb1, 0x80, 0x3e, 0x53,
    0x0, 0xff, 0xee, 0xcb, 0x0, 0x7d, 0x40, 0x1f,
    0xfd, 0xe9, 0x20, 0xf, 0x38, 0x7, 0xff, 0x7e,
    0x0, 0x3c, 0x24, 0x1, 0xff, 0xde, 0x51, 0x0,
    0xf3, 0x80, 0x7f, 0xf7, 0xd4, 0x3, 0xc6, 0x1,
    0xff, 0xdf, 0x20, 0xf, 0x8, 0x7, 0xff, 0x7c,
    0x40, 0x3d, 0xe0, 0x1f, 0xfe, 0x6f, 0x0, 0xff,
    0xef, 0x90, 0x7, 0x88, 0x3, 0xff, 0xbe, 0x80,
    0x1e, 0x70, 0x9, 0x40, 0x3f, 0xfb, 0x48, 0x20,
    0x1e, 0x20, 0x2, 0x54, 0x80, 0x7f, 0xf6, 0x60,
    0x3, 0xca, 0x1, 0x40, 0x36, 0x10, 0x7, 0xff,
    0x59, 0x8c, 0x3, 0xdc, 0x0, 0x53, 0x0, 0x1e,
    0xb8, 0x7, 0xff, 0x51, 0x24, 0x3, 0xc4, 0x80,
    0x8, 0x0, 0xe8, 0xd5, 0x0, 0xff, 0xe8, 0xa5,
    0x80, 0x7d, 0x20, 0x4, 0x20, 0xf, 0x15, 0x6b,
    0x0, 0x7f, 0xf3, 0xa2, 0xc0, 0x3e, 0x54, 0x0,
    0x22, 0x80, 0x7e, 0x29, 0xfa, 0x40, 0xf, 0xfe,
    0x4b, 0x73, 0x80, 0x7c, 0x54, 0x1, 0xa9, 0xc0,
    0x3f, 0xcb, 0x7f, 0x6e, 0x62, 0x1, 0xff, 0xc0,
    0x36, 0xaf, 0x91, 0x0, 0xf8, 0x7c, 0x3, 0xd1,
    0x84, 0x1, 0xff, 0x24, 0x67, 0x73, 0x2e, 0xa6,
    0x75, 0x66, 0xfe, 0x4a, 0x80, 0x7f, 0xe, 0x10,
    0x7, 0xc7, 0xae, 0x1, 0xff, 0xc2, 0x13, 0x45,
    0x66, 0xca, 0x64, 0x1, 0xff, 0xc0, 0x4f, 0x20,
    0xf, 0xf4, 0x73, 0x0, 0x7f, 0xf5, 0x46, 0x6c,
    0x40, 0x3f, 0xf8, 0x3, 0x3f, 0x24, 0x1, 0xff,
    0xd1, 0x7e, 0x60, 0xf, 0xfe, 0x2b, 0x6e, 0x39,
    0x0, 0x7f, 0xf2, 0xce, 0x7a, 0x0, 0x3f, 0xf9,
    0x27, 0x1b, 0xd4, 0xe6, 0x1, 0xff, 0xc3, 0x26,
    0xae, 0xc6, 0x10, 0xf, 0xfe, 0x68, 0xac, 0x67,
    0xf6, 0x54, 0xca, 0x22, 0x99, 0x56, 0x77, 0xec,
    0xa8, 0x80, 0x7f, 0xf0, 0x80,

    /* U+0054 "T" */
    0x9f, 0xff, 0xff, 0x4d, 0x80, 0x7f, 0xff, 0xc0,
    0x3f, 0xff, 0xe0, 0x1f, 0xff, 0xf0, 0xf, 0xff,
    0x34, 0x6e, 0xff, 0xf2, 0xc0, 0x3e, 0xcd, 0xdf,
    0xfe, 0x55, 0x9, 0x17, 0xff, 0x2c, 0x3, 0xe2,
    0x2f, 0xfe, 0x58, 0x80, 0x7f, 0xff, 0xc0, 0x3f,
    0xff, 0xe0, 0x1f, 0xff, 0xf0, 0xf, 0xff, 0xf8,
    0x7, 0xff, 0xfc, 0x3, 0xff, 0xfe, 0x1, 0xff,
    0xff, 0x0, 0xff, 0xff, 0x80, 0x7f, 0xff, 0xc0,
    0x3f, 0xff, 0xe0, 0x1f, 0xff, 0xf0, 0xf, 0xff,
    0xf8, 0x7, 0xff, 0xfc, 0x3, 0xff, 0xfe, 0x1,
    0xff, 0xff, 0x0, 0xff, 0xff, 0x80, 0x7f, 0xff,
    0xc0, 0x3f, 0xff, 0xe0, 0x1f, 0xff, 0xf0, 0xf,
    0xff, 0xf8, 0x7, 0xff, 0xfc, 0x3, 0xff, 0xfe,
    0x1, 0xff, 0xff, 0x0, 0xff, 0xff, 0x80, 0x7f,
    0xff, 0xc0, 0x3f, 0xff, 0xe0, 0x1f, 0xff, 0xf0,
    0xf, 0xff, 0xf8, 0x7, 0xff, 0xfc, 0x3, 0xff,
    0xfe, 0x1, 0xff, 0xff, 0x0, 0xff, 0xff, 0x80,
    0x7f, 0xff, 0xc0, 0x3f, 0xff, 0xe0, 0x1f, 0xff,
    0xf0, 0xf, 0xff, 0xf8, 0x7, 0xff, 0xfc, 0x3,
    0xff, 0xfe, 0x1, 0xff, 0xff, 0x0, 0xff, 0xff,
    0x80, 0x7f, 0xff, 0xc0, 0x3f, 0xff, 0xe0, 0x1f,
    0xff, 0xf0, 0xf, 0xfe, 0x40,

    /* U+0055 "U" */
    0xaf, 0xff, 0x38, 0x7, 0xff, 0x71, 0x7f, 0xfd,
    0x20, 0x1f, 0xff, 0xf0, 0xf, 0xff, 0xf8, 0x7,
    0xff, 0xfc, 0x3, 0xff, 0xfe, 0x1, 0xff, 0xff,
    0x0, 0xff, 0xff, 0x80, 0x7f, 0xff, 0xc0, 0x3f,
    0xff, 0xe0, 0x1f, 0xff, 0xf0, 0xf, 0xff, 0xf8,
    0x7, 0xff, 0xfc, 0x3, 0xff, 0xfe, 0x1, 0xff,
    0xff, 0x0, 0xff, 0xff, 0x80, 0x7f, 0xff, 0xc0,
    0x3f, 0xff, 0xe0, 0x1f, 0xff, 0xf0, 0xf, 0xff,
    0xf8, 0x7, 0xff, 0xfc, 0x3, 0xff, 0xfe, 0x1,
    0xff, 0xff, 0x0, 0xff, 0xff, 0x80, 0x7f, 0xff,
    0xc0, 0x3f, 0xff, 0xe0, 0x1f, 0xff, 0xf0, 0xf,
    0xff, 0xf8, 0x7, 0xff, 0xfc, 0x3, 0xff, 0xc6,
    0x60, 0x1f, 0xfe, 0xa1, 0x0, 0xfb, 0xc0, 0x3f,
    0xfb, 0x86, 0x1, 0xf0, 0x80, 0x7f, 0xfa, 0xbc,
    0x3, 0xe1, 0x0, 0xff, 0xee, 0x8, 0x7, 0xde,
    0x1, 0xe2, 0x0, 0xff, 0xee, 0x70, 0x7, 0x88,
    0x80, 0x1e, 0x70, 0xf, 0xfe, 0xe1, 0x80, 0x78,
    0x58, 0x3, 0xc6, 0x1, 0xff, 0xdc, 0x70, 0xf,
    0x31, 0x0, 0x7c, 0x40, 0x1f, 0xfd, 0xb2, 0x0,
    0xf1, 0x8, 0x80, 0x3c, 0xe0, 0x1f, 0xfd, 0xa3,
    0x0, 0xf1, 0x0, 0x14, 0x3, 0xd8, 0x1, 0xff,
    0xda, 0x40, 0xf, 0x38, 0x3, 0x0, 0x3c, 0xe0,
    0x1f, 0xfd, 0xab, 0x0, 0xf6, 0x0, 0x10, 0x3,
    0xc2, 0x60, 0x1f, 0xfd, 0x81, 0x30, 0xf, 0x20,
    0x0, 0xc4, 0x3, 0xd4, 0x1, 0xff, 0xd8, 0x60,
    0xf, 0x11, 0x0, 0x27, 0x0, 0xf3, 0x8, 0x7,
    0xff, 0x5e, 0x40, 0x3c, 0xa0, 0x1a, 0xc0, 0x3e,
    0x80, 0xf, 0xfe, 0xb3, 0x88, 0x7, 0xa8, 0x3,
    0x11, 0x80, 0x79, 0x90, 0x3, 0xff, 0xa8, 0x50,
    0x1, 0xe4, 0x20, 0xe, 0x80, 0xf, 0xa8, 0x40,
    0x3f, 0xfa, 0x7e, 0x1, 0xf4, 0x0, 0x79, 0x10,
    0x1, 0xe1, 0xd0, 0xf, 0xfe, 0x95, 0x90, 0x7,
    0x90, 0xc0, 0x3e, 0x90, 0xf, 0x8f, 0x4, 0x3,
    0xff, 0x9f, 0x68, 0x1, 0xf4, 0x80, 0x7e, 0x28,
    0x0, 0xf8, 0xfd, 0x0, 0x3f, 0xf9, 0x87, 0xa8,
    0x1, 0xf4, 0x90, 0x7, 0xf3, 0xa8, 0x7, 0xc3,
    0x72, 0x20, 0x1f, 0xfc, 0x81, 0x8c, 0x20, 0xf,
    0x95, 0x80, 0x3f, 0xea, 0x30, 0xf, 0xcd, 0xd2,
    0x60, 0x1f, 0xfc, 0x42, 0x9e, 0x70, 0xf, 0xc7,
    0x40, 0x1f, 0xfc, 0x1d, 0x30, 0xf, 0xe6, 0xce,
    0x96, 0x31, 0x0, 0xf0, 0x9b, 0x4e, 0xe9, 0x80,
    0x3f, 0x8f, 0x0, 0x3f, 0xf8, 0x43, 0x8a, 0x1,
    0xfe, 0x16, 0x9c, 0xef, 0xee, 0xdf, 0xd9, 0x2c,
    0x40, 0x1f, 0xe5, 0xc0, 0xf, 0xfe, 0x2d, 0x40,
    0x7, 0xff, 0xc, 0x47, 0x0, 0x7f, 0xf0, 0xe6,
    0x80, 0x3f, 0xf8, 0xef, 0xa6, 0x1, 0xff, 0xd2,
    0x3d, 0x60, 0xf, 0xfe, 0x49, 0x65, 0x98, 0x7,
    0xff, 0x38, 0xeb, 0x8, 0x3, 0xff, 0x98, 0x99,
    0x85, 0x0, 0xff, 0xe5, 0x2e, 0x61, 0x40, 0x3f,
    0xfa, 0x7, 0x5f, 0x6e, 0x60, 0x1f, 0xfc, 0x23,
    0x7b, 0xfa, 0x30, 0xf, 0xfe, 0xaa, 0x46, 0x7f,
    0x65, 0x4c, 0x46, 0x9a, 0xce, 0xfc, 0x84, 0x0,
    0xff, 0xe3, 0x0,

    /* U+0056 "V" */
    0x8f, 0xff, 0x8c, 0x3, 0xff, 0xcd, 0x3f, 0xfe,
    0x99, 0x0, 0x7d, 0x20, 0x1f, 0xfe, 0x51, 0x60,
    0xf, 0x58, 0xb0, 0x7, 0x94, 0x40, 0x3f, 0xfc,
    0x92, 0x1, 0xe4, 0x20, 0xb0, 0xf, 0xa4, 0x3,
    0xff, 0xc8, 0xc0, 0x1e, 0xf0, 0x1, 0x20, 0x7,
    0x98, 0x3, 0xff, 0xc6, 0xc2, 0x1, 0xc6, 0x80,
    0x17, 0x80, 0x78, 0x58, 0x3, 0xff, 0xc5, 0x60,
    0x1e, 0x90, 0xc, 0x84, 0x1, 0xeb, 0x0, 0xff,
    0xf0, 0xa1, 0x0, 0x70, 0xa8, 0x7, 0x58, 0x7,
    0x89, 0x0, 0x3f, 0xfc, 0x1e, 0x1, 0xe9, 0x0,
    0xf3, 0x8, 0x7, 0xbc, 0x3, 0xff, 0xbe, 0x48,
    0x1, 0xe6, 0x0, 0xf9, 0x80, 0x3c, 0x84, 0x1,
    0xff, 0xde, 0xb0, 0xf, 0x30, 0x80, 0x7d, 0x20,
    0x1f, 0x58, 0x7, 0xff, 0x74, 0x58, 0x3, 0xd6,
    0x1, 0xf8, 0x58, 0x3, 0xcc, 0x20, 0x1f, 0xfd,
    0xc9, 0x0, 0xf2, 0x10, 0x7, 0xf5, 0x80, 0x7c,
    0xc0, 0x1f, 0xfd, 0xc6, 0x0, 0xf7, 0x80, 0x7f,
    0x89, 0x0, 0x3d, 0x20, 0x1f, 0xfd, 0xb6, 0x10,
    0xe, 0x24, 0x0, 0xff, 0xbc, 0x3, 0xc2, 0xc0,
    0x1f, 0xfd, 0xab, 0x0, 0xf4, 0x0, 0x7f, 0xf0,
    0x10, 0x80, 0x3d, 0x60, 0x1f, 0xfd, 0x94, 0x20,
    0xe, 0x15, 0x0, 0xff, 0xe0, 0xd8, 0x7, 0x89,
    0x0, 0x3f, 0xfb, 0x1e, 0x1, 0xe9, 0x0, 0xff,
    0xe1, 0x30, 0x80, 0x7b, 0xc0, 0x3f, 0xfa, 0xe4,
    0x80, 0x1e, 0x60, 0xf, 0xfe, 0x1b, 0x0, 0x79,
    0x8, 0x3, 0xff, 0xad, 0x0, 0x1e, 0x61, 0x0,
    0xff, 0xe1, 0xc8, 0x7, 0xd6, 0x1, 0xff, 0xd5,
    0x15, 0x0, 0xf5, 0x80, 0x7f, 0xf1, 0x5, 0x80,
    0x3c, 0xc2, 0x1, 0xff, 0xd4, 0x90, 0xf, 0x21,
    0x0, 0x7f, 0xf1, 0x6c, 0x3, 0xe6, 0x0, 0xff,
    0xea, 0x30, 0x7, 0xbc, 0x3, 0xff, 0x8c, 0x48,
    0x1, 0xe9, 0x0, 0xff, 0xe9, 0xb0, 0x80, 0x71,
    0x20, 0x7, 0xff, 0x1f, 0xc0, 0x3c, 0x2a, 0x1,
    0xff, 0xd2, 0xb0, 0xf, 0x58, 0x7, 0xff, 0x21,
    0x8, 0x3, 0xd2, 0x1, 0xff, 0xd1, 0x42, 0x0,
    0xe1, 0x60, 0xf, 0xfe, 0x4d, 0x80, 0x78, 0xcc,
    0x1, 0xff, 0xd0, 0xf0, 0xf, 0x48, 0x7, 0xff,
    0x29, 0x84, 0x3, 0xd2, 0x1, 0xff, 0xcf, 0x34,
    0x0, 0xf3, 0x0, 0x7f, 0xf2, 0xd8, 0x3, 0xca,
    0x40, 0x1f, 0xfc, 0xe9, 0x0, 0xf3, 0x8, 0x7,
    0xff, 0x2e, 0x40, 0x3e, 0xb0, 0xf, 0xfe, 0x68,
    0xa8, 0x7, 0xac, 0x3, 0xff, 0x98, 0x2c, 0x1,
    0xe6, 0x10, 0xf, 0xfe, 0x64, 0x80, 0x79, 0x8,
    0x3, 0xff, 0x9b, 0x60, 0x1f, 0x30, 0x7, 0xff,
    0x31, 0x80, 0x3d, 0xe0, 0x1f, 0xfc, 0xe2, 0x40,
    0xf, 0x48, 0x7, 0xff, 0x2d, 0x84, 0x3, 0x89,
    0x0, 0x3f, 0xf9, 0xfe, 0x1, 0xe1, 0x50, 0xf,
    0xfe, 0x55, 0x80, 0x7a, 0xc0, 0x3f, 0xfa, 0x8,
    0x40, 0x1e, 0x90, 0xf, 0xfe, 0x4a, 0x10, 0x7,
    0xb, 0x0, 0x7f, 0xf4, 0x6c, 0x3, 0xc6, 0x60,
    0xf, 0xfe, 0x44, 0x0, 0x7a, 0x40, 0x3f, 0xfa,
    0x4c, 0x20, 0x1e, 0x90, 0xf, 0xfe, 0x39, 0x98,
    0x3, 0xcc, 0x1, 0xff, 0xd3, 0x60, 0xf, 0x28,
    0x80, 0x7f, 0xf1, 0xa4, 0x3, 0xcc, 0x20, 0x1f,
    0xfd, 0x39, 0x0, 0xfa, 0x40, 0x3f, 0xf8, 0xa2,
    0xa0, 0x1e, 0xb0, 0xf, 0xfe, 0xa0, 0xb0, 0x7,
    0x9c, 0x3, 0xff, 0x8b, 0x20, 0x1e, 0x42, 0x0,
    0xff, 0xea, 0xd8, 0x7, 0xcc, 0x1, 0xff, 0xc4,
    0x60, 0xf, 0x78, 0x7, 0xff, 0x58, 0x90, 0x3,
    0xd6, 0x1, 0xff, 0xc3, 0x61, 0x0, 0xe2, 0x40,
    0xf, 0xfe, 0xbf, 0x80, 0x78, 0x94, 0x3, 0xff,
    0x85, 0x60, 0x1e, 0xb0, 0xf, 0xfe, 0xc2, 0x10,
    0x7, 0xa4, 0x3, 0xff, 0x82, 0xa4, 0x1, 0xc2,
    0xc0, 0x1f, 0xfd, 0x9b, 0x0, 0xf1, 0x98, 0x3,
    0xff, 0x81, 0x20, 0x1e, 0x90, 0xf, 0xfe, 0xd3,
    0x8, 0x7, 0xa4, 0x3, 0xfe, 0x33, 0x0, 0x79,
    0x80, 0x3f, 0xfb, 0x6c, 0x1, 0xe5, 0x10, 0xf,
    0xf4, 0x80, 0x79, 0x84, 0x3, 0xff, 0xb7, 0x20,
    0x1f, 0x48, 0x7, 0xf0, 0xa8, 0x7, 0xac, 0x3,
    0xff, 0xb8, 0x2c, 0x1, 0xe6, 0x0, 0xfe, 0x90,
    0xf, 0x21, 0x0, 0x7f, 0xf7, 0x6c, 0x3, 0xc2,
    0xc0, 0x1f, 0x98, 0x3, 0xde, 0x1, 0xff, 0xde,
    0x24, 0x0, 0xf5, 0x80, 0x7c, 0xc2, 0x1, 0xc4,
    0x80, 0x1f, 0xfd, 0xff, 0x0, 0xf1, 0x20, 0x7,
    0xac, 0x3, 0xd6, 0x1, 0xff, 0xe0, 0x42, 0x0,
    0xf7, 0x80, 0x72, 0x90, 0x7, 0xb, 0x0, 0x7f,
    0xf8, 0x6c, 0x3, 0xc8, 0x40, 0x1a, 0x40, 0x3c,
    0xc0, 0x1f, 0xfe, 0x26, 0x10, 0xf, 0x40, 0x4,
    0x66, 0x0, 0xf4, 0x80, 0x7f, 0xf8, 0xd8, 0x3,
    0xca, 0x20, 0x9, 0x0, 0xf3, 0x8, 0x7, 0xff,
    0x8e, 0x40, 0x3e, 0x90, 0x15, 0x0, 0xf5, 0x80,
    0x7f, 0xf9, 0x5, 0x80, 0x3c, 0xc1, 0x20, 0x1e,
    0x42, 0x0, 0xff, 0xf2, 0xd8, 0x7, 0x85, 0xdc,
    0x1, 0xef, 0x0, 0xff, 0xf3, 0x12, 0x0, 0x7a,
    0x0, 0x3c, 0x48, 0x1, 0xff, 0xe7, 0xf0, 0xf,
    0xfe, 0xd, 0x80, 0x7f, 0xfa, 0x10, 0x80, 0x3f,
    0xe1, 0x60, 0xf, 0xff, 0x4d, 0x80, 0x7f, 0xcc,
    0x1, 0xff, 0xea, 0x61, 0x0, 0xff, 0x48, 0x7,
    0xff, 0xad, 0x80, 0x3f, 0x98, 0x40, 0x3f, 0xfd,
    0x72, 0x1, 0xfd, 0x60, 0x1f, 0xfe, 0xc1, 0x60,
    0xf, 0x90, 0x80, 0x3f, 0xfd, 0xb6, 0x1, 0xf7,
    0x80, 0x7f, 0xf4, 0x40,

    /* U+0057 "W" */
    0x4f, 0xff, 0x80, 0x3f, 0xfb, 0x7b, 0xff, 0xe1,
    0x0, 0xff, 0xed, 0x67, 0xff, 0x81, 0x4, 0x3,
    0xca, 0x1, 0xff, 0xd9, 0x32, 0x0, 0xf3, 0x80,
    0x7f, 0xf6, 0x44, 0xc0, 0x39, 0x0, 0xe, 0x1,
    0xef, 0x0, 0xff, 0xec, 0xd0, 0x7, 0xd4, 0x1,
    0xff, 0xd9, 0x60, 0xf, 0x70, 0x3, 0x40, 0x3c,
    0xa0, 0x1f, 0xfd, 0x97, 0x0, 0xf8, 0xc4, 0x3,
    0xff, 0xb1, 0x60, 0x1e, 0x50, 0x2, 0x8, 0x7,
    0x94, 0x3, 0xff, 0xae, 0x82, 0x1, 0xf9, 0x80,
    0x3f, 0xfa, 0xe4, 0x60, 0x1c, 0xa0, 0x19, 0xc0,
    0x3d, 0xc0, 0x1f, 0xfd, 0x7d, 0x0, 0xfe, 0xb0,
    0xf, 0xfe, 0xba, 0x80, 0x7b, 0xc0, 0x36, 0x80,
    0x79, 0x0, 0x3f, 0xfa, 0xec, 0x1, 0xfc, 0x64,
    0x1, 0xff, 0xd6, 0xa0, 0xf, 0x28, 0x6, 0x41,
    0x0, 0xf2, 0x80, 0x7f, 0xf5, 0x54, 0x3, 0xfe,
    0x50, 0xf, 0xfe, 0xa9, 0x10, 0x3, 0x94, 0x3,
    0xce, 0x1, 0xee, 0x0, 0xff, 0xea, 0xf8, 0x7,
    0xfd, 0x40, 0x1f, 0xfd, 0x5a, 0x0, 0xf7, 0x80,
    0x7a, 0x80, 0x3c, 0x82, 0x1, 0xff, 0xd4, 0x50,
    0xf, 0xf8, 0x88, 0x1, 0xff, 0xd4, 0x50, 0xf,
    0x28, 0x7, 0x8c, 0x40, 0x3c, 0xe0, 0x1f, 0xfd,
    0x35, 0x0, 0xf3, 0x0, 0x7a, 0x80, 0x3f, 0xfa,
    0x64, 0x40, 0xe, 0x50, 0xf, 0xce, 0x1, 0xed,
    0x0, 0xff, 0xe9, 0xf0, 0x7, 0x14, 0x0, 0x79,
    0x40, 0x3f, 0xfa, 0x74, 0x1, 0xef, 0x0, 0xfd,
    0x40, 0x1e, 0x41, 0x0, 0xff, 0xe8, 0x8a, 0x0,
    0x75, 0xa, 0x0, 0x71, 0x18, 0x7, 0xff, 0x49,
    0x40, 0x3c, 0xa0, 0x1f, 0x8c, 0x40, 0x3c, 0xe0,
    0x1f, 0xfd, 0x17, 0x0, 0xf2, 0x86, 0x80, 0x7a,
    0xc0, 0x3f, 0xfa, 0x26, 0x40, 0x1c, 0xa0, 0x1f,
    0xe6, 0x0, 0xf6, 0x80, 0x7f, 0xf4, 0x68, 0x3,
    0x8c, 0x81, 0xc0, 0x3c, 0xa0, 0x1f, 0xfd, 0x1b,
    0x0, 0xf7, 0x0, 0x7f, 0xac, 0x3, 0xc8, 0x20,
    0x1f, 0xfc, 0xf1, 0x30, 0xe, 0xb0, 0x0, 0xa0,
    0x7, 0x11, 0x80, 0x7f, 0xf4, 0x18, 0x3, 0x85,
    0x0, 0x3f, 0xc6, 0x40, 0x1e, 0x70, 0xf, 0xfe,
    0x7b, 0x0, 0x79, 0x80, 0x2e, 0x0, 0xf5, 0x80,
    0x7f, 0xf3, 0xcc, 0x40, 0x39, 0xc0, 0x3f, 0xf8,
    0xa, 0x1, 0xed, 0x0, 0xff, 0xe7, 0xd8, 0x7,
    0x18, 0x80, 0x4a, 0x1, 0xe6, 0x0, 0xff, 0xe7,
    0xd8, 0x7, 0xb4, 0x3, 0xff, 0x81, 0x60, 0x1e,
    0x41, 0x0, 0xff, 0xe6, 0x91, 0x80, 0x75, 0x0,
    0x72, 0x80, 0x70, 0x98, 0x7, 0xff, 0x39, 0x80,
    0x38, 0x50, 0x3, 0xff, 0x80, 0x64, 0x1, 0xe7,
    0x0, 0xff, 0xe6, 0xa8, 0x7, 0x9c, 0x3, 0xbc,
    0x3, 0xd4, 0x1, 0xff, 0xcd, 0x31, 0x0, 0xe7,
    0x0, 0xff, 0xe1, 0x28, 0x7, 0xb4, 0x3, 0xff,
    0x9b, 0x40, 0x1c, 0x82, 0x1, 0xca, 0x1, 0xe7,
    0x0, 0xff, 0xe6, 0xd0, 0x7, 0xb4, 0x3, 0xff,
    0x85, 0x40, 0x1e, 0x41, 0x0, 0xff, 0xe5, 0x99,
    0x0, 0x77, 0x0, 0x7c, 0xa0, 0x1c, 0x28, 0x1,
    0xff, 0xcc, 0x70, 0xe, 0x14, 0x0, 0xff, 0xe1,
    0x11, 0x0, 0x3c, 0xe0, 0x1f, 0xfc, 0xbb, 0x0,
    0xf2, 0x80, 0x7d, 0xc0, 0x1e, 0xd0, 0xf, 0xfe,
    0x5a, 0x8, 0x7, 0x38, 0x7, 0xff, 0x11, 0x40,
    0x3d, 0x40, 0x1f, 0xfc, 0xb6, 0x0, 0xe5, 0x0,
    0xfc, 0x82, 0x1, 0xce, 0x1, 0xff, 0xcb, 0xd0,
    0xf, 0x68, 0x7, 0xff, 0x12, 0x80, 0x3c, 0x62,
    0x1, 0xff, 0xc9, 0x31, 0x0, 0xef, 0x0, 0xfe,
    0x70, 0xe, 0x14, 0x0, 0xff, 0xe5, 0x38, 0x7,
    0xa, 0x0, 0x7f, 0xf1, 0x8, 0x80, 0x1e, 0x70,
    0xf, 0xfe, 0x4d, 0x0, 0x79, 0x40, 0x3f, 0xb4,
    0x3, 0xdc, 0x1, 0xff, 0xc9, 0x41, 0x0, 0xe7,
    0x0, 0xff, 0xe3, 0x50, 0x7, 0xa8, 0x3, 0xff,
    0x92, 0xe0, 0x1c, 0xa0, 0x1f, 0xe4, 0x10, 0xe,
    0x50, 0xf, 0xfe, 0x4e, 0x80, 0x7a, 0x80, 0x3f,
    0xf8, 0xca, 0x1, 0xe3, 0x10, 0xf, 0xfe, 0x3a,
    0x8, 0x7, 0x70, 0x7, 0xfc, 0xe0, 0x1e, 0x50,
    0xf, 0xfe, 0x43, 0x80, 0x70, 0x98, 0x7, 0xff,
    0x18, 0x88, 0x1, 0xe7, 0x0, 0xff, 0xe3, 0xf0,
    0x7, 0xa, 0x0, 0x7f, 0xd4, 0x1, 0xef, 0x0,
    0xff, 0xe3, 0xa0, 0x80, 0x73, 0x80, 0x7f, 0xf2,
    0x28, 0x3, 0xd4, 0x1, 0xff, 0xc7, 0x50, 0xe,
    0x70, 0xf, 0xfe, 0x1, 0x88, 0x7, 0x28, 0x7,
    0xff, 0x1f, 0x80, 0x3d, 0x40, 0x1f, 0xfc, 0x85,
    0x0, 0xf1, 0x88, 0x7, 0xff, 0x15, 0x40, 0x3d,
    0x40, 0x1f, 0xfc, 0x16, 0x0, 0xf2, 0x80, 0x7f,
    0xf1, 0x94, 0x3, 0x84, 0xc0, 0x3f, 0xf9, 0x4,
    0x60, 0x1e, 0x60, 0xf, 0xfe, 0x2f, 0x80, 0x70,
    0x98, 0x7, 0xff, 0x6, 0xc0, 0x3d, 0xe0, 0x1f,
    0xfc, 0x55, 0x0, 0xf3, 0x0, 0x7f, 0xf2, 0xac,
    0x3, 0xd6, 0x1, 0xff, 0xc5, 0x50, 0xe, 0x60,
    0xf, 0xfe, 0x11, 0x90, 0x7, 0x28, 0x7, 0xff,
    0x17, 0xc0, 0x3d, 0x60, 0x1f, 0xfc, 0xa5, 0x0,
    0xf1, 0x88, 0x7, 0xff, 0xd, 0x40, 0x3d, 0x60,
    0x1f, 0xfc, 0x35, 0x0, 0xf2, 0x80, 0x7f, 0xf1,
    0x14, 0x3, 0x88, 0xc0, 0x3f, 0xf9, 0x44, 0x60,
    0x1e, 0x60, 0xf, 0xfe, 0x1f, 0x0, 0x71, 0x18,
    0x7, 0xff, 0xe, 0x80, 0x3d, 0xc0, 0x1f, 0xfc,
    0x35, 0x0, 0xf2, 0x80, 0x7f, 0xf3, 0x2c, 0x3,
    0xd6, 0x1, 0xff, 0xc2, 0x14, 0x0, 0xe5, 0x0,
    0xff, 0xe2, 0x11, 0x80, 0x72, 0x8, 0x7, 0xff,
    0xb, 0xc0, 0x3d, 0x60, 0x1f, 0xfc, 0xc6, 0x0,
    0xf1, 0x90, 0x7, 0xff, 0x5, 0xc0, 0x3d, 0x40,
    0x1f, 0xfc, 0x5b, 0x0, 0xf3, 0x80, 0x7f, 0xf0,
    0x94, 0x3, 0x88, 0xc0, 0x3f, 0xf9, 0x82, 0x60,
    0x1e, 0x50, 0xf, 0xfe, 0xd, 0x0, 0x71, 0x10,
    0x3, 0xff, 0x8a, 0xc0, 0x1e, 0xd0, 0xf, 0xfe,
    0xa, 0x80, 0x79, 0x40, 0x3f, 0xf9, 0xd4, 0x1,
    0xeb, 0x0, 0xff, 0xe0, 0x9, 0x80, 0x75, 0x0,
    0x7f, 0xf1, 0x84, 0xc0, 0x39, 0x4, 0x3, 0xff,
    0x81, 0xc0, 0x1e, 0xa0, 0xf, 0xfe, 0x73, 0x80,
    0x78, 0xc8, 0x3, 0xfe, 0x60, 0xf, 0x28, 0x7,
    0xff, 0x1e, 0x80, 0x3c, 0xe0, 0x1f, 0xf0, 0xa0,
    0x7, 0x11, 0x0, 0x3f, 0xf9, 0xc2, 0x60, 0x1e,
    0x50, 0xf, 0xfa, 0xc0, 0x38, 0xc8, 0x3, 0xff,
    0x8e, 0xe0, 0x1e, 0xa0, 0xf, 0xf9, 0xc0, 0x3c,
    0xa0, 0x1f, 0xfd, 0xa, 0x0, 0xf5, 0x80, 0x7f,
    0x88, 0xc0, 0x3a, 0x80, 0x3f, 0xf9, 0x2, 0x80,
    0x1c, 0x62, 0x1, 0xfe, 0xd0, 0xf, 0x50, 0x7,
    0xff, 0x41, 0xc0, 0x3c, 0x64, 0x1, 0xfd, 0x40,
    0x1e, 0x70, 0xf, 0xfe, 0x4e, 0x80, 0x79, 0x80,
    0x3f, 0x85, 0x0, 0x38, 0x88, 0x1, 0xff, 0xd0,
    0x14, 0x0, 0xf2, 0x80, 0x7f, 0x28, 0x7, 0x20,
    0x80, 0x7f, 0xf2, 0x5c, 0x3, 0xd6, 0x1, 0xfc,
    0xe0, 0x1e, 0xa0, 0xf, 0xfe, 0x96, 0x80, 0x7a,
    0x80, 0x3f, 0x19, 0x0, 0x76, 0x80, 0x7f, 0xf2,
    0x85, 0x0, 0x38, 0xc8, 0x3, 0xf6, 0x80, 0x79,
    0x40, 0x3f, 0xfa, 0x4e, 0x1, 0xe2, 0x20, 0x7,
    0xd6, 0x1, 0xe7, 0x0, 0xff, 0xe5, 0xf0, 0x7,
    0x94, 0x3, 0xe1, 0x40, 0xe, 0x22, 0x0, 0x7f,
    0xf4, 0x85, 0x0, 0x3c, 0xa0, 0x1f, 0x30, 0x7,
    0x20, 0x80, 0x7f, 0xf2, 0xd4, 0x3, 0xd6, 0x1,
    0xf3, 0x80, 0x7a, 0x80, 0x3f, 0xfa, 0x9a, 0x1,
    0xea, 0x0, 0xf1, 0x88, 0x7, 0x70, 0x7, 0xff,
    0x35, 0x40, 0x38, 0xc8, 0x3, 0xd4, 0x1, 0xe5,
    0x0, 0xff, 0xea, 0x38, 0x7, 0x88, 0x80, 0x1d,
    0x40, 0x1e, 0x50, 0xf, 0xfe, 0x6f, 0x80, 0x79,
    0x40, 0x38, 0x4c, 0x3, 0x8c, 0x80, 0x3f, 0xfa,
    0x82, 0x80, 0x1e, 0xa0, 0xe, 0x70, 0xe, 0x50,
    0xf, 0xfe, 0x72, 0x80, 0x7a, 0x80, 0x39, 0x80,
    0x3d, 0x60, 0x1f, 0xfd, 0x6d, 0x0, 0xf2, 0x80,
    0x64, 0x10, 0xe, 0xf0, 0xf, 0xfe, 0x7a, 0x80,
    0x71, 0x10, 0x3, 0x58, 0x7, 0x94, 0x3, 0xff,
    0xac, 0xe0, 0x1e, 0x22, 0x0, 0x5c, 0x1, 0xe5,
    0x0, 0xff, 0xe7, 0xf0, 0x7, 0xa8, 0x2, 0x13,
    0x0, 0xe3, 0x20, 0xf, 0xfe, 0xb0, 0xa0, 0x7,
    0xa8, 0x2, 0x50, 0xe, 0x60, 0xf, 0xfe, 0x82,
    0x8, 0x7, 0x28, 0x4, 0xc0, 0x1e, 0xb0, 0xf,
    0xfe, 0xc7, 0x0, 0x79, 0x40, 0xa, 0x1, 0xed,
    0x0, 0xff, 0xe8, 0xb8, 0x7, 0x11, 0x80, 0x2c,
    0x3, 0xcc, 0x1, 0xff, 0xd8, 0x50, 0xf, 0x11,
    0x3, 0xc0, 0x38, 0x50, 0x3, 0xff, 0xa3, 0xa0,
    0x1e, 0xb0, 0x23, 0x0, 0xe3, 0x10, 0xf, 0xfe,
    0xca, 0x0, 0x7a, 0x81, 0x40, 0x39, 0xc0, 0x3f,
    0xfa, 0x48, 0x20, 0x1c, 0xc0, 0xa0, 0x1e, 0xa0,
    0xf, 0xfe, 0xd7, 0x0, 0x79, 0x58, 0x3, 0xd4,
    0x1, 0xff, 0xd3, 0x70, 0xe, 0x13, 0xa0, 0xf,
    0x38, 0x7, 0xff, 0x69, 0x40, 0x3c, 0x56, 0x1,
    0xc2, 0x60, 0x1f, 0xfd, 0x3a, 0x0, 0xf4, 0x10,
    0x7, 0x18, 0x80, 0x7f, 0xf6, 0xd4, 0x3, 0xc4,
    0x1, 0xcc, 0x1, 0xff, 0xd4, 0x32, 0x0, 0xe4,
    0x0, 0xf5, 0x0, 0x7f, 0xf7, 0x3c, 0x3, 0xff,
    0x81, 0x60, 0x1f, 0xfd, 0x55, 0x0, 0xff, 0xe0,
    0x38, 0x7, 0xff, 0x71, 0x40, 0x3f, 0xe2, 0x30,
    0xf, 0xfe, 0xad, 0x0, 0x7f, 0xc8, 0x20, 0x1f,
    0xfd, 0xd5, 0x0, 0xff, 0x50, 0x7, 0xff, 0x58,
    0x88, 0x1, 0xfe, 0xd0, 0xf, 0xfe, 0xf7, 0x80,
    0x7f, 0x94, 0x3, 0xff, 0xaf, 0x40, 0x1f, 0xe7,
    0x0, 0xff, 0xef, 0x28, 0x7, 0xf1, 0x90, 0x7,
    0xff, 0x5d, 0x40, 0x3f, 0x90, 0x40, 0x3f, 0xfb,
    0xea, 0x1, 0xfa, 0xc0, 0x3f, 0xfb, 0x4, 0x60,
    0x1f, 0xb4, 0x3, 0xff, 0xc1, 0xc0, 0x1f, 0x98,
    0x3, 0xff, 0xb3, 0x60, 0x1f, 0x9c, 0x3, 0xff,
    0xc0, 0x80, 0x1f, 0x18, 0x80, 0x7f, 0xf6, 0x58,
    0x3, 0xe4, 0x10, 0xf, 0xfe, 0x50,

    /* U+0058 "X" */
    0x0, 0x2f, 0xff, 0xd8, 0x1, 0xff, 0xdb, 0x8f,
    0xff, 0x88, 0x3, 0x2a, 0x80, 0x3c, 0x70, 0x1,
    0xff, 0xd9, 0x47, 0x0, 0xf4, 0x90, 0x7, 0x51,
    0x0, 0x79, 0xd0, 0x3, 0xff, 0xae, 0x34, 0x1,
    0xe5, 0x60, 0xf, 0xb8, 0x3, 0xea, 0x10, 0xf,
    0xfe, 0xb5, 0x8, 0x7, 0xd, 0x80, 0x7e, 0x39,
    0x0, 0xf0, 0xd0, 0x7, 0xff, 0x55, 0xd0, 0x3,
    0xda, 0x20, 0x1f, 0xcc, 0x80, 0x1e, 0x47, 0x0,
    0xff, 0xe9, 0x9c, 0x0, 0x7a, 0xc, 0x3, 0xfe,
    0xa1, 0x0, 0xf4, 0x18, 0x7, 0xff, 0x44, 0x74,
    0x3, 0xc8, 0xe0, 0x1f, 0xfc, 0x1, 0xd0, 0xf,
    0xb4, 0x40, 0x3f, 0xfa, 0x16, 0x20, 0x1c, 0x34,
    0x1, 0xff, 0xc2, 0x38, 0x0, 0xf0, 0xd0, 0x7,
    0xff, 0x3d, 0x94, 0x3, 0xd4, 0x20, 0x1f, 0xfc,
    0x37, 0x40, 0xf, 0x23, 0x80, 0x7f, 0xf3, 0x4a,
    0x40, 0x3c, 0xe8, 0x1, 0xff, 0xc5, 0xa1, 0x0,
    0xf4, 0x18, 0x7, 0xff, 0x33, 0xc0, 0x3c, 0x70,
    0x1, 0xff, 0xc6, 0x1a, 0x0, 0xfb, 0x80, 0x3f,
    0xf9, 0x74, 0x40, 0x1c, 0x3a, 0x1, 0xff, 0xc8,
    0x47, 0x0, 0xf1, 0x50, 0x7, 0xff, 0x25, 0x54,
    0x1, 0xeb, 0x10, 0xf, 0xfe, 0x4c, 0x18, 0x7,
    0x95, 0x80, 0x3f, 0xf8, 0xe5, 0x40, 0x1e, 0x65,
    0x0, 0xff, 0xe5, 0xf0, 0x7, 0xd2, 0x40, 0x1f,
    0xfc, 0x6e, 0x0, 0xf1, 0x48, 0x7, 0xff, 0x30,
    0xa8, 0x3, 0xef, 0x0, 0xff, 0xe2, 0xc9, 0x80,
    0x7b, 0xc0, 0x3f, 0xf9, 0xca, 0xc0, 0x1e, 0x2a,
    0x0, 0xff, 0xe1, 0xa3, 0x0, 0x7a, 0x48, 0x3,
    0xff, 0x9f, 0x24, 0x1, 0xe5, 0x60, 0xf, 0xfe,
    0x8, 0xd0, 0x7, 0x95, 0x80, 0x3f, 0xfa, 0x3e,
    0x1, 0xf4, 0x90, 0x7, 0xff, 0x3, 0x44, 0x3,
    0x8a, 0x80, 0x3f, 0xfa, 0x45, 0x20, 0x1f, 0x78,
    0x7, 0xfd, 0x6, 0x1, 0xee, 0x0, 0xff, 0xea,
    0x32, 0x80, 0x78, 0xa4, 0x3, 0xf9, 0x1c, 0x3,
    0xd2, 0x60, 0x1f, 0xfd, 0x5b, 0x10, 0xf, 0x32,
    0x80, 0x7c, 0x34, 0x1, 0xe4, 0x60, 0xf, 0xfe,
    0xb0, 0xe8, 0x7, 0xd4, 0x40, 0x1e, 0xa1, 0x0,
    0xe1, 0xa0, 0xf, 0xfe, 0xc1, 0xc0, 0x7, 0xdc,
    0x1, 0xce, 0x80, 0x1e, 0xd1, 0x0, 0xff, 0xec,
    0xba, 0x0, 0x78, 0xe0, 0x2, 0x38, 0x0, 0xf4,
    0x18, 0x7, 0xff, 0x6e, 0x84, 0x3, 0xce, 0x80,
    0xe, 0x0, 0xf2, 0x38, 0x7, 0xff, 0x70, 0x68,
    0x3, 0xea, 0x1a, 0x20, 0xe, 0x1a, 0x0, 0xff,
    0xef, 0x23, 0x80, 0x78, 0x7d, 0x40, 0x3d, 0x42,
    0x1, 0xff, 0xdf, 0x83, 0x0, 0xf0, 0x80, 0x79,
    0xd0, 0x3, 0xff, 0xc3, 0xc0, 0x1f, 0xfc, 0x3,
    0x80, 0xf, 0xff, 0x11, 0x50, 0x7, 0xfd, 0xc0,
    0x1f, 0xfe, 0x45, 0x60, 0xf, 0xea, 0x20, 0xf,
    0xff, 0x2c, 0x80, 0x7e, 0x15, 0x0, 0xff, 0xf3,
    0x40, 0x7, 0xe1, 0x90, 0xf, 0xff, 0x2a, 0x38,
    0x7, 0xf3, 0x28, 0x7, 0xff, 0x8c, 0x68, 0x3,
    0xfe, 0xb1, 0x0, 0xff, 0xf1, 0x50, 0x80, 0x7f,
    0xc3, 0xa0, 0x1f, 0xfe, 0x18, 0x40, 0xf, 0x10,
    0x7, 0x8e, 0x0, 0x3f, 0xfb, 0xe8, 0xe0, 0x1e,
    0x5d, 0x20, 0xf, 0x3a, 0x0, 0x7f, 0xf7, 0x46,
    0x80, 0x3c, 0x56, 0x1e, 0x1, 0xf5, 0x8, 0x7,
    0xff, 0x72, 0x84, 0x3, 0xdc, 0x20, 0x52, 0x1,
    0xe1, 0xa0, 0xf, 0xfe, 0xdb, 0xa0, 0x7, 0xa0,
    0xc0, 0x26, 0x50, 0xf, 0x23, 0x80, 0x7f, 0xf6,
    0x4e, 0x0, 0x3c, 0x8e, 0x1, 0xd6, 0x20, 0x1e,
    0x83, 0x0, 0xff, 0xeb, 0x8e, 0x80, 0x78, 0x68,
    0x3, 0xc3, 0xa0, 0x1f, 0x68, 0x80, 0x7f, 0xf5,
    0xa8, 0x40, 0x3d, 0x42, 0x1, 0xf1, 0xc0, 0x7,
    0x86, 0x80, 0x3f, 0xfa, 0xac, 0x80, 0x1e, 0x74,
    0x0, 0xfe, 0x74, 0x0, 0xf2, 0x38, 0x7, 0xff,
    0x4c, 0xe4, 0x3, 0xc7, 0x0, 0x1f, 0xf5, 0x8,
    0x7, 0xa0, 0xc0, 0x3f, 0xfa, 0x5c, 0x1, 0xf7,
    0x0, 0x7f, 0xf0, 0x6, 0x80, 0x3e, 0xe0, 0xf,
    0xfe, 0x8d, 0x10, 0x7, 0xa8, 0x80, 0x3f, 0xf8,
    0x28, 0xe0, 0x1e, 0x2a, 0x0, 0xff, 0xe7, 0xb2,
    0x80, 0x79, 0x94, 0x3, 0xff, 0x87, 0x6, 0x1,
    0xe5, 0x60, 0xf, 0xfe, 0x69, 0x48, 0x7, 0x8a,
    0x40, 0x3f, 0xf8, 0xba, 0x20, 0x1e, 0x92, 0x0,
    0xff, 0xe6, 0x78, 0x7, 0xde, 0x1, 0xff, 0xc6,
    0x1b, 0x0, 0xfb, 0xc0, 0x3f, 0xf9, 0x74, 0x40,
    0x1e, 0x92, 0x0, 0xff, 0xe3, 0xab, 0x0, 0x78,
    0xa4, 0x3, 0xff, 0x92, 0xaa, 0x0, 0xf2, 0xb0,
    0x7, 0xff, 0x26, 0x48, 0x3, 0xcc, 0xa0, 0x1f,
    0xfc, 0x72, 0xa0, 0xf, 0xd, 0x80, 0x7f, 0xf2,
    0xfc, 0x3, 0xea, 0x20, 0xf, 0xfe, 0x37, 0x80,
    0x7d, 0xa2, 0x1, 0xff, 0xcb, 0x2a, 0x0, 0xfb,
    0x80, 0x3f, 0xf8, 0xb2, 0x40, 0x1e, 0x83, 0x0,
    0xff, 0xe6, 0xaa, 0x80, 0x3c, 0x72, 0x1, 0xff,
    0xc3, 0x56, 0x0, 0xf2, 0x38, 0x7, 0xff, 0x3e,
    0x88, 0x3, 0xcc, 0xa0, 0x1f, 0xfc, 0x12, 0xa0,
    0xf, 0xd, 0x0, 0x7f, 0xf4, 0x78, 0x3, 0xeb,
    0x10, 0xf, 0xfe, 0x7, 0x0, 0x7d, 0x42, 0x1,
    0xff, 0xd1, 0x39, 0x0, 0xf0, 0xe8, 0x7, 0xfd,
    0x6, 0x1, 0xe7, 0x40, 0xf, 0xfe, 0x9b, 0x20,
    0x7, 0x8e, 0x0, 0x3f, 0x91, 0xc0, 0x3c, 0x70,
    0x1, 0xff, 0xd5, 0xa1, 0x0, 0xf3, 0xa0, 0x7,
    0xc3, 0x40, 0x1f, 0x70, 0x7, 0xff, 0x58, 0x74,
    0x3, 0xea, 0x10, 0xf, 0x68, 0x80, 0x7a, 0x88,
    0x3, 0xff, 0xae, 0x70, 0x1, 0xe1, 0xa0, 0xe,
    0x83, 0x0, 0xf2, 0xa8, 0x3, 0xff, 0xb2, 0xe8,
    0x1, 0xe4, 0x70, 0x9, 0x1c, 0x3, 0xc5, 0x40,
    0x1f, 0xfd, 0xba, 0x10, 0xf, 0x41, 0x80, 0xd0,
    0x7, 0xdc, 0x1, 0xff, 0xdc, 0x1a, 0x0, 0xfb,
    0x44,

    /* U+0059 "Y" */
    0x9f, 0xff, 0x70, 0x80, 0x7f, 0xf8, 0x23, 0xff,
    0xd1, 0x1, 0x0, 0xe1, 0x80, 0xf, 0xfe, 0xf9,
    0x38, 0x7, 0xc, 0xc, 0x0, 0x79, 0x8c, 0x3,
    0xff, 0xbd, 0xc0, 0x1e, 0xb0, 0x3, 0x18, 0x7,
    0xb8, 0x3, 0xff, 0xba, 0xc6, 0x1, 0xc8, 0xa0,
    0x17, 0x0, 0x78, 0x9c, 0x3, 0xff, 0xb6, 0x30,
    0x1, 0xe9, 0x0, 0xc4, 0xe0, 0x1e, 0x81, 0x0,
    0xff, 0xed, 0x40, 0x80, 0x74, 0x10, 0x7, 0x40,
    0x80, 0x7a, 0xc0, 0x3f, 0xfb, 0x26, 0xc0, 0x1c,
    0x4e, 0x1, 0xf5, 0x0, 0x79, 0x50, 0x3, 0xff,
    0xb1, 0xc0, 0x1e, 0x90, 0xf, 0xc8, 0x80, 0xf,
    0x48, 0x7, 0xff, 0x5d, 0xc8, 0x3, 0x95, 0x0,
    0x3f, 0xa8, 0x3, 0xc5, 0x0, 0x1f, 0xfd, 0x51,
    0x80, 0xf, 0x58, 0x7, 0xf8, 0x60, 0x3, 0xce,
    0x40, 0x1f, 0xfd, 0x4b, 0x0, 0xf4, 0x88, 0x7,
    0xfc, 0xe4, 0x1, 0xe9, 0x0, 0xff, 0xe9, 0xa2,
    0x80, 0x71, 0xb0, 0x7, 0xff, 0x7, 0x80, 0x3c,
    0x8a, 0x1, 0xff, 0xd2, 0x90, 0xf, 0x78, 0x7,
    0xff, 0x8, 0xd4, 0x3, 0xd6, 0x20, 0x1f, 0xfd,
    0x8, 0x20, 0xe, 0x63, 0x0, 0xff, 0xe1, 0xd8,
    0x80, 0x70, 0xc0, 0x7, 0xff, 0x3c, 0x9c, 0x3,
    0x86, 0x0, 0x3f, 0xf8, 0x83, 0x0, 0x1e, 0x63,
    0x0, 0xff, 0xe7, 0x70, 0x7, 0xac, 0x40, 0x3f,
    0xf8, 0xac, 0x60, 0x1e, 0xf0, 0xf, 0xfe, 0x6a,
    0x98, 0x7, 0x22, 0x80, 0x7f, 0xf1, 0xfc, 0x3,
    0xc6, 0xc0, 0x1f, 0xfc, 0xb1, 0xb0, 0xf, 0x48,
    0x7, 0xff, 0x20, 0xd8, 0x3, 0xd2, 0x20, 0x1f,
    0xfc, 0xa8, 0x10, 0xe, 0x72, 0x0, 0xff, 0xe4,
    0xc8, 0x80, 0x7a, 0xc0, 0x3f, 0xf9, 0x26, 0xc0,
    0x1c, 0x50, 0x1, 0xff, 0xcb, 0xb0, 0xf, 0x2a,
    0x0, 0x7f, 0xf2, 0x38, 0x3, 0xd2, 0x1, 0xff,
    0xcc, 0x54, 0x0, 0xf4, 0x80, 0x7f, 0xf1, 0xdc,
    0x80, 0x39, 0x50, 0x3, 0xff, 0x9b, 0x20, 0x1e,
    0x27, 0x0, 0xff, 0xe2, 0x8c, 0x0, 0x7a, 0xc0,
    0x3f, 0xf9, 0xc4, 0xe0, 0x1e, 0x82, 0x0, 0xff,
    0xe2, 0x58, 0x7, 0xa0, 0x40, 0x3f, 0xf9, 0xf0,
    0x40, 0x1e, 0x90, 0xf, 0xfe, 0x1a, 0x28, 0x7,
    0x13, 0x80, 0x7f, 0xf4, 0x64, 0x3, 0xc8, 0xa0,
    0x1f, 0xfc, 0x29, 0x0, 0xf7, 0x0, 0x7f, 0xf4,
    0x91, 0x40, 0x3d, 0x60, 0x1f, 0xfc, 0x18, 0x20,
    0xe, 0x63, 0x0, 0xff, 0xe9, 0xd8, 0x7, 0x86,
    0x40, 0x3f, 0xe2, 0x70, 0xe, 0x18, 0x0, 0xff,
    0xea, 0xc, 0x0, 0x79, 0x8c, 0x3, 0xfd, 0x20,
    0x1e, 0x81, 0x0, 0xff, 0xea, 0xb9, 0x80, 0x7b,
    0xc0, 0x3f, 0x95, 0x0, 0x38, 0xd8, 0x3, 0xff,
    0xaf, 0xe0, 0x1e, 0x36, 0x0, 0xf8, 0x6c, 0x3,
    0xdc, 0x1, 0xff, 0xd8, 0x36, 0x0, 0xf4, 0x8,
    0x7, 0xa0, 0x40, 0x39, 0xc8, 0x3, 0xff, 0xb3,
    0x2, 0x1, 0xc3, 0x60, 0x1c, 0x6c, 0x1, 0xc3,
    0x0, 0x1f, 0xfd, 0xa1, 0xb0, 0xf, 0x2a, 0x0,
    0x6f, 0x0, 0xf5, 0x80, 0x7f, 0xf7, 0x14, 0xc0,
    0x3d, 0x20, 0x13, 0x18, 0x7, 0x22, 0x80, 0x7f,
    0xf7, 0x78, 0x3, 0xc4, 0xe0, 0x32, 0x1, 0xe9,
    0x0, 0xff, 0xef, 0x13, 0x80, 0x7a, 0xa, 0xc0,
    0x3d, 0x4, 0x1, 0xff, 0xdf, 0x81, 0x0, 0xf7,
    0xa8, 0x7, 0x13, 0x80, 0x7f, 0xf8, 0x68, 0x3,
    0xc4, 0x1, 0xe9, 0x0, 0xff, 0xf1, 0x22, 0x0,
    0x3f, 0xe5, 0x40, 0xf, 0xff, 0x1d, 0x0, 0x7f,
    0xd6, 0x1, 0xff, 0xe4, 0x18, 0x0, 0xfe, 0x91,
    0x0, 0xff, 0xf2, 0xb9, 0x0, 0x7c, 0x6c, 0x1,
    0xff, 0xe7, 0x90, 0xf, 0xbc, 0x3, 0xff, 0xd0,
    0x80, 0x1f, 0x18, 0x7, 0xff, 0xfc, 0x3, 0xff,
    0xfe, 0x1, 0xff, 0xff, 0x0, 0xff, 0xff, 0x80,
    0x7f, 0xff, 0xc0, 0x3f, 0xff, 0xe0, 0x1f, 0xff,
    0xf0, 0xf, 0xff, 0xf8, 0x7, 0xff, 0xfc, 0x3,
    0xff, 0xfe, 0x1, 0xff, 0xff, 0x0, 0xff, 0xff,
    0x80, 0x7f, 0xff, 0xc0, 0x3f, 0xff, 0xe0, 0x1f,
    0xff, 0xf0, 0xf, 0xff, 0xf8, 0x7, 0xff, 0xfc,
    0x3, 0xff, 0xfe, 0x1, 0xff, 0xc6,

    /* U+005A "Z" */
    0xf, 0xff, 0xff, 0x4a, 0x0, 0x7f, 0xff, 0xc0,
    0x3f, 0xff, 0xe0, 0x1f, 0xff, 0xf0, 0xf, 0xff,
    0x49, 0xa0, 0x3, 0x77, 0xff, 0xbe, 0xe0, 0x1f,
    0xe, 0x80, 0x44, 0x5f, 0xfd, 0xe1, 0x70, 0xf,
    0xb4, 0x40, 0x3f, 0xfc, 0x3, 0xa0, 0x1f, 0x49,
    0x80, 0x7f, 0xf8, 0x74, 0x40, 0x3c, 0xcc, 0x0,
    0xff, 0xf0, 0xc9, 0x80, 0x78, 0xe4, 0x3, 0xff,
    0xc2, 0xcc, 0x0, 0xf0, 0xe8, 0x7, 0xff, 0x84,
    0xe4, 0x3, 0xea, 0x10, 0xf, 0xff, 0x0, 0xe8,
    0x7, 0xd2, 0x80, 0x1f, 0xfe, 0x1d, 0x10, 0xf,
    0x2b, 0x0, 0x7f, 0xf8, 0x64, 0xc0, 0x3c, 0x74,
    0x1, 0xff, 0xe1, 0x66, 0x0, 0x78, 0x78, 0x3,
    0xff, 0xc2, 0x72, 0x1, 0xf5, 0x10, 0x7, 0xff,
    0x80, 0x74, 0x3, 0xe8, 0x40, 0xf, 0xff, 0xe,
    0x88, 0x7, 0x95, 0xc0, 0x3f, 0xfc, 0x32, 0x60,
    0x1e, 0x2a, 0x0, 0xff, 0xf0, 0xab, 0x0, 0x7d,
    0xe0, 0x1f, 0xfe, 0x13, 0xa0, 0xf, 0xac, 0x80,
    0x3f, 0xfc, 0x3, 0xc0, 0x1f, 0x42, 0x0, 0x7f,
    0xf8, 0x68, 0x80, 0x3c, 0x8e, 0x1, 0xff, 0xe1,
    0x84, 0x0, 0xf1, 0x58, 0x7, 0xff, 0x85, 0x5c,
    0x3, 0xef, 0x0, 0xff, 0xf0, 0x95, 0x0, 0x7d,
    0x44, 0x1, 0xff, 0xe0, 0x1f, 0x0, 0xf9, 0xd4,
    0x3, 0xff, 0xc3, 0x44, 0x1, 0xe4, 0x80, 0xf,
    0xff, 0xc, 0x20, 0x7, 0x8a, 0x80, 0x3f, 0xfc,
    0x2a, 0xe0, 0x1f, 0x78, 0x80, 0x7f, 0xf8, 0xa,
    0x80, 0x3e, 0xa2, 0x0, 0xff, 0xf0, 0xf8, 0x7,
    0xce, 0xa0, 0x1f, 0xfe, 0x1b, 0x20, 0xf, 0x24,
    0x0, 0x7f, 0xf8, 0x61, 0x0, 0x3c, 0x34, 0x1,
    0xff, 0xe1, 0x47, 0x0, 0xfb, 0x44, 0x3, 0xff,
    0xc0, 0x56, 0x1, 0xf5, 0x18, 0x7, 0xff, 0x87,
    0xc0, 0x3e, 0x65, 0x0, 0xff, 0xf0, 0xd9, 0x0,
    0x78, 0xe4, 0x3, 0xff, 0xc2, 0xe8, 0x1, 0xe1,
    0xd0, 0xf, 0xff, 0xa, 0x40, 0x7, 0xda, 0x20,
    0x1f, 0xfe, 0x2, 0xb0, 0xf, 0xa4, 0xc0, 0x3f,
    0xfc, 0x3e, 0x1, 0xf3, 0x30, 0x3, 0xff, 0xc3,
    0x44, 0x1, 0xe3, 0x90, 0xf, 0xff, 0xb, 0xa8,
    0x7, 0x87, 0x40, 0x3f, 0xfc, 0x29, 0x0, 0x1f,
    0x68, 0x80, 0x7f, 0xf8, 0xa, 0x80, 0x3e, 0x93,
    0x0, 0xff, 0xf0, 0xf8, 0x80, 0x79, 0x58, 0x3,
    0xff, 0xc3, 0x44, 0x1, 0xe3, 0xa0, 0xf, 0xff,
    0xb, 0xa8, 0x7, 0x87, 0x40, 0x3f, 0xfc, 0x29,
    0x0, 0x1f, 0x50, 0x80, 0x7f, 0xf8, 0xa, 0x80,
    0x3e, 0x84, 0x0, 0xff, 0xf0, 0xf0, 0x80, 0x79,
    0x5c, 0x3, 0xff, 0xc3, 0x46, 0x1, 0xe2, 0xa0,
    0xf, 0xff, 0xb, 0xa8, 0x7, 0x87, 0xc0, 0x3f,
    0xfc, 0x27, 0x0, 0x1f, 0x51, 0x0, 0x7f, 0xf8,
    0x7, 0x40, 0x3e, 0x84, 0x0, 0xff, 0xf0, 0xe8,
    0x80, 0x79, 0x5c, 0x3, 0xff, 0xc3, 0x26, 0x1,
    0xe2, 0xa0, 0xf, 0xff, 0xb, 0x30, 0x3, 0xe9,
    0x22, 0xff, 0xf0, 0x9, 0xc8, 0x7, 0xeb, 0xdd,
    0xff, 0xf0, 0x3c, 0x80, 0x7f, 0xfa, 0xc4, 0x3,
    0xff, 0xfe, 0x1, 0xff, 0xff, 0x0, 0xff, 0xfe,
    0x80,

    /* U+005B "[" */
    0x1f, 0xff, 0xfe, 0x2c, 0x0, 0x7f, 0xff, 0xc0,
    0x3f, 0xa, 0xaf, 0xfb, 0x40, 0x3e, 0x2a, 0xaf,
    0xf2, 0x80, 0x7f, 0xff, 0xc0, 0x3f, 0xff, 0xe0,
    0x1f, 0xff, 0xf0, 0xf, 0xff, 0xf8, 0x7, 0xff,
    0xfc, 0x3, 0xff, 0xfe, 0x1, 0xff, 0xff, 0x0,
    0xff, 0xff, 0x80, 0x7f, 0xff, 0xc0, 0x3f, 0xff,
    0xe0, 0x1f, 0xff, 0xf0, 0xf, 0xff, 0xf8, 0x7,
    0xff, 0xfc, 0x3, 0xff, 0xfe, 0x1, 0xff, 0xff,
    0x0, 0xff, 0xff, 0x80, 0x7f, 0xff, 0xc0, 0x3f,
    0xff, 0xe0, 0x1f, 0xff, 0xf0, 0xf, 0xff, 0x9,
    0x5d, 0xff, 0x94, 0x3, 0xe1, 0x44, 0xff, 0x68,
    0x7, 0xff, 0xfc, 0x0,

    /* U+005C "\\" */
    0x28, 0x8e, 0x70, 0xf, 0xfe, 0xa1, 0x3b, 0xf4,
    0x18, 0x7, 0xff, 0x51, 0x40, 0x3a, 0x80, 0x3f,
    0xfa, 0x9e, 0x1, 0xce, 0x1, 0xff, 0xd4, 0x51,
    0x0, 0xc2, 0x80, 0x1f, 0xfd, 0x47, 0x0, 0xed,
    0x0, 0xff, 0xea, 0x68, 0x7, 0x30, 0x7, 0xff,
    0x51, 0x4, 0x3, 0x94, 0x3, 0xff, 0xa8, 0xe0,
    0x1d, 0xe0, 0x1f, 0xfd, 0x4a, 0x0, 0xe5, 0x0,
    0xff, 0xea, 0x19, 0x0, 0x73, 0x0, 0x7f, 0xf5,
    0x14, 0x3, 0xb4, 0x3, 0xff, 0xa9, 0x40, 0x1c,
    0x82, 0x1, 0xff, 0xd3, 0x22, 0x0, 0x73, 0x80,
    0x7f, 0xf5, 0x28, 0x3, 0xa8, 0x3, 0xff, 0xa8,
    0xc0, 0x1c, 0x64, 0x1, 0xff, 0xd3, 0x13, 0x0,
    0xe5, 0x0, 0xff, 0xea, 0x50, 0x7, 0x50, 0x7,
    0xff, 0x51, 0xc0, 0x38, 0x88, 0x1, 0xff, 0xd3,
    0x14, 0x0, 0xea, 0x0, 0xff, 0xea, 0x70, 0x7,
    0x28, 0x7, 0xff, 0x51, 0x40, 0x38, 0x8c, 0x3,
    0xff, 0xa8, 0xa0, 0x1d, 0x40, 0x1f, 0xfd, 0x4f,
    0x0, 0xe7, 0x0, 0xff, 0xea, 0x28, 0x80, 0x61,
    0x40, 0xf, 0xfe, 0xa3, 0x80, 0x77, 0x0, 0x7f,
    0xf5, 0x34, 0x3, 0x94, 0x3, 0xff, 0xa8, 0x82,
    0x1, 0xca, 0x1, 0xff, 0xd4, 0x70, 0xe, 0xf0,
    0xf, 0xfe, 0xa5, 0x0, 0x72, 0x80, 0x7f, 0xf5,
    0xc, 0x80, 0x39, 0x80, 0x3f, 0xfa, 0x8a, 0x1,
    0xda, 0x1, 0xff, 0xd4, 0xa0, 0xe, 0x41, 0x0,
    0xff, 0xe9, 0x91, 0x0, 0x39, 0xc0, 0x3f, 0xfa,
    0x94, 0x1, 0xd4, 0x1, 0xff, 0xd4, 0x60, 0xe,
    0x32, 0x0, 0xff, 0xe9, 0x89, 0x80, 0x72, 0x80,
    0x7f, 0xf5, 0x28, 0x3, 0xa8, 0x3, 0xff, 0xa8,
    0xe0, 0x1c, 0x44, 0x0, 0xff, 0xe9, 0x8a, 0x0,
    0x75, 0x0, 0x7f, 0xf5, 0x38, 0x3, 0x94, 0x3,
    0xff, 0xa8, 0xa0, 0x1c, 0x46, 0x1, 0xff, 0xd4,
    0x50, 0xe, 0xa0, 0xf, 0xfe, 0xa7, 0x80, 0x73,
    0x80, 0x7f, 0xf5, 0x14, 0x40, 0x30, 0xa0, 0x7,
    0xff, 0x51, 0xc0, 0x3b, 0x80, 0x3f, 0xfa, 0x9a,
    0x1, 0xca, 0x1, 0xff, 0xd4, 0x41, 0x0, 0xe5,
    0x0, 0xff, 0xea, 0x38, 0x7, 0x78, 0x7, 0xff,
    0x52, 0x80, 0x39, 0x40, 0x3f, 0xfa, 0x86, 0x40,
    0x1c, 0xc0, 0x1f, 0xfd, 0x45, 0x0, 0xed, 0x0,
    0xff, 0xea, 0x50, 0x7, 0x20, 0x80, 0x7f, 0xf4,
    0xc8, 0x80, 0x1c, 0xe0, 0x1f, 0xfd, 0x4a, 0x0,
    0xea, 0x0, 0xff, 0xea, 0x30, 0x7, 0x19, 0x0,
    0x7f, 0xf4, 0xc4, 0xc0, 0x39, 0x40, 0x3f, 0xfa,
    0x94, 0x1, 0xd4, 0x1, 0xff, 0xd4, 0x70, 0xe,
    0x22, 0x0, 0x7f, 0xf4, 0xc5, 0x0, 0x3a, 0x80,
    0x3f, 0xfa, 0x9c, 0x1, 0xcc, 0x1, 0xff, 0xd4,
    0x50, 0xe, 0x13, 0x0, 0xff, 0xea, 0x28, 0x7,
    0x50, 0x7, 0xff, 0x53, 0xc0, 0x39, 0xc0, 0x3f,
    0xfa, 0x8a, 0x20, 0x18, 0x50, 0x3, 0xff, 0xa8,
    0xe0, 0x1d, 0xc0, 0x1f, 0xfd, 0x4d, 0x0, 0xe5,
    0x0, 0xff, 0xea, 0x20, 0x80, 0x72, 0x80, 0x7f,
    0xf5, 0x1c, 0x3, 0xbc, 0x3, 0xff, 0xa9, 0x40,
    0x1c, 0xa0, 0x1f, 0xfd, 0x43, 0x20, 0xe, 0x60,
    0xf, 0xfe, 0xa2, 0x80, 0x76, 0x80, 0x7f, 0xf5,
    0x28, 0x3, 0x90, 0x40, 0x3f, 0xfa, 0x64, 0x40,
    0xe, 0x70, 0xf, 0xfe, 0xa5, 0x0, 0x75, 0x0,
    0x7f, 0xf5, 0x18, 0x3, 0x8c, 0x80, 0x3f, 0xfa,
    0x62, 0x60, 0x1c, 0xa0, 0x1f, 0xfd, 0x4a, 0x0,
    0xea, 0x0, 0xff, 0xea, 0x38, 0x7, 0x11, 0x0,
    0x3f, 0xfa, 0x62, 0x80, 0x1d, 0x40, 0x1f, 0xfd,
    0x4e, 0x0, 0xe6, 0x0, 0xff, 0xea, 0x28, 0x7,
    0x9, 0x80, 0x7f, 0xf5, 0x14, 0x3, 0xa8, 0x3,
    0xff, 0xa9, 0xe0, 0x1c, 0xe0, 0x1f, 0xfd, 0x45,
    0x10, 0xc, 0x28, 0x1, 0xff, 0xd4, 0x70, 0xe,
    0xe0, 0xf, 0xfe, 0xa6, 0x80, 0x72, 0x80, 0x7f,
    0xf5, 0x10, 0x40, 0x39, 0x40, 0x3f, 0xfa, 0x8e,
    0x1, 0xde, 0x1, 0xff, 0xd4, 0xa0, 0xe, 0x51,
    0x0, 0xff, 0xe9, 0x99, 0x0, 0x73, 0x80,

    /* U+005D "]" */
    0xff, 0xff, 0xe2, 0xc8, 0x7, 0xff, 0xf1, 0x57,
    0xfc, 0x80, 0x1f, 0x55, 0x7f, 0xa0, 0x3, 0xff,
    0xfe, 0x1, 0xff, 0xff, 0x0, 0xff, 0xff, 0x80,
    0x7f, 0xff, 0xc0, 0x3f, 0xff, 0xe0, 0x1f, 0xff,
    0xf0, 0xf, 0xff, 0xf8, 0x7, 0xff, 0xfc, 0x3,
    0xff, 0xfe, 0x1, 0xff, 0xff, 0x0, 0xff, 0xff,
    0x80, 0x7f, 0xff, 0xc0, 0x3f, 0xff, 0xe0, 0x1f,
    0xff, 0xf0, 0xf, 0xff, 0xf8, 0x7, 0xff, 0xfc,
    0x3, 0xff, 0xfe, 0x1, 0xff, 0xff, 0x0, 0xff,
    0xef, 0xd5, 0xdf, 0xf7, 0x80, 0x7c, 0xa8, 0x9f,
    0xc6, 0x1, 0xff, 0xff, 0x0, 0xc0,

    /* U+005E "^" */
    0x0, 0xff, 0xe2, 0xbf, 0xff, 0x68, 0x7, 0xff,
    0x5a, 0x80, 0x38, 0x8c, 0x3, 0xff, 0xa8, 0x84,
    0x1, 0xe9, 0x0, 0xff, 0xea, 0x78, 0x7, 0xca,
    0x20, 0x1f, 0xfd, 0x22, 0x40, 0xf, 0xd2, 0x1,
    0xff, 0xd2, 0xa0, 0xf, 0xe6, 0x0, 0xff, 0xe9,
    0x30, 0x6, 0x70, 0xc, 0x2a, 0x1, 0xff, 0xd0,
    0x61, 0x0, 0xd0, 0x80, 0x1a, 0x40, 0x3f, 0xfa,
    0x14, 0x1, 0x98, 0x3c, 0x3, 0x19, 0x0, 0x7f,
    0xf3, 0x8c, 0xc0, 0x1a, 0xc1, 0x8, 0x3, 0x58,
    0x7, 0xff, 0x3a, 0x40, 0x32, 0x10, 0x2, 0x80,
    0x33, 0x0, 0x7f, 0xf3, 0x45, 0x40, 0x37, 0x0,
    0x4c, 0x1, 0xcc, 0x1, 0xff, 0xcc, 0x60, 0xc,
    0x2a, 0x1, 0xa, 0x80, 0x6b, 0x0, 0xff, 0xe6,
    0x48, 0x6, 0x60, 0xe, 0x90, 0xc, 0x48, 0x1,
    0xff, 0xca, 0x51, 0x0, 0xd2, 0x1, 0xc6, 0x40,
    0x1b, 0x80, 0x3f, 0xf9, 0x5c, 0x1, 0x90, 0x40,
    0x3d, 0x60, 0x19, 0x44, 0x3, 0xff, 0x90, 0x48,
    0x1, 0xbc, 0x3, 0xe6, 0x0, 0xe9, 0x0, 0xff,
    0xe4, 0x58, 0x6, 0x24, 0x0, 0xfc, 0xc0, 0x19,
    0x80, 0x3f, 0xf9, 0xc, 0x1, 0xa8, 0x3, 0xfa,
    0xc0, 0x30, 0xa8, 0x7, 0xff, 0x19, 0x80, 0x39,
    0x80, 0x3f, 0x88, 0xc0, 0x34, 0x80, 0x7f, 0xf1,
    0xac, 0x3, 0x28, 0x80, 0x7f, 0xa4, 0x3, 0x19,
    0x0, 0x7f, 0xf1, 0x10, 0x80, 0x34, 0x80, 0x7f,
    0xca, 0x20, 0x1a, 0xc0, 0x3f, 0xf8, 0x9c, 0x1,
    0x88, 0xc0, 0x3f, 0xf8, 0xc, 0x1, 0x98, 0x3,
    0xff, 0x86, 0x2a, 0x1, 0xac, 0x3, 0xff, 0x83,
    0x40, 0x1c, 0xc0, 0x1f, 0xfc, 0x29, 0x0, 0xe6,
    0x0, 0xff, 0xe0, 0x92, 0x0, 0x6b, 0x0, 0xff,
    0xe1, 0x30, 0x6, 0x60, 0xf, 0xfe, 0x1f, 0x80,
    0x62, 0x40, 0xf, 0xfe, 0x2, 0x88, 0x6, 0xb0,
    0xf, 0xfe, 0x1a, 0x8, 0x6, 0xf0, 0xf, 0xfe,
    0x4, 0x80, 0x63, 0x20, 0xf, 0xfe, 0x24, 0x80,
    0x64, 0x10, 0xf, 0xf1, 0x98, 0x3, 0x48, 0x7,
    0xff, 0x15, 0x80, 0x3a, 0x40, 0x3f, 0xd2, 0x1,
    0x85, 0x40, 0x3f, 0xf8, 0xa2, 0xa0, 0x19, 0x80,
    0x3f, 0x85, 0x40, 0x33, 0x0, 0x7f, 0xf1, 0xe4,
    0x3, 0xa, 0x80, 0x7e, 0x60, 0xe, 0xa0, 0xf,
    0xfe, 0x39, 0x90, 0x6, 0x90, 0xf, 0xd4, 0x1,
    0x90, 0x80, 0x3f, 0xf9, 0x16, 0x1, 0x8c, 0xc0,
    0x1e, 0x42, 0x0, 0xde, 0x1, 0xff, 0xc9, 0x60,
    0xe, 0xa0, 0xf, 0x78, 0x6, 0x24, 0x0, 0xff,
    0xe5, 0x30, 0x6, 0x61, 0x0, 0xc4, 0x80, 0x1a,
    0x80, 0x3f, 0xf9, 0x74, 0x1, 0xcc, 0x1, 0xac,
    0x3, 0x98, 0x3, 0xff, 0x96, 0x66, 0x0, 0xd4,
    0x1, 0x98, 0x3, 0x28, 0x80, 0x7f, 0xf3, 0x24,
    0x3, 0x12, 0x0, 0x18, 0x3, 0xa4, 0x3, 0xff,
    0x9a, 0xa2, 0x1, 0xbc, 0x1, 0x60, 0x18, 0x8c,
    0x3, 0xff, 0x9c, 0xc0, 0x19, 0x8,

    /* U+005F "_" */
    0xaa, 0xff, 0xf2, 0x2a, 0xff, 0xf9, 0x0, 0x3f,
    0xff, 0xe0, 0x1f, 0xff, 0x90,

    /* U+0060 "`" */
    0x9, 0xff, 0xfc, 0xe0, 0x1f, 0xfc, 0x29, 0xa0,
    0xf, 0xa2, 0x0, 0x1f, 0xfc, 0x25, 0xd2, 0x0,
    0xf3, 0xc8, 0x7, 0xff, 0x8, 0xb5, 0x40, 0x3c,
    0xd6, 0x1, 0xff, 0xc3, 0xa9, 0x0, 0xf2, 0x60,
    0x7, 0xff, 0xd, 0xb0, 0x40, 0x38, 0xf4, 0x40,
    0x3f, 0xf8, 0x47, 0xe8, 0x1, 0xc5, 0x84, 0x1,
    0xff, 0xc2, 0x1b, 0x70, 0xe, 0x2c, 0x30, 0xf,
    0xfe, 0x1c, 0x58, 0x80, 0x61, 0xc4, 0x0, 0xff,
    0xe1, 0xa6, 0x18, 0x7, 0x5a, 0x80, 0x7f, 0xf0,
    0xcb, 0x18, 0x3, 0xa9, 0x80, 0x3f, 0xf8, 0x93,
    0x40, 0x1d, 0x2e, 0x0,

    /* U+0061 "a" */
    0x0, 0xff, 0xe1, 0x13, 0x4d, 0x67, 0x73, 0xfe,
    0xed, 0xb8, 0x62, 0x0, 0xff, 0xe5, 0x8b, 0x5f,
    0xec, 0xb2, 0x98, 0x88, 0x2, 0x12, 0x47, 0x9d,
    0xd4, 0x10, 0x7, 0xff, 0x19, 0x6f, 0xa5, 0x0,
    0x3f, 0xf8, 0xa4, 0xfb, 0x44, 0x1, 0xff, 0xc2,
    0x6d, 0xa4, 0x0, 0xff, 0xe5, 0xae, 0xb8, 0x7,
    0xfc, 0x9b, 0x24, 0x1, 0xff, 0xcf, 0x8b, 0x0,
    0xfe, 0x9b, 0x20, 0xf, 0xfe, 0x92, 0x60, 0x7,
    0x87, 0x58, 0x3, 0xfc, 0x4b, 0x37, 0xbf, 0xfb,
    0xb6, 0x9c, 0xc0, 0x3f, 0x8e, 0xc0, 0x38, 0x4c,
    0x3, 0xf1, 0x46, 0xea, 0x99, 0x8, 0x3, 0x9,
    0x2c, 0x66, 0xb0, 0x7, 0xe4, 0x70, 0xe, 0xb0,
    0xf, 0x26, 0x6b, 0x90, 0x7, 0xff, 0x8, 0xa7,
    0x4c, 0x3, 0xe8, 0x10, 0xc, 0xa8, 0x1, 0x1e,
    0x59, 0x80, 0x7f, 0xf1, 0xcb, 0x14, 0x3, 0xe8,
    0x0, 0xea, 0x0, 0x4e, 0x18, 0x7, 0xff, 0x2e,
    0x8c, 0x3, 0xcc, 0x20, 0x18, 0x6b, 0x58, 0x3,
    0xff, 0x9d, 0xa0, 0x1f, 0x38, 0x7, 0x29, 0x0,
    0x7f, 0xf3, 0xc5, 0x80, 0x3d, 0xa0, 0x1f, 0xfd,
    0x78, 0x0, 0xf2, 0x0, 0x7f, 0xf5, 0xc4, 0x80,
    0x3c, 0x40, 0x1f, 0xfd, 0x75, 0x0, 0xf3, 0x80,
    0x7f, 0xf5, 0xf8, 0x3, 0xc4, 0x1, 0xff, 0xd7,
    0x30, 0xf, 0x78, 0x7, 0xff, 0x5d, 0x80, 0x3c,
    0x20, 0x1f, 0xff, 0xf0, 0xf, 0xfe, 0x90, 0x8f,
    0xff, 0x11, 0xc0, 0x3f, 0xf8, 0xc4, 0xd3, 0x7b,
    0xff, 0x77, 0x7f, 0xf1, 0x2c, 0x3, 0xff, 0x86,
    0x73, 0xdb, 0x2c, 0x84, 0x1, 0xff, 0xd5, 0x2b,
    0xc6, 0x10, 0xf, 0xfe, 0xcb, 0xea, 0x0, 0x7f,
    0xf6, 0xea, 0x0, 0x3f, 0xfb, 0x94, 0xa0, 0x1f,
    0x91, 0xeb, 0x7b, 0xff, 0xff, 0x8b, 0x80, 0x1f,
    0xcc, 0xa0, 0x1f, 0x47, 0x5c, 0x29, 0x8, 0x7,
    0xff, 0x38, 0x64, 0x3, 0xc5, 0xae, 0x20, 0x1f,
    0xfd, 0x39, 0x0, 0xf0, 0xf9, 0x0, 0x7f, 0xf5,
    0x58, 0x3, 0xd4, 0x40, 0x1f, 0xfd, 0x53, 0x10,
    0xe, 0x34, 0x0, 0xff, 0xeb, 0x20, 0x7, 0xa8,
    0x3, 0xff, 0xaf, 0xc0, 0x1e, 0x40, 0xf, 0xfe,
    0xb9, 0x80, 0x78, 0x80, 0x3f, 0xf9, 0xec, 0x1,
    0xf0, 0x80, 0x7f, 0xf5, 0xa4, 0x3, 0xe1, 0x0,
    0xf1, 0x0, 0x7f, 0xf3, 0x90, 0xc0, 0x3e, 0x20,
    0xf, 0x38, 0x7, 0xff, 0x3a, 0x40, 0x3f, 0x68,
    0x7, 0xbc, 0x3, 0xff, 0x9b, 0x24, 0x1, 0xf9,
    0x0, 0x3c, 0xa6, 0x1, 0xff, 0xcb, 0x76, 0x0,
    0xfe, 0x13, 0x0, 0xf7, 0x0, 0x7f, 0xf2, 0x9e,
    0x0, 0x3f, 0xe9, 0x0, 0xf1, 0x60, 0x7, 0xff,
    0x1c, 0x6e, 0x0, 0x3f, 0xf8, 0xa, 0x60, 0x1e,
    0x3d, 0x40, 0xf, 0xfe, 0x23, 0x7a, 0x0, 0x68,
    0x10, 0xf, 0xdc, 0x1, 0xf1, 0x5e, 0x28, 0x7,
    0xfc, 0x51, 0xd2, 0x20, 0x19, 0x1c, 0x3, 0xf8,
    0xac, 0x3, 0xf1, 0xd7, 0xed, 0x43, 0xb3, 0x1e,
    0x6f, 0xb5, 0xc4, 0x3, 0x8e, 0xc0, 0x3f, 0xe4,
    0xb0, 0xf, 0xf1, 0x2b, 0xc4, 0xca, 0x19, 0x4,
    0x3, 0xe5, 0xc0, 0xf, 0xfe, 0xa, 0x69, 0x0,
    0x7f, 0xf3, 0x26, 0x80, 0x3f, 0xf8, 0x65, 0xb0,
    0x20, 0x1f, 0xfc, 0x85, 0xe6, 0x0, 0xff, 0xe3,
    0x3f, 0x49, 0x80, 0x7f, 0xf0, 0xc5, 0xfa, 0x84,
    0x3, 0xff, 0x92, 0xd9, 0xd4, 0xe8, 0x42, 0x1,
    0x9, 0x23, 0x4e, 0xf4, 0x8, 0x7, 0xff, 0x8,

    /* U+0062 "b" */
    0x8f, 0xff, 0x28, 0x7, 0xff, 0xfc, 0x3, 0xff,
    0xfe, 0x1, 0xff, 0xff, 0x0, 0xff, 0xff, 0x80,
    0x7f, 0xff, 0xc0, 0x3f, 0xff, 0xe0, 0x1f, 0xff,
    0xf0, 0xf, 0xff, 0xf8, 0x7, 0xff, 0xfc, 0x3,
    0xff, 0xfe, 0x1, 0xff, 0xff, 0x0, 0xff, 0xff,
    0x80, 0x7f, 0xff, 0xc0, 0x3f, 0xff, 0xe0, 0x4,
    0x7a, 0xde, 0xff, 0xbb, 0x6e, 0x14, 0x80, 0x3f,
    0xfa, 0xeb, 0x7f, 0x70, 0xa4, 0x20, 0x10, 0x92,
    0x3d, 0x6e, 0xa0, 0x80, 0x3f, 0xfa, 0x4f, 0xd4,
    0x80, 0x1f, 0xfc, 0x32, 0x7d, 0xb3, 0x0, 0xff,
    0xe7, 0x26, 0xc0, 0x80, 0x7f, 0xf2, 0x13, 0x2c,
    0x80, 0x3f, 0xf9, 0x73, 0x64, 0x1, 0xff, 0xcc,
    0x4d, 0x70, 0xf, 0xfe, 0x40, 0xe3, 0x0, 0x7f,
    0xf4, 0x22, 0xc0, 0x3f, 0xf8, 0xc3, 0xa6, 0x1,
    0xf9, 0x22, 0xf7, 0xbf, 0xee, 0xb8, 0x40, 0xf,
    0xf2, 0x68, 0x80, 0x7f, 0xf1, 0x34, 0xc0, 0x3c,
    0x33, 0xd6, 0xe8, 0x42, 0x1, 0xa, 0x3d, 0xf4,
    0x90, 0x7, 0xe2, 0xc1, 0x0, 0xff, 0xe1, 0x49,
    0x80, 0x70, 0xcf, 0x30, 0x80, 0x7f, 0xf0, 0x5,
    0xb6, 0x44, 0x3, 0xe2, 0xd0, 0xf, 0xfe, 0xf,
    0xb0, 0x7, 0x27, 0xb0, 0x7, 0xff, 0x19, 0xbd,
    0x0, 0x3e, 0x3a, 0x0, 0xff, 0xe0, 0x28, 0x7,
    0x35, 0x88, 0x7, 0xff, 0x20, 0x6d, 0xc0, 0x3e,
    0x55, 0x0, 0x7f, 0xf1, 0x22, 0x40, 0x3f, 0xf9,
    0x91, 0x0, 0xf, 0xac, 0x40, 0x3f, 0xf8, 0x4c,
    0xe0, 0x1f, 0xfc, 0xe7, 0x60, 0xf, 0xc, 0x0,
    0x7f, 0xf0, 0x4e, 0x40, 0x3f, 0xfa, 0x12, 0x60,
    0x1e, 0x61, 0x0, 0xff, 0xe0, 0x78, 0x7, 0xff,
    0x4b, 0x80, 0x3e, 0x90, 0xf, 0xf9, 0x8c, 0x3,
    0xff, 0xa4, 0x4e, 0x1, 0xe7, 0x0, 0xff, 0xa0,
    0x3, 0xff, 0xa9, 0x20, 0x1f, 0x20, 0x7, 0xf2,
    0x88, 0x7, 0xff, 0x50, 0x58, 0x3, 0xda, 0x1,
    0xfd, 0xc0, 0x1f, 0xfd, 0x6a, 0x0, 0xf3, 0x80,
    0x7f, 0x20, 0x7, 0xff, 0x58, 0xc4, 0x3, 0x84,
    0x40, 0x1f, 0x20, 0x7, 0xff, 0x61, 0x0, 0x3c,
    0x40, 0x1f, 0x10, 0x7, 0xff, 0x60, 0x80, 0x3c,
    0xa0, 0x1f, 0x78, 0x7, 0xff, 0x63, 0x40, 0x3d,
    0xc0, 0x1f, 0x18, 0x7, 0xff, 0x60, 0x40, 0x3f,
    0xf8, 0x42, 0x1, 0xff, 0xd8, 0x70, 0xf, 0x8,
    0x7, 0xce, 0x1, 0xff, 0xd8, 0x10, 0xf, 0x18,
    0x7, 0xce, 0x1, 0xff, 0xd8, 0x10, 0xf, 0x18,
    0x7, 0xc2, 0x1, 0xff, 0xd8, 0x70, 0xf, 0x8,
    0x7, 0xc6, 0x1, 0xff, 0xd8, 0x10, 0xf, 0xfe,
    0x17, 0x80, 0x7f, 0xf6, 0x34, 0x3, 0xdc, 0x1,
    0xf2, 0x80, 0x7f, 0xf6, 0xc, 0x3, 0xca, 0x1,
    0xf1, 0x80, 0x7f, 0xf6, 0x14, 0x3, 0xc6, 0x1,
    0xf9, 0x40, 0x3f, 0xfa, 0xc8, 0x20, 0x1c, 0x40,
    0x1f, 0xde, 0x1, 0xff, 0xd6, 0xd0, 0xf, 0x20,
    0x7, 0xf2, 0x90, 0x7, 0xff, 0x50, 0x58, 0x3,
    0xda, 0x1, 0xfe, 0xb0, 0xf, 0xfe, 0xa4, 0x0,
    0x78, 0x50, 0x3, 0xfc, 0xc6, 0x1, 0xff, 0xd2,
    0x36, 0x0, 0xf3, 0x0, 0x7f, 0xf0, 0x38, 0x3,
    0xff, 0xa5, 0xc0, 0x1f, 0x48, 0x7, 0xff, 0x0,
    0xa8, 0x3, 0xff, 0xa1, 0x44, 0x1, 0xe7, 0x10,
    0xf, 0xfe, 0xa, 0xc0, 0x7, 0xff, 0x3a, 0x14,
    0x3, 0xc3, 0x0, 0x1f, 0xfc, 0x37, 0x90, 0xf,
    0xfe, 0x64, 0xb8, 0x7, 0xd4, 0x1, 0xff, 0x48,
    0x7, 0x35, 0x88, 0x7, 0xff, 0x20, 0x6d, 0x80,
    0x3e, 0x64, 0x0, 0xff, 0x99, 0x40, 0x39, 0x39,
    0xc0, 0x3f, 0xf8, 0xcd, 0xc8, 0x1, 0xf2, 0x48,
    0x7, 0xff, 0x6, 0x8c, 0x3, 0xd1, 0xce, 0x40,
    0x1f, 0xfc, 0x1, 0x7e, 0x90, 0xf, 0xc5, 0x60,
    0x1f, 0xfc, 0x3d, 0x20, 0xf, 0xc, 0x6e, 0x4b,
    0x19, 0x8, 0x88, 0xd6, 0x33, 0xa0, 0x40, 0x3f,
    0x1e, 0x0, 0x7f, 0xf1, 0x7, 0xc, 0x3, 0xf1,
    0xb4, 0xe6, 0xf7, 0x37, 0x29, 0xcc, 0x3, 0xfc,
    0xb8, 0x20, 0x1f, 0xfc, 0x51, 0xc6, 0x0, 0xff,
    0xe8, 0x4d, 0x0, 0x7f, 0xf2, 0x66, 0xc8, 0x3,
    0xff, 0x98, 0x9c, 0xc0, 0x1f, 0xfc, 0xb4, 0xd8,
    0x10, 0xf, 0xfe, 0x42, 0x65, 0x88, 0x7, 0xff,
    0x39, 0xfa, 0x90, 0x3, 0xff, 0x86, 0x4f, 0xb6,
    0x60, 0x1f, 0xfd, 0x25, 0xbf, 0xb8, 0x52, 0x10,
    0x8, 0x49, 0x1e, 0xb7, 0x50, 0x40, 0x1f, 0xfc,
    0x30,

    /* U+0063 "c" */
    0x0, 0xff, 0xe3, 0x9b, 0x4d, 0xef, 0x7f, 0xdd,
    0xb7, 0xa, 0x20, 0x1f, 0xfd, 0x15, 0xae, 0xc9,
    0x64, 0x21, 0x0, 0x84, 0x91, 0xeb, 0xb6, 0x8,
    0x3, 0xff, 0x98, 0xfd, 0x4a, 0x20, 0x1f, 0xfc,
    0x32, 0x7d, 0xb4, 0x0, 0xff, 0xe4, 0x3f, 0x40,
    0x80, 0x7f, 0xf2, 0x52, 0xe8, 0x80, 0x3f, 0xf8,
    0x85, 0x90, 0x20, 0x1f, 0xfc, 0xd5, 0xd5, 0x0,
    0xff, 0xe1, 0x2e, 0x98, 0x7, 0xff, 0x46, 0xa0,
    0x3, 0xff, 0x81, 0x14, 0x1, 0xfe, 0x37, 0xad,
    0xef, 0xfb, 0xb2, 0x54, 0x40, 0x3f, 0x9e, 0x0,
    0x3f, 0xd2, 0xe0, 0x1f, 0x86, 0x3b, 0x21, 0x48,
    0x40, 0x21, 0x36, 0xae, 0xb4, 0x0, 0xfc, 0xee,
    0x0, 0xfc, 0xec, 0x1, 0xfa, 0x39, 0xc4, 0x3,
    0xff, 0x82, 0x97, 0x86, 0x1, 0xf4, 0x18, 0x7,
    0x96, 0x0, 0x3e, 0x3d, 0x70, 0xf, 0xfe, 0x31,
    0xe3, 0x80, 0x7d, 0xc0, 0x1c, 0x36, 0x1, 0xf2,
    0xe1, 0x0, 0x7f, 0xf2, 0x62, 0x80, 0x3d, 0x60,
    0x1d, 0x42, 0x1, 0xe6, 0xa0, 0xf, 0xfe, 0x62,
    0xd0, 0x4, 0x7a, 0xc0, 0x19, 0x50, 0x3, 0xc9,
    0x20, 0x1f, 0xfc, 0xe5, 0x70, 0x8c, 0x20, 0xe,
    0x80, 0xf, 0xd, 0x80, 0x7f, 0xf4, 0x23, 0x5c,
    0x3, 0xca, 0x40, 0x1e, 0xa0, 0xf, 0xfe, 0x91,
    0x0, 0x7d, 0x20, 0x1e, 0x54, 0x0, 0xff, 0xec,
    0x89, 0x80, 0x7a, 0x0, 0x3f, 0xfb, 0x4e, 0x1,
    0xe4, 0x20, 0xf, 0xfe, 0xd6, 0x80, 0x7b, 0x40,
    0x3f, 0xfb, 0x6a, 0x1, 0xe7, 0x0, 0xff, 0xed,
    0x10, 0x80, 0x71, 0x8, 0x7, 0xff, 0x69, 0x80,
    0x3c, 0xe0, 0x1f, 0xfd, 0xb2, 0x0, 0xf1, 0x0,
    0x7f, 0xf6, 0xc4, 0x3, 0xdc, 0x1, 0xff, 0xdb,
    0xf0, 0xf, 0xff, 0x10, 0x80, 0x78, 0xc0, 0x3f,
    0xfb, 0x62, 0x1, 0xe3, 0x0, 0xff, 0xed, 0xf8,
    0x7, 0xff, 0x88, 0x40, 0x3d, 0xc0, 0x1f, 0xfd,
    0xb2, 0x0, 0xf1, 0x80, 0x7f, 0xf6, 0xd4, 0x3,
    0xcc, 0x1, 0xff, 0xdb, 0x11, 0x0, 0x71, 0x8,
    0x7, 0xff, 0x6d, 0x40, 0x3c, 0xe0, 0x1f, 0xfd,
    0xbd, 0x0, 0xf5, 0x0, 0x7f, 0xf6, 0xdc, 0x3,
    0xc6, 0x60, 0xf, 0xfe, 0xd0, 0xa0, 0x7, 0xa0,
    0x3, 0xff, 0xb7, 0xe0, 0x1e, 0x45, 0x0, 0xff,
    0xed, 0x21, 0x80, 0x7a, 0xc4, 0x3, 0xff, 0xa2,
    0x40, 0x1f, 0xa0, 0x3, 0xc3, 0xa0, 0x1f, 0xfd,
    0x8, 0xd7, 0x0, 0xf9, 0x14, 0x3, 0xc7, 0x40,
    0x1f, 0xfc, 0xe5, 0x70, 0x8c, 0x20, 0xf, 0x58,
    0x80, 0x79, 0x6c, 0x3, 0xff, 0x98, 0xb4, 0x1,
    0x1e, 0xb0, 0x7, 0xd, 0x0, 0x7c, 0x9a, 0x60,
    0x1f, 0xfc, 0x98, 0xa0, 0xf, 0x58, 0x7, 0x92,
    0x40, 0x3e, 0x2c, 0x81, 0x0, 0xff, 0xe2, 0xa6,
    0x38, 0x7, 0xdc, 0x1, 0xf3, 0x38, 0x7, 0xe7,
    0xe9, 0x30, 0xf, 0xfe, 0xa, 0xdd, 0x8c, 0x3,
    0xe9, 0x30, 0xf, 0xd1, 0x0, 0xf, 0xe6, 0xce,
    0x96, 0x42, 0x11, 0x89, 0x1e, 0xfe, 0x90, 0x3,
    0xf4, 0x30, 0x7, 0xf9, 0xe8, 0x3, 0xfc, 0x2d,
    0x37, 0xbd, 0xd6, 0xdc, 0x20, 0x7, 0xfa, 0x1c,
    0x3, 0xff, 0x80, 0xba, 0x80, 0x1f, 0xfd, 0x1,
    0xb7, 0x0, 0xff, 0xe1, 0x15, 0xc8, 0x80, 0x7f,
    0xf3, 0x57, 0xd0, 0x3, 0xff, 0x8a, 0xdd, 0x2,
    0x1, 0xff, 0xc9, 0x4c, 0xa1, 0x0, 0xff, 0xe4,
    0x3f, 0x5b, 0x8, 0x7, 0xff, 0xc, 0x9f, 0xac,
    0xc0, 0x3f, 0xf9, 0x89, 0x3d, 0x92, 0xc6, 0x42,
    0x1, 0x9, 0x23, 0xd7, 0x6c, 0x8, 0x7, 0xf8,

    /* U+0064 "d" */
    0x0, 0xff, 0xf0, 0x1f, 0xff, 0xa4, 0x3, 0xff,
    0xfe, 0x1, 0xff, 0xff, 0x0, 0xff, 0xff, 0x80,
    0x7f, 0xff, 0xc0, 0x3f, 0xff, 0xe0, 0x1f, 0xff,
    0xf0, 0xf, 0xff, 0xf8, 0x7, 0xff, 0xfc, 0x3,
    0xff, 0xfe, 0x1, 0xff, 0xff, 0x0, 0xff, 0xff,
    0x80, 0x7f, 0xff, 0xc0, 0x3f, 0xff, 0xe0, 0x1f,
    0xfd, 0x31, 0x58, 0xbd, 0xef, 0xfb, 0xb6, 0xa1,
    0x40, 0x3f, 0xfa, 0xe4, 0xf9, 0xd4, 0xe8, 0x42,
    0x1, 0x9, 0x2b, 0xd7, 0xdb, 0x0, 0x7f, 0xf4,
    0x8e, 0xb6, 0xc, 0x3, 0xff, 0x86, 0x93, 0xd0,
    0x1, 0xff, 0xce, 0x1a, 0xc5, 0x0, 0xff, 0xe4,
    0xb, 0xf3, 0x0, 0x7f, 0xf2, 0xd7, 0xd4, 0x3,
    0xff, 0x98, 0x33, 0x60, 0x1f, 0xfc, 0x99, 0xa1,
    0x0, 0xff, 0xe7, 0xa6, 0x90, 0x7, 0xff, 0x1a,
    0xd8, 0x3, 0xfc, 0x6f, 0x5b, 0xdf, 0xf7, 0x5c,
    0x20, 0x7, 0xe2, 0xc1, 0x0, 0xff, 0xe2, 0x62,
    0x0, 0x7e, 0x18, 0xec, 0x85, 0x21, 0x0, 0x85,
    0x1e, 0xfe, 0x48, 0x3, 0xc3, 0x82, 0x1, 0xff,
    0xc2, 0xa3, 0x0, 0xfd, 0x1c, 0xe2, 0x1, 0xff,
    0xc1, 0x6d, 0xa1, 0x0, 0xe2, 0xa0, 0xf, 0xfe,
    0xc, 0x28, 0x7, 0xc7, 0xae, 0x1, 0xff, 0xc6,
    0x5f, 0x50, 0xe, 0x49, 0x0, 0xff, 0x8d, 0xc0,
    0x3e, 0x5c, 0x20, 0xf, 0xfe, 0x40, 0xd4, 0x0,
    0x72, 0x80, 0x7f, 0xdc, 0x1, 0xf3, 0x50, 0x7,
    0xff, 0x31, 0xe4, 0x3, 0xff, 0x86, 0xe4, 0x1,
    0xe4, 0x90, 0xf, 0xfe, 0x73, 0x38, 0x7, 0xff,
    0xa, 0x40, 0x3c, 0x56, 0x1, 0xff, 0xd0, 0x84,
    0x0, 0xff, 0xe0, 0x38, 0x80, 0x7a, 0x40, 0x3f,
    0xfa, 0x52, 0x1, 0xff, 0xc0, 0xa0, 0xf, 0x2a,
    0x0, 0x7f, 0xf4, 0x8a, 0x0, 0x3f, 0xc4, 0x40,
    0xf, 0x48, 0x7, 0xff, 0x51, 0x80, 0x3f, 0xca,
    0x1, 0xe4, 0x30, 0xf, 0xfe, 0xa0, 0xb0, 0x7,
    0xf5, 0x80, 0x7b, 0x40, 0x3f, 0xfa, 0xd4, 0x1,
    0xfc, 0x60, 0x1e, 0x70, 0xf, 0xfe, 0xb1, 0x88,
    0x7, 0xc4, 0x1, 0xe2, 0x10, 0xf, 0xfe, 0xba,
    0x0, 0x7c, 0xe0, 0x1e, 0x70, 0xf, 0xfe, 0xc6,
    0x80, 0x7c, 0x60, 0x1e, 0x20, 0xf, 0xfe, 0xc1,
    0x0, 0x7c, 0x20, 0x1e, 0xe0, 0xf, 0xfe, 0xc0,
    0x80, 0x7d, 0xe0, 0x1f, 0xfd, 0xf7, 0x0, 0xf8,
    0x40, 0x3c, 0x60, 0x1f, 0xfd, 0x81, 0x0, 0xf8,
    0x40, 0x3c, 0x60, 0x1f, 0xfd, 0x81, 0x0, 0xfb,
    0xc0, 0x3c, 0x20, 0x1f, 0xfd, 0x87, 0x0, 0xf8,
    0x40, 0x3d, 0xe0, 0x1f, 0xfd, 0x81, 0x0, 0xf8,
    0x80, 0x3c, 0x60, 0x1f, 0xfd, 0x8d, 0x0, 0xf9,
    0x80, 0x3c, 0xc0, 0x1f, 0xfd, 0x82, 0x0, 0xf8,
    0x80, 0x3c, 0x42, 0x1, 0xff, 0xd7, 0x40, 0xf,
    0xc6, 0x1, 0xe7, 0x0, 0xff, 0xeb, 0x20, 0x80,
    0x7e, 0xb0, 0xf, 0x50, 0x7, 0xff, 0x5b, 0x40,
    0x3f, 0x94, 0x3, 0xc6, 0x60, 0xf, 0xfe, 0xa0,
    0xb0, 0x7, 0xf1, 0x10, 0x3, 0xd0, 0x1, 0xff,
    0xd4, 0x90, 0xf, 0xfa, 0xc0, 0x3c, 0x88, 0x0,
    0xff, 0xe9, 0x13, 0x80, 0x7f, 0xcc, 0x20, 0x1e,
    0xa0, 0xf, 0xfe, 0x97, 0x0, 0x7f, 0xf0, 0x60,
    0x3, 0xc3, 0x60, 0x1f, 0xfd, 0x9, 0x30, 0xf,
    0xfe, 0xb, 0x18, 0x7, 0x92, 0x40, 0x3f, 0xf9,
    0xcc, 0xc0, 0xf, 0xfe, 0x1f, 0x0, 0x7c, 0xd4,
    0x1, 0xff, 0xcc, 0x89, 0x0, 0xff, 0xe2, 0x14,
    0x0, 0x7c, 0xb8, 0x40, 0x1f, 0xfc, 0x81, 0xa7,
    0x0, 0xe8, 0x0, 0xff, 0xe0, 0x3b, 0x0, 0x7c,
    0x7a, 0xe0, 0x1f, 0xfc, 0x66, 0xf5, 0x0, 0xe4,
    0x70, 0xf, 0xfe, 0xc, 0xa0, 0x7, 0xe8, 0xe8,
    0x20, 0xf, 0xfe, 0x0, 0xbf, 0x48, 0x80, 0x71,
    0x50, 0x7, 0xff, 0xe, 0xd4, 0x3, 0xf0, 0xbe,
    0xea, 0x58, 0xc8, 0x44, 0x46, 0xb1, 0x9d, 0x2,
    0x1, 0xe1, 0xc1, 0x0, 0xff, 0xe2, 0x53, 0x80,
    0x7f, 0x89, 0xa7, 0x37, 0xb9, 0xb9, 0x4e, 0x60,
    0x1f, 0x8b, 0x4, 0x3, 0xff, 0x8d, 0x16, 0x20,
    0x1f, 0xfc, 0xf5, 0xd2, 0x0, 0xff, 0xe4, 0x27,
    0xb0, 0x7, 0xff, 0x30, 0x6a, 0x80, 0x1f, 0xfc,
    0xb1, 0x9d, 0x50, 0xf, 0xfe, 0x40, 0xbf, 0x28,
    0x7, 0xff, 0x38, 0xab, 0xa0, 0xc0, 0x3f, 0xf8,
    0x69, 0x3d, 0x0, 0x1f, 0xfd, 0x21, 0x7c, 0xea,
    0x74, 0x21, 0x0, 0x84, 0x95, 0xeb, 0xed, 0x80,
    0x3f, 0xf8, 0xa0,

    /* U+0065 "e" */
    0x0, 0xff, 0xe3, 0x1b, 0x4e, 0x6f, 0x7f, 0xbb,
    0x72, 0x5d, 0x0, 0x3f, 0xfa, 0xa7, 0x3d, 0x92,
    0xc6, 0x42, 0x0, 0x12, 0x36, 0x8b, 0xfa, 0x50,
    0xf, 0xfe, 0x82, 0x66, 0x18, 0x40, 0x3f, 0xf8,
    0x6b, 0x5a, 0xc0, 0x1f, 0xfc, 0xc2, 0xcb, 0x30,
    0xf, 0xfe, 0x41, 0x4f, 0x20, 0x7, 0xff, 0x25,
    0xf4, 0xc0, 0x3f, 0xf9, 0x83, 0x72, 0x1, 0xff,
    0xc7, 0xb8, 0x0, 0xff, 0xe0, 0x88, 0x80, 0x3f,
    0xf8, 0x2d, 0xa2, 0x1, 0xff, 0xc3, 0x1c, 0x40,
    0xf, 0xe5, 0x9c, 0xff, 0x77, 0x3f, 0xdb, 0x4c,
    0x20, 0x1f, 0x8b, 0xc8, 0x3, 0xff, 0x85, 0x86,
    0x1, 0xf1, 0x4f, 0xd3, 0x18, 0x7, 0x89, 0x67,
    0xa8, 0xc0, 0x3e, 0x1c, 0x20, 0xf, 0xfe, 0x5,
    0x90, 0x7, 0x86, 0x75, 0x80, 0x3f, 0xf8, 0x4b,
    0x94, 0x20, 0x1e, 0x1f, 0x0, 0xff, 0xa5, 0x0,
    0x3c, 0x7e, 0xc0, 0x1f, 0xfc, 0x65, 0xe5, 0x0,
    0xf1, 0x58, 0x7, 0xf2, 0x30, 0x7, 0x97, 0x4,
    0x3, 0xff, 0x93, 0x4e, 0x1, 0xe4, 0x50, 0xf,
    0xd2, 0x1, 0xe4, 0xa0, 0xf, 0xfe, 0x64, 0x38,
    0x7, 0xac, 0x40, 0x3c, 0xe4, 0x1, 0xc5, 0x60,
    0x1f, 0xfc, 0xe8, 0x50, 0xe, 0x19, 0x0, 0xf4,
    0x80, 0x7b, 0xc0, 0x3f, 0xfa, 0x14, 0x40, 0x1c,
    0xe2, 0x1, 0x98, 0x40, 0x39, 0xc8, 0x3, 0xff,
    0xa3, 0x20, 0x1e, 0x60, 0xd, 0x60, 0x1c, 0x30,
    0x1, 0xff, 0xd2, 0x44, 0x0, 0x74, 0x80, 0x44,
    0x40, 0xe, 0x70, 0xf, 0xfe, 0xa7, 0x0, 0x70,
    0x98, 0x1, 0x40, 0x3d, 0x60, 0x1f, 0xfd, 0x45,
    0x10, 0xe, 0x40, 0x5, 0x80, 0x70, 0x90, 0x7,
    0xff, 0x55, 0x0, 0x3a, 0xc0, 0x6, 0x1, 0xc8,
    0x1, 0xff, 0xd6, 0xf0, 0xe, 0x30, 0x20, 0xf,
    0x68, 0x7, 0xff, 0x59, 0x80, 0x3c, 0x4e, 0x1,
    0xe2, 0x0, 0xff, 0xeb, 0x18, 0x7, 0x98, 0xc0,
    0x3d, 0x1b, 0xbf, 0xfd, 0x70, 0xf, 0x10, 0x80,
    0x78, 0x8b, 0xff, 0xb0, 0x1, 0xe1, 0xf0, 0xf,
    0xff, 0x27, 0x88, 0x7, 0xff, 0x94, 0x40, 0x3f,
    0xfc, 0xbe, 0x1, 0xec, 0xff, 0xff, 0xee, 0xc0,
    0x80, 0x79, 0x80, 0x3f, 0xfb, 0xc4, 0x1, 0xe2,
    0x0, 0xff, 0xef, 0x28, 0x7, 0xb0, 0x3, 0xff,
    0xbc, 0x22, 0x0, 0xe4, 0x0, 0xff, 0xef, 0xa8,
    0x7, 0x90, 0x3, 0xff, 0xbd, 0xa0, 0x1e, 0xe0,
    0xf, 0xfe, 0xf3, 0x80, 0x79, 0x48, 0x3, 0xff,
    0xba, 0x28, 0x1, 0xe8, 0x0, 0xff, 0xef, 0x78,
    0x7, 0x95, 0x0, 0x3f, 0xfb, 0xa8, 0x60, 0x1e,
    0xa1, 0x0, 0xff, 0xee, 0xc0, 0x7, 0x87, 0x40,
    0x3f, 0xfa, 0x4e, 0x1, 0xfe, 0x45, 0x0, 0xf1,
    0xd8, 0x7, 0xff, 0x42, 0x62, 0x40, 0x3f, 0xd6,
    0x20, 0x1e, 0x4c, 0x10, 0xf, 0xfe, 0x6d, 0x30,
    0x33, 0x80, 0x7f, 0xd, 0x0, 0x7c, 0x7e, 0x80,
    0x1f, 0xfc, 0xa3, 0xd5, 0x0, 0xa1, 0x40, 0x3f,
    0x92, 0x40, 0x3e, 0x1b, 0xb1, 0x0, 0x7f, 0xf1,
    0x86, 0x70, 0x80, 0x3a, 0x88, 0x3, 0xf9, 0xa0,
    0x3, 0xf2, 0x6d, 0xa8, 0x7, 0xff, 0x9, 0x2b,
    0x98, 0x3, 0xe5, 0x20, 0xf, 0xf3, 0xc8, 0x7,
    0xf2, 0x57, 0xdc, 0x29, 0x90, 0x8c, 0x4a, 0xf7,
    0xd6, 0xa0, 0x1f, 0x96, 0x80, 0x3f, 0xf8, 0xd,
    0x60, 0x1f, 0xf2, 0x3d, 0x66, 0xf7, 0x5b, 0x50,
    0x82, 0x1, 0xfc, 0xf4, 0x1, 0xff, 0xc2, 0x4e,
    0x40, 0xf, 0xfe, 0x88, 0xdc, 0x0, 0x7f, 0xf1,
    0x6, 0xe8, 0x40, 0x3f, 0xf9, 0xcd, 0xe8, 0x1,
    0xff, 0xc7, 0x5e, 0xa2, 0x0, 0xff, 0xe5, 0x36,
    0xc8, 0x80, 0x7f, 0xf2, 0x97, 0x71, 0xc8, 0x3,
    0xff, 0x88, 0x73, 0xd2, 0x40, 0x1f, 0xfc, 0xe3,
    0x8d, 0xd5, 0x3a, 0x10, 0x88, 0x0, 0x22, 0x35,
    0x8b, 0xfc, 0x61, 0x0, 0xff, 0xe0, 0x0,

    /* U+0066 "f" */
    0x0, 0xff, 0xe3, 0xa4, 0x5e, 0xf7, 0xfb, 0xb2,
    0x98, 0x80, 0x3f, 0xf9, 0x5, 0x3f, 0x6e, 0x84,
    0x20, 0x1, 0x35, 0x9d, 0xc6, 0x0, 0xff, 0xe2,
    0xce, 0xb0, 0x7, 0xff, 0x4, 0xe7, 0x4c, 0x3,
    0xff, 0x82, 0x38, 0xc0, 0x1f, 0xfc, 0x52, 0xe0,
    0xf, 0xfe, 0xe, 0x18, 0x7, 0xff, 0x1e, 0xc0,
    0x3f, 0xf8, 0x16, 0x40, 0x1f, 0xc2, 0x46, 0x40,
    0x1e, 0x16, 0x0, 0xff, 0x99, 0x0, 0x3e, 0x5b,
    0xee, 0x6e, 0x6f, 0xec, 0x10, 0x2, 0x40, 0x3f,
    0xf8, 0x10, 0x1, 0xe1, 0xca, 0x41, 0x0, 0xe2,
    0x7d, 0xa2, 0x70, 0xf, 0xf9, 0x44, 0x3, 0xd8,
    0x60, 0x1f, 0xf2, 0xe8, 0x7, 0xff, 0x3, 0xc0,
    0x3d, 0x24, 0x1, 0xff, 0xce, 0x40, 0xe, 0x16,
    0x0, 0xff, 0xe7, 0x10, 0x80, 0x72, 0x0, 0x7f,
    0xf3, 0xc4, 0x3, 0xd8, 0x1, 0xff, 0xcf, 0x70,
    0xf, 0x18, 0x7, 0xff, 0x3c, 0x40, 0x3c, 0x20,
    0x1f, 0xff, 0xf0, 0xf, 0xff, 0xf8, 0x7, 0xff,
    0x7d, 0xbf, 0xff, 0x50, 0x7, 0xaf, 0xff, 0xff,
    0x85, 0xa0, 0x1f, 0xff, 0xf0, 0xf, 0xff, 0xc1,
    0x19, 0xfe, 0x20, 0xf, 0x9, 0x9f, 0xff, 0x9,
    0xc0, 0x24, 0xcc, 0xfd, 0x0, 0x1e, 0x9c, 0xcf,
    0xfe, 0x15, 0x0, 0x7f, 0xff, 0xc0, 0x3f, 0xff,
    0xe0, 0x1f, 0xff, 0xf0, 0xf, 0xff, 0xf8, 0x7,
    0xff, 0xfc, 0x3, 0xff, 0xfe, 0x1, 0xff, 0xff,
    0x0, 0xff, 0xff, 0x80, 0x7f, 0xff, 0xc0, 0x3f,
    0xff, 0xe0, 0x1f, 0xff, 0xf0, 0xf, 0xff, 0xf8,
    0x7, 0xff, 0xfc, 0x3, 0xff, 0xfe, 0x1, 0xff,
    0xff, 0x0, 0xff, 0xff, 0x80, 0x7f, 0xff, 0xc0,
    0x3f, 0xff, 0xe0, 0x1f, 0xff, 0xf0, 0xf, 0xff,
    0xf8, 0x7, 0xff, 0x7c,

    /* U+0067 "g" */
    0x0, 0xff, 0xe3, 0xa, 0xc5, 0x6e, 0xbb, 0xfd,
    0xdb, 0x72, 0xc4, 0x1, 0xff, 0xc0, 0x4f, 0xff,
    0x20, 0x7, 0xff, 0xc, 0x9f, 0x3a, 0x9d, 0x48,
    0x82, 0x0, 0x12, 0x46, 0x9d, 0xe9, 0x30, 0xf,
    0xfe, 0x91, 0xde, 0xc1, 0x80, 0x7f, 0xf0, 0xc5,
    0xb3, 0xa, 0x1, 0xff, 0xce, 0x2b, 0xc4, 0x0,
    0xff, 0xe4, 0x9d, 0x61, 0x80, 0x7f, 0xf2, 0xdf,
    0x50, 0x3, 0xff, 0x9a, 0x79, 0x0, 0x1f, 0xfc,
    0x81, 0xb8, 0x0, 0xff, 0xe8, 0xbd, 0x88, 0x7,
    0xff, 0x14, 0xb1, 0x0, 0x3f, 0xc6, 0xf5, 0xbd,
    0xff, 0x76, 0xd3, 0x98, 0x7, 0xe4, 0xd0, 0xf,
    0xfe, 0x21, 0x61, 0x0, 0x7e, 0x29, 0xec, 0x85,
    0x21, 0x0, 0x84, 0x96, 0x33, 0xa0, 0x40, 0x3c,
    0x78, 0x1, 0xff, 0xc2, 0x1f, 0x10, 0xf, 0x86,
    0xb5, 0x84, 0x3, 0xff, 0x82, 0x2f, 0xd0, 0x1,
    0xe3, 0x90, 0xf, 0xfe, 0xe, 0x90, 0x7, 0xcd,
    0xca, 0x1, 0xff, 0xc7, 0x7e, 0x40, 0xe, 0x6e,
    0x0, 0xff, 0x9c, 0xc0, 0x3e, 0x99, 0x0, 0x7f,
    0xf2, 0x86, 0xdc, 0x3, 0x94, 0x3, 0xfc, 0x50,
    0x1, 0xf5, 0x30, 0x7, 0xff, 0x36, 0x20, 0x1,
    0xff, 0xc3, 0x80, 0xf, 0xa5, 0x40, 0x3f, 0xf9,
    0xee, 0xe0, 0xf, 0xfe, 0x9, 0xa8, 0x7, 0x95,
    0x80, 0x3f, 0xfa, 0x30, 0x60, 0x1f, 0xfc, 0x9,
    0x0, 0xf0, 0xd8, 0x7, 0xff, 0x4f, 0x80, 0x3f,
    0xe1, 0x50, 0xf, 0x40, 0x80, 0x7f, 0xf4, 0xc9,
    0xc0, 0x3f, 0xce, 0x1, 0xe1, 0x60, 0xf, 0xfe,
    0xac, 0x80, 0x7f, 0xb4, 0x3, 0xcc, 0x1, 0xff,
    0xd6, 0x16, 0x0, 0xfe, 0x50, 0xf, 0x58, 0x7,
    0xff, 0x5f, 0x40, 0x3f, 0x8, 0x80, 0x38, 0x4c,
    0x3, 0xff, 0xae, 0x80, 0x1f, 0x94, 0x3, 0xca,
    0x1, 0xff, 0xd9, 0x30, 0xf, 0x88, 0x3, 0xc6,
    0x1, 0xff, 0xd9, 0x50, 0xf, 0x84, 0x3, 0xdc,
    0x1, 0xff, 0xd9, 0xe0, 0xf, 0xbc, 0x3, 0xff,
    0xc0, 0x20, 0x1f, 0x8, 0x7, 0x8c, 0x3, 0xff,
    0xc2, 0x20, 0x1e, 0x30, 0xf, 0xfe, 0xc8, 0x80,
    0x7d, 0xe0, 0x1e, 0x10, 0xf, 0xfe, 0xcf, 0x80,
    0x7c, 0x20, 0x1e, 0xf0, 0xf, 0xfe, 0xc8, 0x80,
    0x7c, 0x40, 0x1e, 0x30, 0xf, 0xfe, 0xca, 0x80,
    0x7c, 0xa0, 0x1e, 0x50, 0xf, 0xfe, 0xc9, 0x80,
    0x7c, 0x22, 0x0, 0xe1, 0x30, 0xf, 0xfe, 0xba,
    0x80, 0x7f, 0x20, 0x7, 0xa8, 0x3, 0xff, 0xaf,
    0xe0, 0x1f, 0xde, 0x1, 0xe7, 0x0, 0xff, 0xeb,
    0xa, 0x80, 0x7f, 0x28, 0x7, 0x85, 0xc0, 0x3f,
    0xfa, 0xb0, 0x1, 0xff, 0x28, 0x7, 0xa0, 0x40,
    0x3f, 0xfa, 0x66, 0xc0, 0x1f, 0xf4, 0x0, 0x7d,
    0x40, 0x1f, 0xfd, 0x3e, 0x0, 0xff, 0xe0, 0x12,
    0x80, 0x79, 0x20, 0x3, 0xff, 0xa3, 0x44, 0x1,
    0xff, 0xc1, 0x80, 0xf, 0x9d, 0x80, 0x3f, 0xf9,
    0xf2, 0xa0, 0x1f, 0xfc, 0x22, 0x90, 0xf, 0xa6,
    0x0, 0x3f, 0xf9, 0xb4, 0xc0, 0x1f, 0xfc, 0x46,
    0x40, 0xf, 0x9e, 0xc4, 0x3, 0xff, 0x92, 0x58,
    0xa0, 0x1c, 0x60, 0x1f, 0xfc, 0xb, 0x30, 0xf,
    0x93, 0x9c, 0x3, 0xff, 0x8c, 0x31, 0xa6, 0x1,
    0xd0, 0xa0, 0x1f, 0xfc, 0x1d, 0x20, 0xf, 0xd1,
    0xd0, 0x40, 0x1f, 0xfc, 0x13, 0x9e, 0x70, 0xf,
    0x23, 0x80, 0x7f, 0xf0, 0x87, 0xc, 0x3, 0xf0,
    0xbe, 0xea, 0x59, 0x8, 0x46, 0x24, 0x79, 0xec,
    0x60, 0xf, 0x92, 0xc0, 0x3f, 0xf8, 0x83, 0x8a,
    0x1, 0xfe, 0x26, 0x9b, 0xde, 0xeb, 0x6e, 0x18,
    0x40, 0x3f, 0x2d, 0x80, 0x7f, 0xf1, 0xea, 0x40,
    0x3f, 0xfa, 0x33, 0x40, 0x1f, 0xe7, 0x0, 0xff,
    0x37, 0x28, 0x7, 0xff, 0x35, 0x35, 0x80, 0x3f,
    0xf9, 0x63, 0x58, 0xa0, 0x1f, 0xfc, 0x93, 0xbb,
    0x10, 0x7, 0xff, 0x38, 0xeb, 0x60, 0xc0, 0x3f,
    0xf8, 0x64, 0xdb, 0x88, 0x1, 0xf1, 0x80, 0x78,
    0x40, 0x3f, 0xf8, 0x64, 0xf9, 0xd5, 0xa, 0x42,
    0x20, 0x0, 0x92, 0x34, 0xee, 0xa4, 0x80, 0x3f,
    0x84, 0x3, 0xc6, 0x1, 0xff, 0xc6, 0x15, 0x7a,
    0xde, 0xe7, 0xfb, 0xb6, 0xe5, 0x88, 0x3, 0xff,
    0x80, 0xe0, 0x1e, 0x10, 0xf, 0xff, 0x9, 0x80,
    0x71, 0x0, 0x7f, 0xf8, 0x44, 0x3, 0xcc, 0x1,
    0xff, 0xe1, 0x40, 0xf, 0x18, 0x7, 0xff, 0x87,
    0xc0, 0x3d, 0xa0, 0x1f, 0xfe, 0x15, 0x0, 0xf2,
    0x0, 0x7f, 0xf8, 0x18, 0x3, 0xc6, 0x20, 0x1f,
    0xfe, 0x8, 0x0, 0xf5, 0x80, 0x7e, 0x58, 0x0,
    0xff, 0xeb, 0x40, 0x80, 0x79, 0x80, 0x3e, 0x1b,
    0x7b, 0x10, 0xf, 0xfe, 0x9a, 0x38, 0x7, 0x94,
    0x40, 0x3e, 0xa1, 0x4, 0xf6, 0x0, 0xff, 0xe8,
    0x9d, 0x80, 0x7d, 0x0, 0x1f, 0x2a, 0x0, 0x43,
    0x38, 0x80, 0x1f, 0xfc, 0xe5, 0xc0, 0xf, 0x9c,
    0x80, 0x3c, 0x36, 0x1, 0xe3, 0xbd, 0x60, 0xf,
    0xfe, 0x51, 0x5d, 0x0, 0x7c, 0x50, 0x1, 0xf1,
    0x0, 0x7f, 0x14, 0xfd, 0x28, 0x80, 0x7f, 0xf1,
    0x16, 0xf5, 0x0, 0x3e, 0x1f, 0x0, 0xfc, 0x78,
    0x40, 0x1f, 0xe5, 0xae, 0xda, 0x75, 0x32, 0x11,
    0xc4, 0x8d, 0x19, 0xf4, 0x80, 0x1f, 0xda, 0x40,
    0x1f, 0xc5, 0xac, 0x1, 0xff, 0xc0, 0x25, 0x8a,
    0xcd, 0xee, 0xdb, 0x72, 0xe6, 0x1, 0xfe, 0x1c,
    0x30, 0xf, 0xfe, 0x4, 0xe1, 0x80, 0x7f, 0xf5,
    0x93, 0xcc, 0x3, 0xff, 0x84, 0x79, 0x66, 0x1,
    0xff, 0xd2, 0x19, 0xb1, 0x0, 0xff, 0xe2, 0xa6,
    0x6b, 0x88, 0x7, 0xff, 0x34, 0x63, 0x98, 0x3,
    0xff, 0x92, 0x51, 0xd9, 0x8, 0x1, 0xff, 0xc7,
    0x26, 0xbe, 0x70, 0xf, 0xfe, 0x71, 0xbd, 0xfe,
    0xd3, 0xa9, 0x90, 0x80, 0x61, 0x23, 0x57, 0xad,
    0xd4, 0xa0, 0x7, 0xff, 0x8,

    /* U+0068 "h" */
    0x8f, 0xff, 0x28, 0x7, 0xff, 0xfc, 0x3, 0xff,
    0xfe, 0x1, 0xff, 0xff, 0x0, 0xff, 0xff, 0x80,
    0x7f, 0xff, 0xc0, 0x3f, 0xff, 0xe0, 0x1f, 0xff,
    0xf0, 0xf, 0xff, 0xf8, 0x7, 0xff, 0xfc, 0x3,
    0xff, 0xfe, 0x1, 0xff, 0xff, 0x0, 0xff, 0xff,
    0x80, 0x7f, 0xf9, 0xcd, 0xe7, 0x37, 0xbf, 0xee,
    0xca, 0x74, 0x0, 0xff, 0xe9, 0x1d, 0x76, 0x43,
    0x19, 0x8, 0x4, 0x26, 0xb1, 0x7f, 0x48, 0x1,
    0xff, 0xcd, 0x5d, 0xc5, 0x10, 0xf, 0xfe, 0x1a,
    0xde, 0xa0, 0x7, 0xff, 0x24, 0xb2, 0x88, 0x3,
    0xff, 0x90, 0x57, 0x61, 0x0, 0xff, 0xe3, 0x2e,
    0x98, 0x7, 0xff, 0x31, 0x3c, 0xc0, 0x3f, 0xf8,
    0x91, 0x40, 0x1f, 0xfc, 0xf1, 0xc5, 0x0, 0xff,
    0xe1, 0x43, 0x80, 0x7e, 0x26, 0x9b, 0xcd, 0xd6,
    0x54, 0x28, 0x80, 0x7f, 0xa9, 0x0, 0x3f, 0xf8,
    0xc, 0xe0, 0x1e, 0x18, 0xed, 0x96, 0x43, 0x22,
    0x1a, 0xbd, 0x76, 0x28, 0x7, 0xf5, 0x8, 0x7,
    0xf8, 0xa4, 0x3, 0x86, 0x79, 0xc4, 0x3, 0xff,
    0x80, 0x75, 0x84, 0x1, 0xf0, 0xd0, 0x7, 0xfa,
    0x0, 0x39, 0x3d, 0x80, 0x3f, 0xf8, 0xa7, 0xaa,
    0x1, 0xf2, 0x28, 0x7, 0xff, 0x9, 0xac, 0x40,
    0x3f, 0xf9, 0x14, 0xa0, 0x1f, 0x40, 0x7, 0xff,
    0x5, 0x64, 0x3, 0xff, 0x97, 0x44, 0x1, 0xe2,
    0x40, 0xf, 0xf8, 0xe8, 0x3, 0xff, 0x9b, 0xe0,
    0x1f, 0x70, 0x7, 0xfd, 0xc0, 0x1f, 0xfc, 0xe2,
    0x50, 0xf, 0x20, 0x7, 0xf9, 0xc8, 0x3, 0xff,
    0x9f, 0x20, 0x1e, 0x13, 0x0, 0xfe, 0x90, 0xf,
    0xfe, 0x81, 0x98, 0x3, 0xca, 0x1, 0xf9, 0x84,
    0x3, 0xff, 0xa2, 0xa0, 0x1e, 0xf0, 0xf, 0xda,
    0x1, 0xff, 0xd2, 0xc0, 0xf, 0x10, 0x7, 0xe4,
    0x0, 0xff, 0xe9, 0x38, 0x7, 0x98, 0x3, 0xe3,
    0x0, 0xff, 0xe9, 0x90, 0x7, 0x8c, 0x3, 0xe5,
    0x0, 0xff, 0xf1, 0x70, 0x7, 0xff, 0x50, 0x40,
    0x38, 0x40, 0x3e, 0x10, 0xf, 0xfe, 0xa1, 0x80,
    0x7f, 0xf0, 0x4c, 0x3, 0xff, 0xfe, 0x1, 0xff,
    0xff, 0x0, 0xff, 0xff, 0x80, 0x7f, 0xff, 0xc0,
    0x3f, 0xff, 0xe0, 0x1f, 0xff, 0xf0, 0xf, 0xff,
    0xf8, 0x7, 0xff, 0xfc, 0x3, 0xff, 0xfe, 0x1,
    0xff, 0xff, 0x0, 0xff, 0xff, 0x80, 0x7f, 0xff,
    0xc0, 0x3f, 0xff, 0xe0, 0x1f, 0xff, 0xf0, 0xf,
    0xff, 0xf8, 0x7, 0xff, 0xfc, 0x3, 0xff, 0xfe,
    0x1, 0xff, 0xd5,

    /* U+0069 "i" */
    0x0, 0x97, 0x3f, 0xd8, 0xa0, 0x1a, 0x68, 0xc0,
    0x7, 0x52, 0x0, 0x66, 0x0, 0x79, 0x98, 0x16,
    0x1, 0xfa, 0x80, 0x80, 0x3f, 0x10, 0x7, 0xff,
    0x1, 0x0, 0x3f, 0x20, 0x40, 0x7, 0xe8, 0x3,
    0xa0, 0xf, 0x59, 0x0, 0x17, 0x9d, 0x55, 0x1c,
    0x80, 0x18, 0x62, 0xa8, 0xe2, 0x1, 0xff, 0xff,
    0x0, 0xff, 0xe8, 0x47, 0xff, 0x94, 0x3, 0xff,
    0xfe, 0x1, 0xff, 0xff, 0x0, 0xff, 0xff, 0x80,
    0x7f, 0xff, 0xc0, 0x3f, 0xff, 0xe0, 0x1f, 0xff,
    0xf0, 0xf, 0xff, 0xf8, 0x7, 0xff, 0x38,

    /* U+006A "j" */
    0x0, 0xff, 0xe3, 0x8c, 0xf7, 0xf4, 0x88, 0x7,
    0xff, 0x20, 0xfd, 0x84, 0x5, 0xbc, 0x80, 0x3f,
    0xf8, 0xfc, 0x20, 0x1c, 0x3e, 0x1, 0xff, 0xc6,
    0x52, 0x0, 0xf8, 0x90, 0x3, 0xff, 0x8b, 0xa0,
    0x1f, 0xc4, 0x1, 0xff, 0xc5, 0xf0, 0xf, 0xe3,
    0x0, 0xff, 0xe2, 0xa0, 0x7, 0xf2, 0x0, 0x7f,
    0xf1, 0x4d, 0x0, 0x3e, 0x61, 0x0, 0xff, 0xe3,
    0x51, 0x80, 0x72, 0xc8, 0x7, 0xff, 0x1c, 0x72,
    0x99, 0x1a, 0xe8, 0x3, 0xff, 0x94, 0xb3, 0x72,
    0x80, 0x1f, 0xff, 0xf0, 0xf, 0xff, 0xf8, 0x7,
    0xff, 0xfc, 0x3, 0xff, 0xcb, 0xff, 0xec, 0x0,
    0xff, 0xff, 0x80, 0x7f, 0xff, 0xc0, 0x3f, 0xff,
    0xe0, 0x1f, 0xff, 0xf0, 0xf, 0xff, 0xf8, 0x7,
    0xff, 0xfc, 0x3, 0xff, 0xfe, 0x1, 0xff, 0xff,
    0x0, 0xff, 0xff, 0x80, 0x7f, 0xff, 0xc0, 0x3f,
    0xff, 0xe0, 0x1f, 0xff, 0xf0, 0xf, 0xff, 0xf8,
    0x7, 0xff, 0xfc, 0x3, 0xff, 0xfe, 0x1, 0xff,
    0xff, 0x0, 0xff, 0xff, 0x80, 0x7f, 0xff, 0xc0,
    0x3f, 0xff, 0xe0, 0x1f, 0xff, 0xf0, 0xf, 0xfe,
    0xa0, 0x80, 0x79, 0xc0, 0x3f, 0xf9, 0x6, 0x1,
    0xe1, 0x0, 0xff, 0xe4, 0x30, 0x7, 0x8c, 0x3,
    0xff, 0x90, 0x60, 0x1e, 0xf0, 0xf, 0xfe, 0x45,
    0x0, 0x79, 0x0, 0x3f, 0xf8, 0xe8, 0x40, 0x1c,
    0x24, 0x1, 0x88, 0x40, 0x3f, 0xf8, 0x3, 0x40,
    0x1e, 0x70, 0xe, 0x9f, 0x40, 0xf, 0xf1, 0x60,
    0x80, 0x7a, 0xc0, 0x31, 0x20, 0xde, 0xb9, 0x80,
    0x72, 0x4e, 0x90, 0x7, 0x94, 0x80, 0x35, 0x80,
    0x45, 0x19, 0xfe, 0xef, 0xf5, 0xb0, 0x7, 0xc3,
    0x60, 0x18, 0x58, 0x3, 0xf0, 0x80, 0x7f, 0xda,
    0x20, 0x19, 0x80, 0x3f, 0xf9, 0x16, 0x60, 0x1c,
    0xee, 0x0, 0xff, 0xe2, 0x96, 0x20, 0x7, 0xd1,
    0xac, 0x1, 0xff, 0xc1, 0x29, 0xd3, 0x0, 0xfe,
    0x29, 0xfb, 0x74, 0x21, 0x0, 0x89, 0x1f, 0x35,
    0x80, 0x3f, 0x80,

    /* U+006B "k" */
    0x8f, 0xff, 0x28, 0x7, 0xff, 0xfc, 0x3, 0xff,
    0xfe, 0x1, 0xff, 0xff, 0x0, 0xff, 0xff, 0x80,
    0x7f, 0xff, 0xc0, 0x3f, 0xff, 0xe0, 0x1f, 0xff,
    0xf0, 0xf, 0xff, 0xf8, 0x7, 0xff, 0xfc, 0x3,
    0xff, 0xfe, 0x1, 0xff, 0xff, 0x0, 0xff, 0xff,
    0x80, 0x7f, 0xff, 0xc0, 0x3f, 0xf8, 0x25, 0xdf,
    0xff, 0x30, 0x7, 0xff, 0x64, 0xf0, 0x40, 0x3d,
    0x4c, 0x1, 0xff, 0xd8, 0x4c, 0x10, 0xf, 0x52,
    0x80, 0x7f, 0xf6, 0x16, 0xc0, 0x3e, 0xa5, 0x0,
    0xff, 0xec, 0x35, 0x0, 0x7d, 0x6a, 0x1, 0xff,
    0xd8, 0x79, 0x0, 0xfa, 0xd0, 0x3, 0xff, 0xb1,
    0x30, 0x1, 0xf6, 0x20, 0x7, 0xff, 0x62, 0x98,
    0x3, 0xec, 0x30, 0xf, 0xfe, 0xc5, 0xa8, 0x7,
    0x87, 0xc, 0x3, 0xff, 0xb1, 0x88, 0x1, 0xe1,
    0xd3, 0x0, 0xff, 0xeb, 0x8e, 0x98, 0x7, 0x87,
    0xc, 0x3, 0xff, 0xae, 0x58, 0x40, 0x1e, 0x1c,
    0x20, 0xf, 0xfe, 0xb9, 0x61, 0x0, 0x78, 0x70,
    0x80, 0x3f, 0xfa, 0xe7, 0x82, 0x1, 0xe2, 0xf2,
    0x0, 0xff, 0xeb, 0xa6, 0x8, 0x7, 0x8b, 0x4,
    0x3, 0xff, 0xae, 0xb6, 0x1, 0xf1, 0x60, 0x80,
    0x7f, 0xf5, 0xda, 0x80, 0x3e, 0x3c, 0x10, 0xf,
    0xfe, 0xbb, 0xc8, 0x7, 0xc7, 0xa2, 0x1, 0xff,
    0xd7, 0x98, 0x0, 0xf8, 0xf0, 0x40, 0x3f, 0xfa,
    0xf4, 0xc0, 0x1f, 0x26, 0x0, 0x7f, 0xf6, 0x2d,
    0x40, 0x3e, 0x4b, 0x0, 0xff, 0xeb, 0x8e, 0x20,
    0x7, 0xe6, 0x0, 0xff, 0xeb, 0x8e, 0x18, 0x7,
    0xf1, 0x58, 0x7, 0xff, 0x54, 0xb0, 0x80, 0x3f,
    0xe4, 0x70, 0xf, 0xfe, 0x99, 0x61, 0x0, 0x7f,
    0xf0, 0x61, 0x0, 0x3f, 0xfa, 0x27, 0x82, 0x1,
    0xe1, 0x30, 0xf, 0xa8, 0x40, 0x3f, 0xf9, 0xe9,
    0x82, 0x1, 0xe1, 0xcc, 0x10, 0x7, 0x87, 0x40,
    0x3f, 0xf9, 0xdf, 0x60, 0x1f, 0x17, 0x90, 0x78,
    0x7, 0xc7, 0x20, 0x1f, 0xfc, 0xd5, 0x0, 0xf8,
    0xf0, 0x40, 0x5, 0x40, 0x1f, 0x33, 0x0, 0x3f,
    0xfa, 0x67, 0x82, 0x1, 0x95, 0xc0, 0x3e, 0x93,
    0x0, 0xff, 0xe8, 0xa6, 0x0, 0x7d, 0x8, 0x1,
    0xf7, 0x8, 0x7, 0xff, 0x3d, 0x6c, 0x3, 0xfa,
    0x88, 0x3, 0xc5, 0x40, 0x1f, 0xfc, 0xe6, 0xa0,
    0xf, 0xf0, 0xf8, 0x7, 0xc8, 0xe0, 0x1f, 0xfc,
    0xc8, 0x90, 0xf, 0xfe, 0x1, 0x50, 0x7, 0xd0,
    0x80, 0x1f, 0xfc, 0xa9, 0x70, 0xf, 0xfe, 0x12,
    0xb8, 0x7, 0xd4, 0x40, 0x1f, 0xfc, 0x8a, 0x60,
    0xf, 0xfe, 0x24, 0x20, 0x7, 0x87, 0x80, 0x3f,
    0xf8, 0xf2, 0xa0, 0x1f, 0xfc, 0x6a, 0x10, 0xf,
    0x1c, 0x80, 0x7f, 0xf1, 0x8c, 0x3, 0xff, 0x8e,
    0x3a, 0x1, 0xf3, 0x30, 0x3, 0xff, 0xb4, 0x74,
    0x1, 0xf4, 0x98, 0x7, 0xff, 0x69, 0x58, 0x3,
    0xed, 0x10, 0xf, 0xfe, 0xd4, 0x98, 0x7, 0x86,
    0x80, 0x3f, 0xfb, 0x7a, 0x20, 0x1e, 0x48, 0x0,
    0xff, 0xed, 0xe, 0x80, 0x7c, 0xe8, 0x1, 0xff,
    0xda, 0x39, 0x0, 0xfa, 0x88, 0x3, 0xff, 0xb4,
    0xcc, 0x0, 0xf0, 0xf8, 0x7, 0xff, 0x6e, 0x4c,
    0x3, 0xc5, 0x40, 0x1f, 0xfd, 0xbd, 0x10, 0xf,
    0x2b, 0x0, 0x7f, 0xf6, 0x87, 0x40, 0x3e, 0x93,
    0x0, 0xff, 0xed, 0x1c, 0x80, 0x7d, 0xa2, 0x1,
    0xff, 0xda, 0x66, 0x0, 0x78, 0x68, 0x3, 0xff,
    0xb7, 0x26, 0x1, 0xe4, 0x80,

    /* U+006C "l" */
    0x8f, 0xff, 0x28, 0x7, 0xff, 0xfc, 0x3, 0xff,
    0xfe, 0x1, 0xff, 0xff, 0x0, 0xff, 0xff, 0x80,
    0x7f, 0xff, 0xc0, 0x3f, 0xff, 0xe0, 0x1f, 0xff,
    0xf0, 0xf, 0xfe, 0xb8,

    /* U+006D "m" */
    0x8f, 0xff, 0x0, 0x7f, 0xc2, 0xb1, 0x5b, 0xdf,
    0xf7, 0x6d, 0x3a, 0x0, 0x7f, 0xf3, 0x5, 0x62,
    0xf7, 0xbf, 0xee, 0xdb, 0x85, 0x10, 0xf, 0xfe,
    0x8b, 0x67, 0x53, 0xa9, 0x8, 0x4, 0x24, 0xb1,
    0x7f, 0x48, 0x1, 0xff, 0xc6, 0x17, 0xce, 0xa7,
    0x42, 0x10, 0x8, 0x49, 0x1e, 0xba, 0xd4, 0x3,
    0xff, 0x9a, 0xfd, 0x26, 0x1, 0xff, 0xc3, 0x5b,
    0xc4, 0x0, 0xff, 0xe1, 0x14, 0xf4, 0x18, 0x7,
    0xff, 0xd, 0x2b, 0x98, 0x3, 0xff, 0x92, 0x9b,
    0x2, 0x1, 0xff, 0xc7, 0x3b, 0xa1, 0x0, 0xff,
    0xa3, 0x58, 0x3, 0xff, 0x90, 0x33, 0x84, 0x1,
    0xff, 0xc6, 0x8b, 0x20, 0xf, 0xfe, 0x5a, 0xf9,
    0x0, 0x7e, 0x3d, 0x70, 0xf, 0xfe, 0x61, 0xea,
    0x0, 0x7f, 0xf1, 0x29, 0xc0, 0x3f, 0xf9, 0xc3,
    0x84, 0x1, 0xe4, 0xc2, 0x0, 0xff, 0xe7, 0xda,
    0x80, 0x7f, 0xf0, 0xa9, 0x40, 0x3f, 0x24, 0x56,
    0x63, 0x72, 0xe5, 0x44, 0x3, 0xf8, 0x70, 0x40,
    0x32, 0xd8, 0x7, 0xf1, 0xbc, 0xde, 0x6e, 0x5c,
    0xb1, 0x0, 0x7f, 0xa9, 0x0, 0x3f, 0xf8, 0x10,
    0xa0, 0x1e, 0x4b, 0xfb, 0x75, 0x33, 0x11, 0xa3,
    0x57, 0x5a, 0x0, 0x7e, 0x1a, 0x0, 0x92, 0x80,
    0x3e, 0x29, 0xec, 0x86, 0x43, 0x23, 0x46, 0x9d,
    0xd3, 0x0, 0x7f, 0x50, 0x80, 0x7f, 0x91, 0xc0,
    0x38, 0xf2, 0xd0, 0x3, 0xff, 0x80, 0x97, 0x61,
    0x0, 0xf9, 0x18, 0xa, 0xc0, 0x3c, 0x35, 0xac,
    0x20, 0x1f, 0xf1, 0x4e, 0x98, 0x7, 0xc3, 0x40,
    0x1f, 0xe9, 0x0, 0xe7, 0xc3, 0x0, 0xff, 0xe2,
    0x27, 0x98, 0x7, 0xd0, 0x12, 0x1, 0xe4, 0xf5,
    0x0, 0xff, 0xe2, 0x16, 0x30, 0x7, 0xc8, 0x80,
    0xf, 0xe2, 0x0, 0xd3, 0x0, 0x1f, 0xfc, 0x71,
    0xc2, 0x0, 0xf0, 0xda, 0x0, 0x72, 0xd8, 0x80,
    0x7f, 0xf1, 0xe5, 0x40, 0x3e, 0x80, 0xf, 0xfe,
    0xc, 0x30, 0x7, 0xff, 0x2b, 0xc0, 0x3e, 0x40,
    0xe, 0x4a, 0x0, 0xff, 0xe5, 0x51, 0x0, 0x78,
    0xc8, 0x3, 0xfe, 0x57, 0x0, 0xff, 0xe5, 0x94,
    0x80, 0x7f, 0xc3, 0x60, 0x1f, 0xfc, 0xce, 0x0,
    0xfa, 0x80, 0x3f, 0xc3, 0x60, 0x1f, 0xfc, 0xd6,
    0x10, 0xf, 0xf5, 0x0, 0x7f, 0xf3, 0x4d, 0x0,
    0x3c, 0xa0, 0x1f, 0xe8, 0x10, 0xf, 0xfe, 0x73,
    0x0, 0x7f, 0x22, 0x0, 0x3f, 0xf9, 0xde, 0x1,
    0xe2, 0x10, 0xf, 0xc2, 0xc0, 0x1f, 0xfc, 0xf9,
    0x0, 0xfe, 0xf0, 0xf, 0xfe, 0x7a, 0x8, 0x7,
    0x94, 0x3, 0xf3, 0x80, 0x7f, 0xf4, 0x4, 0x40,
    0x1f, 0x12, 0x0, 0x7f, 0xf4, 0x10, 0x3, 0xc6,
    0x1, 0xfa, 0x80, 0x3f, 0xfa, 0x28, 0x1, 0xf2,
    0x80, 0x7f, 0xf4, 0x74, 0x3, 0xdc, 0x1, 0xf8,
    0xc0, 0x3f, 0xfa, 0x3a, 0x1, 0xf6, 0x0, 0x7f,
    0xf4, 0x4c, 0x3, 0xc6, 0x1, 0xf1, 0x80, 0x7f,
    0xf4, 0x88, 0x3, 0xe5, 0x0, 0xff, 0xe8, 0xb0,
    0x7, 0x98, 0x3, 0xe5, 0x0, 0xff, 0xe9, 0x8,
    0x7, 0x84, 0x40, 0x1f, 0xfd, 0x13, 0x0, 0xff,
    0xe1, 0x70, 0x7, 0xff, 0x49, 0xc0, 0x3c, 0x40,
    0x1f, 0xfd, 0x21, 0x0, 0xf0, 0x80, 0x7c, 0x20,
    0x1f, 0xfd, 0x97, 0x0, 0xff, 0xf0, 0x98, 0x7,
    0xff, 0x64, 0x40, 0x3f, 0xff, 0xe0, 0x1f, 0xff,
    0xf0, 0xf, 0xff, 0xf8, 0x7, 0xff, 0xfc, 0x3,
    0xff, 0xfe, 0x1, 0xff, 0xff, 0x0, 0xff, 0xff,
    0x80, 0x7f, 0xff, 0xc0, 0x3f, 0xff, 0xe0, 0x1f,
    0xff, 0xf0, 0xf, 0xff, 0xf8, 0x7, 0xff, 0xfc,
    0x3, 0xff, 0xfe, 0x1, 0xff, 0xff, 0x0, 0xff,
    0xff, 0x80, 0x7f, 0xff, 0xc0, 0x3f, 0xff, 0xe0,
    0x1f, 0xff, 0xf0, 0xf, 0xff, 0xf8, 0x7, 0xff,
    0xfc, 0x3, 0xff, 0xfe, 0x1, 0xff, 0xff, 0x0,
    0xff, 0xff, 0x80, 0x7f, 0xff, 0xc0, 0x3f, 0xff,
    0xe0, 0x1f, 0xff, 0xf0, 0xf, 0xff, 0xf8, 0x7,
    0xff, 0xfc, 0x3, 0xff, 0xfe, 0x1, 0xff, 0xff,
    0x0, 0xff, 0xf6, 0x0,

    /* U+006E "n" */
    0x8f, 0xff, 0x0, 0x7f, 0xf0, 0xd, 0xa7, 0x37,
    0xbf, 0xee, 0xca, 0x74, 0x0, 0xff, 0xe9, 0x1d,
    0x76, 0x4b, 0x19, 0x8, 0x4, 0x26, 0xb1, 0x7f,
    0x48, 0x1, 0xff, 0xcd, 0x5d, 0xc5, 0x10, 0xf,
    0xfe, 0x1a, 0xde, 0xa0, 0x7, 0xff, 0x24, 0xb2,
    0x88, 0x3, 0xff, 0x90, 0x57, 0x61, 0x0, 0xff,
    0xe3, 0x36, 0x98, 0x7, 0xff, 0x31, 0x3c, 0xc0,
    0x3f, 0xf8, 0x91, 0x20, 0x1f, 0xfc, 0xf1, 0xc5,
    0x0, 0xff, 0xe1, 0x43, 0x80, 0x7e, 0x26, 0x9b,
    0xcd, 0xd6, 0x54, 0x28, 0x80, 0x7f, 0xa9, 0x0,
    0x3f, 0xf8, 0xc, 0xe0, 0x1e, 0x18, 0xed, 0x96,
    0x43, 0x22, 0x1a, 0xbd, 0x76, 0x28, 0x7, 0xf5,
    0x8, 0x7, 0xf8, 0xe4, 0x3, 0x86, 0x79, 0xc4,
    0x3, 0xff, 0x80, 0x75, 0x84, 0x1, 0xf0, 0xd0,
    0x7, 0xfb, 0x80, 0x39, 0x3d, 0x80, 0x3f, 0xf8,
    0xa7, 0xaa, 0x1, 0xf2, 0x28, 0x7, 0xf1, 0x0,
    0x66, 0xb1, 0x0, 0xff, 0xe4, 0x52, 0x80, 0x7d,
    0x0, 0x1f, 0xfc, 0x15, 0x90, 0xf, 0xfe, 0x5d,
    0x10, 0x7, 0x89, 0x0, 0x3f, 0xe3, 0xa0, 0xf,
    0xfe, 0x6f, 0x80, 0x7d, 0xc0, 0x1f, 0xf7, 0x0,
    0x7f, 0xf3, 0x89, 0x40, 0x3c, 0x80, 0x1f, 0xe7,
    0x20, 0xf, 0xfe, 0x7c, 0x80, 0x78, 0x4c, 0x3,
    0xfa, 0x40, 0x3f, 0xfa, 0x6, 0x60, 0xf, 0x28,
    0x7, 0xe6, 0x10, 0xf, 0xfe, 0x8a, 0x80, 0x7b,
    0xc0, 0x3f, 0x68, 0x7, 0xff, 0x4b, 0x0, 0x3c,
    0x40, 0x1f, 0x90, 0x3, 0xff, 0xa4, 0xe0, 0x1e,
    0x60, 0xf, 0x8c, 0x3, 0xff, 0xa6, 0x40, 0x1e,
    0x30, 0xf, 0x94, 0x3, 0xff, 0xc5, 0xc0, 0x1f,
    0xfd, 0x41, 0x0, 0xe1, 0x0, 0xf8, 0x40, 0x3f,
    0xfa, 0x86, 0x1, 0xff, 0xc1, 0x30, 0xf, 0xff,
    0xf8, 0x7, 0xff, 0xfc, 0x3, 0xff, 0xfe, 0x1,
    0xff, 0xff, 0x0, 0xff, 0xff, 0x80, 0x7f, 0xff,
    0xc0, 0x3f, 0xff, 0xe0, 0x1f, 0xff, 0xf0, 0xf,
    0xff, 0xf8, 0x7, 0xff, 0xfc, 0x3, 0xff, 0xfe,
    0x1, 0xff, 0xff, 0x0, 0xff, 0xff, 0x80, 0x7f,
    0xff, 0xc0, 0x3f, 0xff, 0xe0, 0x1f, 0xff, 0xf0,
    0xf, 0xff, 0xf8, 0x7, 0xff, 0x54,

    /* U+006F "o" */
    0x0, 0xff, 0xe3, 0x9b, 0x4e, 0x6f, 0x7f, 0xbb,
    0x72, 0x9d, 0x4, 0x3, 0xff, 0xac, 0xb5, 0xf9,
    0x2c, 0x64, 0x20, 0x1, 0x23, 0x58, 0xbe, 0xb6,
    0x10, 0xf, 0xfe, 0x80, 0xbf, 0x52, 0x80, 0x7f,
    0xf1, 0x12, 0x7a, 0x48, 0x3, 0xff, 0x9a, 0xfd,
    0x2, 0x1, 0xff, 0xc9, 0x6d, 0x91, 0x0, 0xff,
    0xe4, 0x9e, 0x40, 0x7, 0xff, 0x39, 0xbd, 0x40,
    0x3f, 0xf8, 0xed, 0x86, 0x1, 0xff, 0xd0, 0x1a,
    0x90, 0xf, 0xfe, 0x2c, 0x48, 0x7, 0xf8, 0xde,
    0xb7, 0xbf, 0xee, 0xb8, 0x50, 0xf, 0xf3, 0x58,
    0x7, 0xff, 0xe, 0x5c, 0x3, 0xf0, 0xc7, 0x64,
    0x29, 0x8, 0x4, 0x28, 0xf5, 0xf4, 0x40, 0x1f,
    0x93, 0x0, 0x3f, 0xf8, 0x2e, 0xc0, 0x1f, 0xa3,
    0x9c, 0x40, 0x3f, 0xf8, 0x2b, 0xb4, 0x20, 0x1f,
    0x1d, 0x0, 0x7f, 0xcb, 0x0, 0x1f, 0x1e, 0xb8,
    0x7, 0xff, 0x19, 0x7d, 0x40, 0x3e, 0x58, 0x0,
    0xfe, 0x1b, 0x0, 0xf9, 0x70, 0x80, 0x3f, 0xf9,
    0x3, 0x50, 0x1, 0xf3, 0x98, 0x7, 0xea, 0x10,
    0xf, 0x35, 0x0, 0x7f, 0xf3, 0x1e, 0x40, 0x3e,
    0xe0, 0xf, 0x95, 0x0, 0x3c, 0x92, 0x1, 0xff,
    0xce, 0x67, 0x0, 0xf1, 0x40, 0x7, 0xa0, 0x3,
    0xc5, 0x60, 0x1f, 0xfd, 0x8, 0x40, 0xf, 0x38,
    0x80, 0x65, 0x20, 0xf, 0x48, 0x7, 0xff, 0x4a,
    0x40, 0x3e, 0x90, 0xd, 0x20, 0x1e, 0x54, 0x0,
    0xff, 0xe9, 0x14, 0x0, 0x79, 0xc0, 0x21, 0x30,
    0xf, 0x48, 0x7, 0xff, 0x51, 0x80, 0x3e, 0x40,
    0x3, 0x80, 0x79, 0xc, 0x3, 0xff, 0xa8, 0x2c,
    0x1, 0xee, 0x0, 0x68, 0x7, 0xb4, 0x3, 0xff,
    0xad, 0x40, 0x1e, 0x40, 0x2, 0x80, 0x79, 0xc0,
    0x3f, 0xfa, 0xc6, 0x20, 0x1c, 0x24, 0x41, 0x0,
    0xe2, 0x10, 0xf, 0xfe, 0xba, 0x0, 0x79, 0xd8,
    0x3, 0xce, 0x1, 0xff, 0xd8, 0xd0, 0xf, 0x69,
    0x0, 0x78, 0x80, 0x3f, 0xfb, 0x4, 0x1, 0xe1,
    0x10, 0x7, 0xb8, 0x3, 0xff, 0xb0, 0x20, 0x1e,
    0x3f, 0x0, 0xff, 0xef, 0xb8, 0x7, 0x84, 0x40,
    0x1e, 0x30, 0xf, 0xfe, 0xc0, 0x80, 0x79, 0xc4,
    0x3, 0xc6, 0x1, 0xff, 0xd8, 0x10, 0xf, 0x3f,
    0x80, 0x78, 0x40, 0x3f, 0xfb, 0xe, 0x1, 0xe1,
    0x10, 0x7, 0xbc, 0x3, 0xff, 0xb0, 0x20, 0x1e,
    0x32, 0x0, 0xf1, 0x80, 0x7f, 0xf6, 0x34, 0x3,
    0xdc, 0xa0, 0x1e, 0x60, 0xf, 0xfe, 0xc1, 0x0,
    0x78, 0xc4, 0x40, 0x1c, 0x42, 0x1, 0xff, 0xd7,
    0x40, 0xf, 0x28, 0x28, 0x7, 0x9c, 0x3, 0xff,
    0xac, 0x82, 0x1, 0xc2, 0x20, 0xd0, 0xf, 0x50,
    0x7, 0xff, 0x5b, 0x40, 0x3c, 0xe0, 0x7, 0x0,
    0xf1, 0x98, 0x3, 0xff, 0xa8, 0x2c, 0x1, 0xed,
    0x0, 0xa, 0x0, 0x7a, 0x0, 0x3f, 0xfa, 0x92,
    0x1, 0xe1, 0x40, 0xb, 0xc0, 0x3c, 0x88, 0x0,
    0xff, 0xe9, 0x13, 0x80, 0x7a, 0x40, 0x32, 0x18,
    0x7, 0xa8, 0x3, 0xff, 0xa5, 0xc0, 0x1e, 0x17,
    0x0, 0xe8, 0x0, 0xf0, 0xd8, 0x7, 0xff, 0x42,
    0xc, 0x3, 0xd2, 0x1, 0xe4, 0x50, 0xf, 0x24,
    0x80, 0x7f, 0xf3, 0x99, 0xc0, 0x3c, 0x4e, 0x1,
    0xf5, 0x88, 0x7, 0x9a, 0x80, 0x3f, 0xf9, 0x8f,
    0x20, 0x1f, 0x70, 0x7, 0xe1, 0xa0, 0xf, 0x97,
    0x8, 0x3, 0xff, 0x90, 0x35, 0x0, 0x1f, 0x41,
    0x80, 0x7f, 0x24, 0x80, 0x7c, 0x7a, 0xe0, 0x1f,
    0xfc, 0x66, 0xf5, 0x0, 0xf9, 0x9c, 0x3, 0xfe,
    0x67, 0x0, 0xfd, 0x1d, 0x4, 0x1, 0xff, 0xc0,
    0x16, 0xd9, 0x10, 0xf, 0x92, 0x40, 0x3f, 0xf8,
    0x31, 0x0, 0xf, 0xc2, 0xfb, 0xa9, 0x63, 0x21,
    0x11, 0x1a, 0xc6, 0x74, 0x90, 0x7, 0xe5, 0xb0,
    0xf, 0xfe, 0x1b, 0xd0, 0x7, 0xf8, 0x9a, 0x73,
    0x7b, 0x9b, 0x94, 0xe6, 0x1, 0xfe, 0x7a, 0x0,
    0xff, 0xe2, 0xae, 0x98, 0x7, 0xff, 0x40, 0x6e,
    0x0, 0x3f, 0xf8, 0xe5, 0x92, 0x20, 0x1f, 0xfc,
    0xd6, 0xe4, 0x0, 0xff, 0xe5, 0x37, 0x40, 0x80,
    0x7f, 0xf2, 0x5b, 0xa4, 0x3, 0xff, 0x9c, 0xfd,
    0x4a, 0x1, 0xff, 0xc4, 0x49, 0xe9, 0x10, 0xf,
    0xfe, 0x8a, 0xd7, 0xe4, 0xb1, 0x90, 0x80, 0x4,
    0x8d, 0x62, 0xfa, 0xd8, 0x40, 0x3f, 0xf8, 0x60,

    /* U+0070 "p" */
    0x8f, 0xff, 0x0, 0x7f, 0xf0, 0x52, 0x2b, 0x7b,
    0xfe, 0xed, 0xb8, 0x52, 0x0, 0xff, 0xeb, 0xb5,
    0xfd, 0xba, 0x90, 0x80, 0x42, 0x48, 0xf5, 0xba,
    0x82, 0x0, 0xff, 0xe9, 0x47, 0x4a, 0x0, 0x7f,
    0xf0, 0xc9, 0xf6, 0xcc, 0x3, 0xff, 0x9c, 0xbc,
    0xe2, 0x1, 0xff, 0xc8, 0x4c, 0xb2, 0x0, 0xff,
    0xe5, 0xd5, 0x4, 0x3, 0xff, 0x98, 0x9a, 0xe0,
    0x1f, 0xfc, 0x81, 0xd5, 0x0, 0xff, 0xe8, 0x45,
    0x80, 0x7f, 0xf1, 0x87, 0x8, 0x3, 0xf2, 0x45,
    0xef, 0x7f, 0xdd, 0x70, 0x80, 0x1f, 0xe4, 0xd1,
    0x0, 0xff, 0xe1, 0x8e, 0x10, 0x7, 0x86, 0x7a,
    0xdd, 0x8, 0x40, 0x21, 0x47, 0xbe, 0x92, 0x0,
    0xfc, 0x58, 0x20, 0x1f, 0xfc, 0x2b, 0x20, 0xe,
    0x19, 0xe6, 0x10, 0xf, 0xfe, 0x0, 0xb6, 0xc8,
    0x80, 0x7c, 0x5a, 0x1, 0xff, 0xc1, 0x65, 0x0,
    0xe4, 0xf6, 0x0, 0xff, 0xe3, 0x37, 0xa0, 0x7,
    0xc7, 0x40, 0x1f, 0xfc, 0x9, 0x0, 0xe6, 0xb1,
    0x0, 0xff, 0xe4, 0xd, 0xb8, 0x7, 0xca, 0xa0,
    0xf, 0xfe, 0x24, 0x48, 0x7, 0xff, 0x32, 0x20,
    0x1, 0xf5, 0x88, 0x7, 0xff, 0x9, 0x9c, 0x3,
    0xff, 0x9c, 0xec, 0x1, 0xe1, 0x80, 0xf, 0xfe,
    0x9, 0xc8, 0x7, 0xff, 0x42, 0x4c, 0x3, 0xcc,
    0x20, 0x1f, 0xfc, 0xf, 0x0, 0xff, 0xe9, 0x70,
    0x7, 0xd2, 0x1, 0xff, 0x31, 0x80, 0x7f, 0xf4,
    0x89, 0xc0, 0x3c, 0xc0, 0x1f, 0xf4, 0x0, 0x7f,
    0xf5, 0x24, 0x3, 0xc2, 0x80, 0x1f, 0xca, 0x20,
    0x1f, 0xfd, 0x41, 0x60, 0xf, 0x68, 0x7, 0xf7,
    0x0, 0x7f, 0xf5, 0xa8, 0x3, 0xc8, 0x1, 0xfc,
    0x80, 0x1f, 0xfd, 0x63, 0x10, 0xe, 0x20, 0xf,
    0xc8, 0x1, 0xff, 0xd8, 0x40, 0xf, 0x18, 0x7,
    0xc4, 0x1, 0xff, 0xd8, 0x20, 0xf, 0x28, 0x7,
    0xde, 0x1, 0xff, 0xd8, 0xd0, 0xf, 0x70, 0x7,
    0xc6, 0x1, 0xff, 0xd8, 0x10, 0xf, 0xfe, 0x10,
    0x80, 0x7f, 0xf6, 0x1c, 0x3, 0xc2, 0x1, 0xf3,
    0x80, 0x7f, 0xf6, 0x4, 0x3, 0xc6, 0x1, 0xf3,
    0x80, 0x7f, 0xf6, 0x4, 0x3, 0xc6, 0x1, 0xf0,
    0x80, 0x7f, 0xf6, 0x1c, 0x3, 0xc2, 0x1, 0xf1,
    0x80, 0x7f, 0xf6, 0x4, 0x3, 0xff, 0x85, 0xe0,
    0x1f, 0xfd, 0x8d, 0x0, 0xf7, 0x0, 0x7c, 0xa0,
    0x1f, 0xfd, 0x82, 0x0, 0xf2, 0x80, 0x7c, 0x60,
    0x1f, 0xfd, 0x84, 0x0, 0xf1, 0x80, 0x7e, 0x40,
    0xf, 0xfe, 0xb2, 0x8, 0x7, 0x10, 0x7, 0xf7,
    0x0, 0x7f, 0xf5, 0xb4, 0x3, 0xc8, 0x1, 0xfc,
    0xa2, 0x1, 0xff, 0xd4, 0x16, 0x0, 0xf6, 0x80,
    0x7f, 0xa0, 0x3, 0xff, 0xa9, 0x20, 0x1e, 0x14,
    0x0, 0xff, 0x31, 0x80, 0x7f, 0xf4, 0x89, 0xc0,
    0x3c, 0xc0, 0x1f, 0xfc, 0xf, 0x0, 0xff, 0xe9,
    0x70, 0x7, 0xd2, 0x1, 0xff, 0xc0, 0x39, 0x0,
    0xff, 0xe8, 0x49, 0x80, 0x79, 0xc4, 0x3, 0xff,
    0x82, 0xd0, 0x1, 0xff, 0xce, 0x86, 0x0, 0xf0,
    0xc0, 0x7, 0xff, 0xd, 0xe4, 0x3, 0xff, 0x99,
    0x2e, 0x1, 0xf5, 0x0, 0x7f, 0xcc, 0x1, 0xcd,
    0x62, 0x1, 0xff, 0xc8, 0x1b, 0x60, 0xf, 0x99,
    0x0, 0x3f, 0xec, 0x70, 0xe, 0x4e, 0x70, 0xf,
    0xfe, 0x33, 0x72, 0x0, 0x7c, 0x92, 0x1, 0xff,
    0xc1, 0x84, 0x0, 0xf4, 0x73, 0x90, 0x7, 0xff,
    0x0, 0x5f, 0xa4, 0x3, 0xf1, 0x58, 0x7, 0xff,
    0xe, 0xcc, 0x3, 0xc3, 0x1b, 0x92, 0xc6, 0x42,
    0x22, 0x35, 0x8c, 0xe8, 0x10, 0xf, 0xc7, 0x80,
    0x1f, 0xfc, 0x5c, 0x40, 0xf, 0xc6, 0xd3, 0x9b,
    0xdc, 0xdc, 0xa7, 0x30, 0xf, 0xf2, 0xe0, 0x80,
    0x7f, 0xf1, 0xad, 0xc0, 0x3f, 0xfa, 0x13, 0x40,
    0x1f, 0xfc, 0x98, 0xc2, 0x0, 0xff, 0xe6, 0x27,
    0x30, 0x7, 0xff, 0x2c, 0xf6, 0x48, 0x3, 0xff,
    0x90, 0x99, 0x62, 0x1, 0xff, 0xce, 0x6d, 0xa4,
    0x0, 0xff, 0xe1, 0x93, 0xed, 0x98, 0x7, 0xff,
    0x49, 0x6f, 0xee, 0x14, 0x84, 0x2, 0x12, 0x47,
    0xad, 0xd4, 0x10, 0x7, 0xff, 0x5d, 0x1e, 0xb7,
    0xbf, 0xee, 0xdb, 0x85, 0x20, 0xf, 0xff, 0xf8,
    0x7, 0xff, 0xfc, 0x3, 0xff, 0xfe, 0x1, 0xff,
    0xff, 0x0, 0xff, 0xff, 0x80, 0x7f, 0xff, 0xc0,
    0x3f, 0xff, 0xe0, 0x1f, 0xff, 0xf0, 0xf, 0xff,
    0xf8, 0x7, 0xff, 0xfc, 0x3, 0xff, 0xfe, 0x1,
    0xff, 0xff, 0x0, 0xff, 0xf5, 0x0,

    /* U+0071 "q" */
    0x0, 0xff, 0xe3, 0xa, 0xc5, 0xef, 0x7f, 0xdd,
    0xb5, 0xa, 0x20, 0x1f, 0xfc, 0xf, 0xff, 0x48,
    0x7, 0xff, 0xc, 0x9f, 0x3a, 0x9d, 0x8, 0x40,
    0x21, 0x25, 0x7a, 0xec, 0x60, 0xf, 0xfe, 0x91,
    0xd6, 0xc1, 0x80, 0x7f, 0xf0, 0xce, 0x7a, 0x4,
    0x3, 0xff, 0x9a, 0x35, 0x8a, 0x1, 0xff, 0xc8,
    0x17, 0xf6, 0x0, 0xff, 0xe5, 0xaf, 0xa8, 0x7,
    0xff, 0x30, 0x66, 0xc4, 0x3, 0xff, 0x91, 0x34,
    0x20, 0x1f, 0xfc, 0xf4, 0xc2, 0x0, 0xff, 0xe3,
    0x5b, 0x0, 0x7f, 0x8d, 0xeb, 0x7b, 0xfe, 0xeb,
    0x84, 0x0, 0xfc, 0x58, 0x40, 0x1f, 0xfc, 0x4c,
    0x40, 0xf, 0xc3, 0x1d, 0x90, 0xa4, 0x20, 0x10,
    0xa3, 0xdf, 0xc9, 0x0, 0x78, 0x7c, 0x40, 0x3f,
    0xf8, 0x54, 0x60, 0x1f, 0xa3, 0x9c, 0x40, 0x3f,
    0xf8, 0x2d, 0xb4, 0x20, 0x1c, 0x5a, 0x1, 0xff,
    0xc1, 0x75, 0x0, 0xf8, 0xf5, 0xc0, 0x3f, 0xf8,
    0xcb, 0xea, 0x1, 0xc6, 0xe0, 0x1f, 0xf1, 0xc0,
    0x7, 0xcb, 0x84, 0x1, 0xff, 0xc8, 0x1a, 0x80,
    0xe, 0x80, 0xf, 0xfb, 0xc0, 0x3e, 0x6a, 0x0,
    0xff, 0xe6, 0x3c, 0x80, 0x7f, 0xf0, 0xd8, 0xc0,
    0x3c, 0x92, 0x1, 0xff, 0xce, 0x67, 0x0, 0xff,
    0xe1, 0x40, 0x7, 0x8a, 0xc0, 0x3f, 0xfa, 0x10,
    0x80, 0x1f, 0xfc, 0x6, 0x10, 0xf, 0x48, 0x7,
    0xff, 0x4a, 0x40, 0x3f, 0xf8, 0x16, 0x1, 0xe5,
    0x40, 0xf, 0xfe, 0x91, 0x40, 0x7, 0xf8, 0x88,
    0x1, 0xe9, 0x0, 0xff, 0xea, 0x30, 0x7, 0xf9,
    0x40, 0x3c, 0x86, 0x1, 0xff, 0xd4, 0x16, 0x0,
    0xfe, 0xb0, 0xf, 0x68, 0x7, 0xff, 0x5a, 0x80,
    0x3f, 0x8c, 0x3, 0xce, 0x1, 0xff, 0xd6, 0x31,
    0x0, 0xf8, 0x80, 0x3c, 0x42, 0x1, 0xff, 0xd7,
    0x40, 0xf, 0x9c, 0x3, 0xce, 0x1, 0xff, 0xd8,
    0xd0, 0xf, 0x8c, 0x3, 0xc4, 0x1, 0xff, 0xd8,
    0x20, 0xf, 0x84, 0x3, 0xdc, 0x1, 0xff, 0xd8,
    0x10, 0xf, 0xbc, 0x3, 0xff, 0xbe, 0xe0, 0x1f,
    0x8, 0x7, 0x8c, 0x3, 0xff, 0xb0, 0x20, 0x1f,
    0x8, 0x7, 0x8c, 0x3, 0xff, 0xb0, 0x20, 0x1f,
    0x78, 0x7, 0xff, 0x7d, 0xc0, 0x3e, 0x10, 0xf,
    0x70, 0x7, 0xff, 0x60, 0x40, 0x3e, 0x20, 0xf,
    0x10, 0x7, 0xff, 0x63, 0x40, 0x3e, 0x60, 0xf,
    0x38, 0x7, 0xff, 0x60, 0x80, 0x3e, 0x20, 0xf,
    0x10, 0x80, 0x7f, 0xf5, 0xd0, 0x3, 0xf1, 0x80,
    0x79, 0xc0, 0x3f, 0xfa, 0xc6, 0x20, 0x1f, 0xac,
    0x3, 0xda, 0x1, 0xff, 0xd6, 0xa0, 0xf, 0xe5,
    0x0, 0xf2, 0x18, 0x7, 0xff, 0x50, 0x58, 0x3,
    0xf8, 0x88, 0x1, 0xe9, 0x0, 0xff, 0xea, 0x30,
    0x7, 0xfd, 0x60, 0x1e, 0x54, 0x0, 0xff, 0xe9,
    0x14, 0x0, 0x7f, 0xcc, 0x20, 0x1e, 0x90, 0xf,
    0xfe, 0x94, 0x80, 0x7f, 0xf0, 0x60, 0x3, 0xc5,
    0x60, 0x1f, 0xfd, 0x8, 0x40, 0xf, 0xfe, 0xb,
    0x18, 0x7, 0x92, 0x40, 0x3f, 0xf9, 0xcc, 0xe0,
    0x1f, 0xfc, 0x3e, 0x0, 0xf9, 0xa8, 0x3, 0xff,
    0x99, 0x12, 0x1, 0xff, 0xc4, 0x28, 0x0, 0xf9,
    0x70, 0x80, 0x3f, 0xf9, 0x3, 0x4e, 0x1, 0xcc,
    0x1, 0xff, 0xc0, 0x76, 0x0, 0xf8, 0xf5, 0xc0,
    0x3f, 0xf8, 0xcd, 0xea, 0x1, 0xcb, 0x40, 0x1f,
    0xfc, 0x19, 0x40, 0xf, 0xd1, 0xd0, 0x40, 0x1f,
    0xfc, 0x1, 0x7e, 0x91, 0x0, 0xe3, 0xa0, 0xf,
    0xfe, 0x1d, 0xa8, 0x7, 0xe1, 0x7d, 0xd4, 0xb1,
    0x90, 0x88, 0x8d, 0x63, 0x3a, 0x4, 0x3, 0xc5,
    0xa0, 0x1f, 0xfc, 0x5a, 0x70, 0xf, 0xf1, 0x34,
    0xe6, 0xf7, 0x37, 0x29, 0xcc, 0x3, 0xf1, 0xe0,
    0x80, 0x7f, 0xf1, 0xa2, 0xc4, 0x3, 0xff, 0x9e,
    0xb8, 0x20, 0x1f, 0xfc, 0x84, 0xf6, 0x0, 0xff,
    0xe6, 0xd, 0x50, 0x3, 0xff, 0x96, 0x33, 0xaa,
    0x1, 0xff, 0xc8, 0x18, 0xe5, 0x0, 0xff, 0xe7,
    0x15, 0x74, 0x18, 0x7, 0xff, 0xd, 0x2b, 0x9c,
    0x3, 0xff, 0xa4, 0x2f, 0x9d, 0x4e, 0x84, 0x20,
    0x10, 0x92, 0xbd, 0xfd, 0xa8, 0x7, 0xff, 0x5c,
    0x56, 0x2f, 0x7b, 0xfe, 0xed, 0xa8, 0x40, 0xf,
    0xff, 0xf8, 0x7, 0xff, 0xfc, 0x3, 0xff, 0xfe,
    0x1, 0xff, 0xff, 0x0, 0xff, 0xff, 0x80, 0x7f,
    0xff, 0xc0, 0x3f, 0xff, 0xe0, 0x1f, 0xff, 0xf0,
    0xf, 0xff, 0xf8, 0x7, 0xff, 0xfc, 0x3, 0xff,
    0xfe, 0x1, 0xff, 0xff, 0x0, 0xff, 0xf6, 0x0,

    /* U+0072 "r" */
    0x8f, 0xff, 0x0, 0x7f, 0xc2, 0xb1, 0x5b, 0xdd,
    0x0, 0x7f, 0xf0, 0xc5, 0xf3, 0xa9, 0xd4, 0x84,
    0x60, 0xf, 0xfe, 0x8, 0xcf, 0x41, 0x80, 0x7f,
    0xf2, 0x17, 0xd8, 0x3, 0xff, 0x95, 0x34, 0x20,
    0x1f, 0xfc, 0xaa, 0x60, 0xf, 0xfe, 0x5c, 0x28,
    0x7, 0xf1, 0x22, 0xb3, 0x40, 0x1f, 0x95, 0xc0,
    0x3e, 0x5a, 0xed, 0xba, 0x99, 0x80, 0x3e, 0x1b,
    0x0, 0xf3, 0x75, 0x28, 0x80, 0x7f, 0xf0, 0x60,
    0x40, 0x31, 0x6c, 0x88, 0x7, 0xff, 0x11, 0x80,
    0x32, 0x69, 0x0, 0x7f, 0xf2, 0x92, 0xc0, 0x3f,
    0xf9, 0x65, 0x40, 0x1f, 0xfc, 0xce, 0x10, 0xf,
    0xfe, 0x5a, 0x98, 0x7, 0xff, 0x32, 0x0, 0x3f,
    0xf9, 0x88, 0x40, 0x1f, 0xfc, 0xcd, 0x0, 0xff,
    0xe6, 0xb8, 0x7, 0xff, 0x30, 0x84, 0x3, 0xff,
    0x98, 0xe0, 0x1f, 0xfc, 0xd2, 0x0, 0xff, 0xe6,
    0xf0, 0x7, 0xff, 0x34, 0xc0, 0x3f, 0xff, 0xe0,
    0x1f, 0xff, 0xf0, 0xf, 0xff, 0xf8, 0x7, 0xff,
    0xfc, 0x3, 0xff, 0xfe, 0x1, 0xff, 0xff, 0x0,
    0xff, 0xff, 0x80, 0x7f, 0xff, 0xc0, 0x3f, 0xff,
    0xe0, 0x1f, 0xfe, 0x10,

    /* U+0073 "s" */
    0x0, 0xff, 0xe1, 0x13, 0x45, 0xe7, 0x7f, 0xee,
    0xdb, 0x97, 0x41, 0x0, 0xff, 0xe5, 0x1c, 0xf6,
    0xcb, 0xa1, 0x88, 0x6, 0x12, 0x46, 0x8b, 0xed,
    0x94, 0x0, 0xff, 0xe2, 0x9e, 0x61, 0x84, 0x3,
    0xff, 0x8a, 0x4d, 0x7d, 0x26, 0x1, 0xff, 0xc0,
    0x1a, 0xc3, 0x0, 0xff, 0xe5, 0x8b, 0x65, 0xa0,
    0x7, 0xf1, 0x62, 0x80, 0x7f, 0xf4, 0x12, 0xe8,
    0x3, 0xe2, 0xc2, 0x0, 0xff, 0xe0, 0x88, 0x80,
    0x3f, 0xf8, 0x82, 0x1, 0xe1, 0xc1, 0x0, 0xfc,
    0x71, 0x7d, 0xfe, 0xee, 0x7f, 0xbb, 0x65, 0x8c,
    0x3, 0xfa, 0x40, 0x3d, 0x42, 0x1, 0xf3, 0xf6,
    0x3a, 0x8, 0x7, 0x84, 0x9a, 0x73, 0xe9, 0x0,
    0x39, 0x88, 0x3, 0x91, 0x0, 0x1e, 0x2d, 0x81,
    0x0, 0xff, 0xe2, 0x2d, 0xf3, 0x0, 0x50, 0x1,
    0xe8, 0x0, 0xf1, 0x61, 0x0, 0x7f, 0xf2, 0x6,
    0x75, 0x1c, 0x40, 0x38, 0x8c, 0x3, 0xdc, 0x20,
    0x1f, 0xfc, 0xb2, 0xb8, 0x0, 0xf2, 0x0, 0x79,
    0xc, 0x3, 0xff, 0xab, 0xc0, 0x1e, 0xe0, 0xf,
    0xfe, 0xb1, 0x0, 0x79, 0x80, 0x3f, 0xfb, 0xa2,
    0x1, 0xff, 0xdd, 0x10, 0xf, 0xfe, 0xb1, 0x0,
    0x79, 0x0, 0x3f, 0xfa, 0xda, 0x1, 0xe9, 0x0,
    0xff, 0xeb, 0x20, 0x7, 0x86, 0xc0, 0x3f, 0xfa,
    0xa2, 0x60, 0x1e, 0x4c, 0x20, 0xf, 0xfe, 0xa4,
    0x0, 0x7c, 0x7b, 0x46, 0x1, 0xff, 0xd2, 0x46,
    0x0, 0xfc, 0xb9, 0xb2, 0xa2, 0x1, 0xff, 0xcf,
    0x93, 0x0, 0xfe, 0x26, 0xae, 0xda, 0x74, 0x10,
    0xf, 0xfe, 0x5e, 0x28, 0x7, 0xff, 0x0, 0x96,
    0x2f, 0xb6, 0x9d, 0x4, 0x3, 0xff, 0x8f, 0x52,
    0x20, 0x1f, 0xfc, 0x32, 0x58, 0xbe, 0xd8, 0x40,
    0xf, 0xfe, 0x2b, 0x7c, 0x8, 0x7, 0xff, 0x18,
    0x9e, 0xfa, 0x48, 0x3, 0xff, 0x86, 0x2f, 0xd4,
    0xa2, 0x1, 0xff, 0xc6, 0x16, 0xdb, 0x30, 0xf,
    0xfe, 0x22, 0xd7, 0x64, 0x29, 0x0, 0x7f, 0xf1,
    0x53, 0x20, 0x3, 0xff, 0x8c, 0x6f, 0x5b, 0xd7,
    0xa, 0x40, 0x1f, 0xfc, 0x27, 0xa0, 0xf, 0xfe,
    0x48, 0xa3, 0xd6, 0xfe, 0x4a, 0x88, 0x7, 0xf9,
    0x64, 0x3, 0xff, 0x9c, 0x6d, 0x5d, 0xb0, 0x40,
    0x1f, 0x99, 0x40, 0x3f, 0xfa, 0x24, 0xfb, 0x64,
    0x1, 0xf4, 0x0, 0x7f, 0xf5, 0x13, 0x50, 0x3,
    0xc4, 0x60, 0x1f, 0xfd, 0x5b, 0x20, 0xf, 0x58,
    0x7, 0xff, 0x5a, 0x0, 0x3c, 0x60, 0x1f, 0xfd,
    0x64, 0x0, 0xf3, 0x80, 0x7f, 0xf5, 0x84, 0x3,
    0xc2, 0x1, 0xff, 0xff, 0x2, 0x0, 0xf3, 0x0,
    0x48, 0x1, 0xff, 0xd2, 0x50, 0xf, 0x10, 0x0,
    0x6f, 0x4c, 0x3, 0xff, 0x9e, 0x32, 0x1, 0xec,
    0x0, 0x58, 0x16, 0x51, 0x0, 0x7f, 0xf3, 0x6c,
    0x40, 0x38, 0x54, 0xd, 0x40, 0x25, 0xdb, 0x40,
    0xf, 0xfe, 0x48, 0xda, 0x80, 0x79, 0x80, 0x1e,
    0x1, 0xe4, 0xbe, 0x83, 0x0, 0xff, 0xe2, 0xb,
    0xfa, 0x0, 0x78, 0xa0, 0x10, 0xc0, 0x3f, 0xb,
    0xe7, 0x5c, 0x29, 0x88, 0x7, 0x9, 0xac, 0x67,
    0x40, 0x80, 0x7d, 0xc0, 0x4, 0x70, 0xf, 0xf8,
    0x51, 0xeb, 0x3b, 0xff, 0xbb, 0x29, 0xcc, 0x3,
    0xfa, 0xcc, 0x2, 0x8c, 0x30, 0xf, 0xfe, 0xa0,
    0xe2, 0x0, 0x71, 0xe5, 0x18, 0x7, 0xff, 0x45,
    0x7c, 0xc0, 0x3f, 0x2e, 0x61, 0x80, 0x3f, 0xf9,
    0xa9, 0x94, 0x20, 0x1f, 0xf1, 0xcf, 0xdb, 0x10,
    0x7, 0xff, 0x18, 0x9f, 0x6c, 0xc0, 0x3f, 0xf8,
    0x89, 0x3b, 0xd7, 0xc, 0x84, 0x20, 0x18, 0x48,
    0xd5, 0xef, 0xb6, 0x8, 0x3, 0xf8,

    /* U+0074 "t" */
    0x0, 0xfe, 0x5f, 0xff, 0x38, 0x7, 0xff, 0xfc,
    0x3, 0xff, 0xfe, 0x1, 0xff, 0xff, 0x0, 0xff,
    0xff, 0x80, 0x7f, 0xff, 0xc0, 0x33, 0x7f, 0xfe,
    0xa0, 0xf, 0x47, 0xff, 0xff, 0xb, 0x40, 0x3f,
    0xff, 0xe0, 0x1f, 0xff, 0xd2, 0x33, 0xfc, 0x40,
    0x1e, 0x13, 0x3f, 0xfe, 0x13, 0x80, 0x64, 0xcc,
    0xfd, 0x0, 0x1e, 0x9c, 0xcf, 0xfe, 0x15, 0x0,
    0x7f, 0xff, 0xc0, 0x3f, 0xff, 0xe0, 0x1f, 0xff,
    0xf0, 0xf, 0xff, 0xf8, 0x7, 0xff, 0xfc, 0x3,
    0xff, 0xfe, 0x1, 0xff, 0xff, 0x0, 0xff, 0xff,
    0x80, 0x7f, 0xff, 0xc0, 0x3f, 0xff, 0xe0, 0x1f,
    0xff, 0xf0, 0xf, 0xff, 0xf8, 0x7, 0xff, 0xfc,
    0x3, 0xff, 0xfe, 0x1, 0xff, 0xc2, 0xf0, 0xf,
    0xfe, 0x80, 0x80, 0x78, 0x40, 0x3f, 0xfa, 0xc,
    0x1, 0xe2, 0x0, 0xff, 0xe8, 0x18, 0x7, 0x94,
    0x3, 0xff, 0xa0, 0x22, 0x0, 0xe1, 0x30, 0xf,
    0xfe, 0x82, 0x0, 0x7a, 0x0, 0x3f, 0xfa, 0x1e,
    0x1, 0xe4, 0x60, 0xf, 0xfe, 0x9, 0x80, 0x7f,
    0xf0, 0x54, 0x80, 0x3d, 0x2e, 0x1, 0xfe, 0x19,
    0xc2, 0x0, 0xff, 0xe0, 0xd8, 0x7, 0xd1, 0xac,
    0x40, 0x18, 0x56, 0x79, 0x82, 0x0, 0x3f, 0xf8,
    0x2c, 0x60, 0x1f, 0x14, 0xef, 0xf7, 0x3f, 0xa9,
    0x80, 0x25, 0x20, 0xf, 0xfe, 0xe, 0x88, 0x7,
    0xf8, 0x44, 0x1, 0xfa, 0x0, 0x3f, 0xf8, 0x23,
    0x84, 0x1, 0xff, 0xc7, 0x70, 0xf, 0xfe, 0x11,
    0x6a, 0x0, 0x7f, 0xf1, 0x5b, 0x40, 0x3f, 0xf8,
    0x97, 0x88, 0x1, 0xff, 0xc1, 0x6c, 0x90, 0xf,
    0xfe, 0x31, 0xdf, 0x53, 0x19, 0x8, 0x9, 0x23,
    0xdf, 0x49, 0x80, 0x40,

    /* U+0075 "u" */
    0xff, 0xf6, 0x80, 0x7f, 0xf5, 0x37, 0xff, 0xc0,
    0x1f, 0xff, 0xf0, 0xf, 0xff, 0xf8, 0x7, 0xff,
    0xfc, 0x3, 0xff, 0xfe, 0x1, 0xff, 0xff, 0x0,
    0xff, 0xff, 0x80, 0x7f, 0xff, 0xc0, 0x3f, 0xff,
    0xe0, 0x1f, 0xff, 0xf0, 0xf, 0xff, 0xf8, 0x7,
    0xff, 0xfc, 0x3, 0xff, 0xfe, 0x1, 0xff, 0xff,
    0x0, 0xff, 0xff, 0x80, 0x7f, 0xff, 0xc0, 0x3f,
    0xff, 0xe0, 0x1f, 0xff, 0xf0, 0xf, 0xfe, 0xb1,
    0x80, 0x7f, 0xf0, 0x4c, 0x3, 0xff, 0xa8, 0x20,
    0x1f, 0x8, 0x7, 0x8, 0x7, 0xff, 0x4c, 0x40,
    0x3f, 0xfc, 0x4a, 0x1, 0xf8, 0xc0, 0x3c, 0x20,
    0x1f, 0xfd, 0x23, 0x0, 0xfc, 0xc0, 0x1e, 0x40,
    0xf, 0xfe, 0x95, 0x80, 0x7e, 0x20, 0xf, 0x60,
    0x7, 0xff, 0x44, 0x4c, 0x3, 0xf7, 0x80, 0x79,
    0x40, 0x3f, 0xfa, 0x2c, 0x1, 0xfc, 0xa0, 0x1e,
    0x33, 0x0, 0x7f, 0xf4, 0x24, 0x3, 0xf8, 0xc4,
    0x3, 0xd2, 0x1, 0xff, 0xcf, 0x81, 0x0, 0xff,
    0x38, 0x7, 0x94, 0x80, 0x3f, 0xf9, 0xa6, 0xe0,
    0x1f, 0xf6, 0x80, 0x7d, 0xe0, 0x1f, 0xfc, 0xc1,
    0xd0, 0xf, 0xfe, 0x2, 0x10, 0x7, 0x8a, 0x80,
    0x3f, 0xf9, 0x43, 0x82, 0x1, 0xff, 0xc1, 0x80,
    0xf, 0x96, 0x40, 0x3f, 0xf9, 0x7, 0xe4, 0x1,
    0x84, 0x3, 0xf9, 0x50, 0x3, 0xe6, 0xc2, 0x0,
    0xff, 0xe2, 0xc6, 0x8, 0x6, 0x46, 0x0, 0xff,
    0x50, 0x80, 0x7c, 0x7b, 0x46, 0x1, 0xff, 0xc0,
    0x28, 0xe7, 0x0, 0xe1, 0xa0, 0xf, 0xf8, 0x68,
    0x3, 0xf9, 0x73, 0xa9, 0xd0, 0xc8, 0x86, 0x8d,
    0x3b, 0xa7, 0x10, 0xf, 0x68, 0x80, 0x7f, 0xf0,
    0x12, 0xc0, 0x3f, 0xc2, 0xb1, 0x79, 0xba, 0xcb,
    0x96, 0x20, 0xf, 0xd6, 0x60, 0x1f, 0xfc, 0x24,
    0xc1, 0x0, 0xff, 0xe7, 0x16, 0xa0, 0x7, 0xff,
    0x10, 0xfd, 0x40, 0x3f, 0xf9, 0x8d, 0x84, 0x1,
    0xff, 0xc6, 0x1a, 0xb3, 0x0, 0xff, 0xe4, 0x26,
    0x48, 0x80, 0x7f, 0xf2, 0x53, 0x30, 0xc2, 0x1,
    0xff, 0xc2, 0x16, 0xcb, 0x30, 0xf, 0xfe, 0x69,
    0xcf, 0x64, 0xb1, 0x90, 0x6, 0x13, 0x58, 0xce,
    0x93, 0x0, 0xff, 0xe2, 0x0,

    /* U+0076 "v" */
    0xbf, 0xff, 0x30, 0x7, 0xff, 0x67, 0xff, 0xd7,
    0xe0, 0x1e, 0xb0, 0xf, 0xfe, 0xc3, 0x80, 0x7b,
    0xd0, 0xc0, 0x38, 0x90, 0x3, 0xff, 0xaf, 0x40,
    0x1c, 0x48, 0x12, 0x1, 0xef, 0x0, 0xff, 0xeb,
    0x29, 0x0, 0x75, 0x80, 0x14, 0x40, 0x39, 0x8,
    0x3, 0xff, 0xab, 0x20, 0x1c, 0x2c, 0x1, 0x48,
    0x7, 0xac, 0x3, 0xff, 0xa8, 0x66, 0x0, 0xe6,
    0x0, 0xcc, 0x1, 0xe6, 0x10, 0xf, 0xfe, 0x9c,
    0x80, 0x7a, 0x40, 0x30, 0xb0, 0x7, 0x98, 0x3,
    0xff, 0xa4, 0x2a, 0x1, 0xca, 0x20, 0x1d, 0x60,
    0x1e, 0x90, 0xf, 0xfe, 0x94, 0x80, 0x7a, 0x40,
    0x3c, 0x48, 0x1, 0xc2, 0xa0, 0x1f, 0xfd, 0x16,
    0x0, 0xe3, 0x30, 0x7, 0xde, 0x1, 0xe9, 0x0,
    0xff, 0xe8, 0x30, 0x80, 0x74, 0x0, 0x7e, 0x42,
    0x0, 0xe3, 0x30, 0x7, 0xff, 0x3e, 0xc0, 0x38,
    0x90, 0x3, 0xfa, 0xc0, 0x3d, 0x20, 0x1f, 0xfc,
    0xe4, 0x20, 0xe, 0xb0, 0xf, 0xf3, 0x8, 0x7,
    0x28, 0x80, 0x7f, 0xf3, 0x7c, 0x3, 0xcc, 0x1,
    0xff, 0x30, 0x7, 0xa4, 0x3, 0xff, 0x98, 0x48,
    0x1, 0xce, 0x1, 0xff, 0xc0, 0x90, 0xf, 0x30,
    0x7, 0xff, 0x32, 0xc0, 0x3d, 0x20, 0x1f, 0xfc,
    0x1, 0x50, 0xe, 0x16, 0x0, 0xff, 0xe5, 0xb,
    0x0, 0x72, 0x88, 0x7, 0xff, 0x6, 0x40, 0x3d,
    0x60, 0x1f, 0xfc, 0xa6, 0x0, 0xf4, 0x80, 0x7f,
    0xf0, 0x8c, 0xc0, 0x1c, 0x48, 0x1, 0xff, 0xc9,
    0x90, 0xe, 0x33, 0x0, 0x7f, 0xf0, 0xe4, 0x3,
    0xde, 0x1, 0xff, 0xc8, 0x51, 0x0, 0xe9, 0x0,
    0xff, 0xe2, 0x28, 0x80, 0x72, 0x10, 0x7, 0xff,
    0x1e, 0x40, 0x38, 0x54, 0x3, 0xff, 0x8b, 0x20,
    0x1e, 0xa0, 0xf, 0xfe, 0x31, 0x98, 0x3, 0xa4,
    0x3, 0xff, 0x8c, 0xc0, 0x1e, 0x70, 0xf, 0xfe,
    0x34, 0x80, 0x79, 0x80, 0x3f, 0xf8, 0xc2, 0xc0,
    0x1e, 0x60, 0xf, 0xfe, 0x21, 0x28, 0x7, 0x30,
    0x80, 0x7f, 0xf1, 0xec, 0x3, 0xd6, 0x1, 0xff,
    0xc4, 0xa0, 0xf, 0x58, 0x7, 0xff, 0x20, 0x90,
    0x3, 0x89, 0x0, 0x3f, 0xf8, 0x6e, 0x1, 0xc8,
    0x40, 0x1f, 0xfc, 0x9f, 0x0, 0xf7, 0x80, 0x7f,
    0xf0, 0x9c, 0x3, 0xde, 0x1, 0xff, 0xca, 0x42,
    0x0, 0xe4, 0x20, 0xf, 0xfe, 0xd, 0x0, 0x71,
    0x20, 0x7, 0xff, 0x2e, 0xc0, 0x3d, 0x60, 0x1f,
    0xfc, 0x5, 0x20, 0xe, 0xb0, 0xf, 0xfe, 0x63,
    0x8, 0x7, 0x30, 0x80, 0x7f, 0xd2, 0x1, 0xc2,
    0xc0, 0x1f, 0xfc, 0xd6, 0x0, 0xf3, 0x0, 0x7f,
    0x8c, 0xc0, 0x1d, 0x20, 0x1f, 0xfc, 0xe9, 0x0,
    0xf4, 0x80, 0x7f, 0xa4, 0x3, 0xcc, 0x1, 0xff,
    0xce, 0x15, 0x0, 0xe1, 0x50, 0xf, 0xc2, 0xa0,
    0x1c, 0xc2, 0x1, 0xff, 0xcf, 0x90, 0xf, 0x48,
    0x7, 0xe9, 0x0, 0xf5, 0x80, 0x7f, 0xf4, 0xc,
    0xc0, 0x1c, 0x66, 0x0, 0xf9, 0x80, 0x39, 0x8,
    0x3, 0xff, 0xa3, 0x20, 0x1e, 0x90, 0xf, 0x30,
    0x80, 0x77, 0x80, 0x7f, 0xf4, 0x94, 0x40, 0x39,
    0x44, 0x3, 0xac, 0x3, 0x89, 0x0, 0x3f, 0xfa,
    0x72, 0x1, 0xe9, 0x0, 0xc8, 0x40, 0x1d, 0x60,
    0x1f, 0xfd, 0x46, 0x0, 0xf3, 0x0, 0x6f, 0x0,
    0xe1, 0x60, 0xf, 0xfe, 0xa0, 0xb0, 0x7, 0xb,
    0x0, 0x9, 0x0, 0x39, 0x80, 0x3f, 0xfa, 0xd6,
    0x1, 0xeb, 0x0, 0x58, 0x7, 0xa4, 0x3, 0xff,
    0xac, 0x48, 0x1, 0xc4, 0x82, 0xc0, 0x1c, 0xa2,
    0x1, 0xff, 0xd7, 0xf0, 0xf, 0x7b, 0x0, 0x7a,
    0x40, 0x3f, 0xfb, 0x8, 0x40, 0x1c, 0x92, 0x1,
    0xc6, 0x60, 0xf, 0xfe, 0xcd, 0x80, 0x78, 0x40,
    0x3a, 0x40, 0x3f, 0xfb, 0x4c, 0x20, 0x1f, 0xe1,
    0x50, 0xf, 0xfe, 0xdb, 0x0, 0x7f, 0xa4, 0x3,
    0xff, 0xb9, 0x20, 0x1f, 0xe7, 0x0, 0xff, 0xee,
    0xa, 0x80, 0x7e, 0x60, 0xf, 0xfe, 0xf4, 0x80,
    0x7e, 0xb0, 0xf, 0xfe, 0xf1, 0x98, 0x3, 0xc8,
    0x40, 0x1f, 0xfc, 0x90,

    /* U+0077 "w" */
    0x1f, 0xff, 0x38, 0x7, 0xff, 0x4f, 0x7f, 0xf9,
    0x80, 0x3f, 0xfa, 0x7b, 0xff, 0xcc, 0x2a, 0x1,
    0xd4, 0x1, 0xff, 0xd2, 0x32, 0x0, 0xea, 0x0,
    0xff, 0xe9, 0x11, 0x0, 0x39, 0xc3, 0x80, 0x38,
    0x8c, 0x3, 0xff, 0xa3, 0x40, 0x1e, 0x32, 0x0,
    0xff, 0xe8, 0xd0, 0x7, 0x28, 0x82, 0x8, 0x7,
    0x50, 0x7, 0xff, 0x45, 0xc0, 0x3e, 0xa0, 0xf,
    0xfe, 0x8b, 0x0, 0x77, 0x0, 0x4c, 0x1, 0xce,
    0x1, 0xff, 0xd0, 0x51, 0x0, 0xf9, 0x80, 0x3f,
    0xfa, 0x8, 0x20, 0x18, 0x50, 0x2, 0xa0, 0xe,
    0x14, 0x0, 0xff, 0xe7, 0xf0, 0x7, 0xe1, 0x40,
    0xf, 0xfe, 0x7f, 0x0, 0x73, 0x0, 0x62, 0x20,
    0x7, 0x70, 0x7, 0xff, 0x38, 0x50, 0x3, 0xfb,
    0x80, 0x3f, 0xf9, 0xc2, 0xa0, 0x1d, 0x40, 0x1d,
    0x40, 0x1c, 0xa0, 0x1f, 0xfc, 0xe6, 0x0, 0xff,
    0x28, 0x7, 0xff, 0x39, 0xc0, 0x38, 0xc8, 0x3,
    0x98, 0x3, 0xcc, 0x1, 0xff, 0xcd, 0xa0, 0xf,
    0xf9, 0x80, 0x3f, 0xf9, 0xb4, 0x1, 0xd4, 0x1,
    0xe1, 0x40, 0xe, 0xa0, 0xf, 0xfe, 0x61, 0x90,
    0x7, 0x10, 0x7, 0x50, 0x7, 0xff, 0x30, 0x8c,
    0x3, 0x9c, 0x3, 0xee, 0x0, 0xe3, 0x10, 0xf,
    0xfe, 0x5d, 0x0, 0x71, 0xc0, 0x7, 0x19, 0x0,
    0x7f, 0xf2, 0xe8, 0x3, 0x94, 0x40, 0x3e, 0x51,
    0x0, 0xe6, 0x0, 0xff, 0xe5, 0xb0, 0x7, 0x52,
    0x88, 0x7, 0x50, 0x7, 0xff, 0x2d, 0x80, 0x3b,
    0x80, 0x3f, 0x9c, 0x3, 0xa8, 0x3, 0xff, 0x94,
    0xa0, 0x1e, 0x60, 0x60, 0xe, 0x50, 0xf, 0xfe,
    0x52, 0x8, 0x6, 0x14, 0x0, 0xfe, 0xa0, 0xe,
    0x23, 0x0, 0xff, 0xe4, 0xf0, 0x7, 0x30, 0x2,
    0x80, 0x38, 0x90, 0x3, 0xff, 0x93, 0xc0, 0x1c,
    0xc0, 0x1f, 0xe3, 0x20, 0xe, 0xa0, 0xf, 0xfe,
    0x40, 0xa0, 0x7, 0x50, 0x0, 0x8c, 0x3, 0xb4,
    0x3, 0xff, 0x92, 0xa0, 0x1d, 0x40, 0x1f, 0xf5,
    0x0, 0x73, 0x80, 0x7f, 0xf2, 0x18, 0x3, 0x88,
    0xc0, 0x2a, 0x0, 0xe6, 0x0, 0xff, 0xe4, 0x28,
    0x7, 0x19, 0x0, 0x7f, 0xcc, 0x1, 0xc2, 0x80,
    0x1f, 0xfc, 0x7a, 0x0, 0xea, 0x0, 0xce, 0x1,
    0xe5, 0x0, 0xff, 0xe3, 0xf0, 0x7, 0x50, 0x7,
    0xff, 0x0, 0x50, 0x3, 0xb8, 0x3, 0xff, 0x8c,
    0x64, 0x1, 0xcc, 0x1, 0x85, 0x40, 0x3b, 0x80,
    0x3f, 0xf8, 0xc2, 0x80, 0x1c, 0xe0, 0x1f, 0xfc,
    0x1e, 0x0, 0xe5, 0x10, 0xf, 0xfe, 0x2d, 0x0,
    0x72, 0x8, 0x7, 0x70, 0x7, 0x20, 0x80, 0x7f,
    0xf1, 0x58, 0x3, 0x94, 0x40, 0x3f, 0xf8, 0x2a,
    0x20, 0x1c, 0xe0, 0x1f, 0xfc, 0x56, 0x0, 0xee,
    0x0, 0xf2, 0x8, 0x7, 0x30, 0x7, 0xff, 0x16,
    0x80, 0x3b, 0x80, 0x3f, 0xf8, 0x6e, 0x1, 0xd4,
    0x1, 0xff, 0xc4, 0x60, 0xe, 0x15, 0x0, 0xf9,
    0x80, 0x3a, 0x80, 0x3f, 0xf8, 0x86, 0x40, 0x18,
    0x50, 0x3, 0xff, 0x87, 0x40, 0x1c, 0x64, 0x1,
    0xff, 0xc3, 0xa0, 0xe, 0x60, 0xf, 0xd4, 0x1,
    0xc4, 0x60, 0x1f, 0xfc, 0x3a, 0x0, 0xe6, 0x0,
    0xff, 0xe2, 0x19, 0x0, 0x72, 0x80, 0x7f, 0xf0,
    0x88, 0xc0, 0x3a, 0x80, 0x3f, 0x11, 0x80, 0x75,
    0x0, 0x7f, 0xf0, 0xdc, 0x3, 0xa8, 0x3, 0xff,
    0x8b, 0x40, 0x1d, 0x40, 0x1f, 0xfc, 0x2a, 0x0,
    0xe3, 0x20, 0xf, 0xea, 0x0, 0xe6, 0x0, 0xff,
    0xe1, 0x28, 0x80, 0x63, 0x20, 0xf, 0xfe, 0x2b,
    0x0, 0x71, 0x18, 0x7, 0xff, 0x5, 0x80, 0x3a,
    0x80, 0x3f, 0xcc, 0x1, 0xe5, 0x0, 0xff, 0xe0,
    0xf0, 0x7, 0x50, 0x7, 0xff, 0x18, 0x50, 0x3,
    0xa8, 0x3, 0xff, 0x80, 0x82, 0x1, 0xcc, 0x1,
    0xff, 0x30, 0x7, 0x70, 0x7, 0xff, 0x0, 0x50,
    0x3, 0x9c, 0x3, 0xff, 0x8f, 0xc0, 0x1c, 0xe0,
    0x1f, 0xfc, 0xe, 0x0, 0xe6, 0x0, 0xff, 0xe0,
    0x50, 0x7, 0x20, 0x80, 0x7f, 0xcc, 0x1, 0xc8,
    0x20, 0x1f, 0xfc, 0x75, 0x0, 0xe1, 0x40, 0xf,
    0xf9, 0x40, 0x3a, 0x80, 0x3f, 0xf8, 0x6, 0x40,
    0x1c, 0xc0, 0x1f, 0xf5, 0x0, 0x77, 0x0, 0x7f,
    0xf2, 0x58, 0x3, 0xb8, 0x3, 0xfc, 0xc0, 0x1c,
    0x46, 0x1, 0xff, 0xc1, 0xa0, 0xe, 0xa0, 0xf,
    0xf1, 0x90, 0x6, 0x15, 0x0, 0xff, 0xe4, 0xd0,
    0x7, 0x28, 0x80, 0x7f, 0x50, 0x7, 0x50, 0x7,
    0xff, 0x9, 0x80, 0x38, 0x8c, 0x3, 0xfa, 0xc0,
    0x39, 0xc0, 0x3f, 0xf9, 0x46, 0x40, 0x1c, 0xe0,
    0x1f, 0x88, 0xc0, 0x39, 0x80, 0x3f, 0xf8, 0x42,
    0x80, 0x1d, 0x40, 0x1f, 0xcc, 0x1, 0xd4, 0x1,
    0xff, 0xcb, 0xa0, 0xe, 0xa0, 0xf, 0xd4, 0x1,
    0xc8, 0x20, 0x1f, 0xfc, 0x3e, 0x0, 0xe7, 0x0,
    0xfc, 0x82, 0x1, 0x88, 0xc0, 0x3f, 0xf9, 0x6c,
    0x1, 0xc6, 0x40, 0x1f, 0x30, 0x7, 0x70, 0x7,
    0xff, 0x11, 0x44, 0x3, 0xa, 0x80, 0x7d, 0xc0,
    0x1d, 0x40, 0x1f, 0xfc, 0xc1, 0x40, 0xe, 0x50,
    0xf, 0x20, 0x80, 0x61, 0x50, 0xf, 0xfe, 0x2b,
    0x80, 0x77, 0x0, 0x78, 0x54, 0x3, 0x98, 0x3,
    0xff, 0x9b, 0xc0, 0x1d, 0x40, 0x1e, 0xe0, 0xe,
    0x60, 0xf, 0xfe, 0x35, 0x0, 0x72, 0x8, 0x7,
    0x38, 0x7, 0x20, 0x80, 0x7f, 0xf3, 0x54, 0x3,
    0x88, 0xc0, 0x30, 0xa8, 0x7, 0x50, 0x7, 0xff,
    0x18, 0xc8, 0x3, 0x98, 0x3, 0xa8, 0x3, 0xb8,
    0x3, 0xff, 0x9e, 0xa0, 0x1d, 0x40, 0x19, 0xc0,
    0x38, 0xc8, 0x3, 0xff, 0x8f, 0x60, 0x1d, 0x40,
    0x18, 0x8c, 0x3, 0xa, 0x80, 0x7f, 0xf3, 0xf8,
    0x3, 0x9c, 0x3, 0x50, 0x7, 0x50, 0x7, 0xff,
    0x21, 0xc0, 0x38, 0x8c, 0x2, 0xa0, 0xe, 0x70,
    0xf, 0xfe, 0x82, 0x8, 0x6, 0x15, 0x0, 0x11,
    0x80, 0x73, 0x0, 0x7f, 0xf2, 0x5, 0x40, 0x3a,
    0x80, 0x26, 0x0, 0xea, 0x0, 0xff, 0xe8, 0xb0,
    0x7, 0x78, 0x2, 0x80, 0x39, 0x80, 0x3f, 0xf9,
    0x5c, 0x1, 0xce, 0x0, 0x41, 0x0, 0xc4, 0x60,
    0x1f, 0xfd, 0x1a, 0x0, 0xe5, 0x10, 0x60, 0xe,
    0xa0, 0xf, 0xfe, 0x52, 0x8, 0x6, 0x15, 0xe,
    0x0, 0xea, 0x0, 0xff, 0xe9, 0x11, 0x80, 0x73,
    0xa0, 0x80, 0x62, 0x30, 0xf, 0xfe, 0x5b, 0x0,
    0x77, 0x2, 0x80, 0x73, 0x0, 0x7f, 0xf4, 0xe8,
    0x3, 0xab, 0x80, 0x3a, 0x80, 0x3f, 0xf9, 0x94,
    0x1, 0xc8, 0xe0, 0x1c, 0x82, 0x1, 0xff, 0xd3,
    0x60, 0xe, 0x35, 0x0, 0xe6, 0x0, 0xff, 0xe6,
    0x11, 0x80, 0x74, 0x0, 0x77, 0x0, 0x7f, 0xf5,
    0x54, 0x3, 0xfc, 0x82, 0x1, 0xff, 0xcd, 0xa0,
    0xf, 0xf0, 0xa8, 0x7, 0xff, 0x57, 0x80, 0x3f,
    0xdc, 0x1, 0xff, 0xce, 0x60, 0xf, 0xf3, 0x80,
    0x7f, 0xf5, 0x90, 0x40, 0x3f, 0xa, 0x80, 0x7f,
    0xf3, 0xd4, 0x3, 0xfa, 0x80, 0x3f, 0xfa, 0xec,
    0x1, 0xf9, 0x80, 0x3f, 0xfa, 0x1c, 0x1, 0xf8,
    0x8c, 0x3, 0xff, 0xaf, 0x40, 0x1f, 0xa8, 0x3,
    0xff, 0xa0, 0x84, 0x1, 0xf5, 0x0, 0x7f, 0xf6,
    0x8, 0xc0, 0x3c, 0x64, 0x1, 0xff, 0xd1, 0xa0,
    0xf, 0x98, 0x3, 0xff, 0xb3, 0x40, 0x1e, 0xa0,
    0xf, 0xfe, 0x93, 0x0, 0x79, 0x4, 0x3, 0xff,
    0x8c,

    /* U+0078 "x" */
    0x0, 0x67, 0xff, 0xb0, 0x3, 0xff, 0xa3, 0x3f,
    0xfe, 0xd0, 0xd, 0xc2, 0x1, 0xc7, 0x20, 0x1f,
    0xfc, 0xf5, 0x60, 0xf, 0x78, 0x6, 0x2a, 0x0,
    0xf3, 0x28, 0x7, 0xff, 0x34, 0xa8, 0x3, 0xd4,
    0x40, 0x1c, 0x8e, 0x1, 0xea, 0x20, 0xf, 0xfe,
    0x67, 0x80, 0x79, 0x94, 0x3, 0xe8, 0x30, 0xf,
    0x78, 0x7, 0xff, 0x2e, 0x48, 0x3, 0x8e, 0x40,
    0x3f, 0xb4, 0x40, 0x38, 0xa8, 0x3, 0xff, 0x92,
    0xcc, 0x0, 0xe1, 0xe0, 0xf, 0xf0, 0xd0, 0x7,
    0x95, 0x80, 0x3f, 0xf8, 0xe5, 0x20, 0x1e, 0xa2,
    0x0, 0xff, 0x92, 0x0, 0x3d, 0x26, 0x1, 0xff,
    0xc6, 0xf0, 0xf, 0x3a, 0x0, 0x7f, 0xf0, 0x5d,
    0x0, 0x3d, 0xc0, 0x1f, 0xfc, 0x5a, 0x20, 0xe,
    0x38, 0x0, 0xff, 0xe1, 0xd1, 0x0, 0x71, 0x50,
    0x7, 0xff, 0xd, 0x94, 0x3, 0x87, 0x40, 0x3f,
    0xf8, 0x83, 0xc0, 0x1e, 0x57, 0x0, 0xff, 0xe0,
    0x9c, 0x80, 0x7a, 0x84, 0x3, 0xff, 0x8a, 0x72,
    0x1, 0xe8, 0x30, 0xf, 0xf8, 0x78, 0x3, 0xd0,
    0x80, 0x1f, 0xfc, 0x76, 0x50, 0xf, 0x68, 0x80,
    0x7f, 0xa8, 0x80, 0x39, 0x1c, 0x3, 0xff, 0x93,
    0x44, 0x1, 0xc3, 0x40, 0x1f, 0xce, 0x80, 0x1c,
    0x34, 0x1, 0xff, 0xcb, 0xf0, 0xf, 0x23, 0x80,
    0x7c, 0x70, 0x1, 0xed, 0x10, 0xf, 0xfe, 0x59,
    0x50, 0x7, 0xa0, 0xc0, 0x38, 0x74, 0x3, 0xd2,
    0x60, 0x1f, 0xfc, 0xd5, 0x60, 0xf, 0x68, 0x80,
    0x6a, 0x10, 0xe, 0x56, 0x0, 0xff, 0xe7, 0xc9,
    0x80, 0x70, 0xd0, 0x5, 0x8, 0x1, 0xc5, 0x40,
    0x1f, 0xfd, 0x1d, 0x10, 0xe, 0x48, 0x4, 0x70,
    0xf, 0x78, 0x7, 0xff, 0x48, 0x68, 0x3, 0xce,
    0xd4, 0x1, 0xea, 0x20, 0xf, 0xfe, 0x9a, 0x38,
    0x7, 0xa4, 0x40, 0x39, 0x94, 0x3, 0xff, 0xab,
    0x8, 0x1, 0xff, 0x1c, 0x80, 0x7f, 0xf5, 0xe8,
    0x40, 0x3f, 0x87, 0x80, 0x3f, 0xfb, 0x3, 0xa0,
    0x1f, 0xd4, 0x40, 0x1f, 0xfd, 0x93, 0x80, 0xf,
    0x9d, 0x0, 0x3f, 0xfb, 0x78, 0x1, 0xf2, 0x0,
    0x7f, 0xf6, 0xdd, 0x0, 0x3e, 0x39, 0x0, 0xff,
    0xec, 0xa4, 0x0, 0x7f, 0x32, 0x80, 0x7f, 0xf5,
    0xc6, 0x80, 0x3f, 0xea, 0x20, 0xf, 0xfe, 0xb6,
    0x88, 0x7, 0xff, 0x3, 0xc0, 0x3f, 0xfa, 0xb0,
    0x60, 0x1c, 0x3a, 0x60, 0x1c, 0x54, 0x1, 0xff,
    0xd3, 0x47, 0x0, 0xf5, 0x17, 0x8, 0x7, 0x2b,
    0x0, 0x7f, 0xf4, 0x4a, 0x80, 0x3c, 0xe8, 0x5,
    0x60, 0x1e, 0x93, 0x0, 0xff, 0xe8, 0x70, 0x80,
    0x71, 0xc0, 0x4, 0xae, 0x1, 0xed, 0x10, 0xf,
    0xfe, 0x74, 0x98, 0x7, 0xe, 0x80, 0x74, 0x18,
    0x7, 0xd, 0x0, 0x7f, 0xf3, 0x55, 0x80, 0x3d,
    0x42, 0x1, 0xed, 0x10, 0xe, 0x47, 0x0, 0xff,
    0xe5, 0x95, 0x0, 0x79, 0xd0, 0x3, 0xe1, 0xa0,
    0xf, 0x42, 0x0, 0x7f, 0xf2, 0xbc, 0x3, 0xc9,
    0x0, 0x1f, 0xc8, 0xe0, 0x1e, 0xa1, 0x0, 0xff,
    0xe4, 0x51, 0x0, 0x70, 0xd0, 0x7, 0xfd, 0x6,
    0x1, 0xc3, 0xa0, 0x1f, 0xfc, 0x76, 0x50, 0xf,
    0x68, 0x80, 0x7f, 0xf0, 0x34, 0x40, 0x38, 0xe4,
    0x3, 0xff, 0x8a, 0x72, 0x1, 0xe8, 0x30, 0xf,
    0xfe, 0x8, 0xd0, 0x7, 0x99, 0x40, 0x3f, 0xf8,
    0x9c, 0x1, 0xe4, 0x70, 0xf, 0xfe, 0x1a, 0x38,
    0x7, 0xa8, 0x80, 0x3f, 0xf8, 0x54, 0x40, 0x1c,
    0x34, 0x1, 0xff, 0xc5, 0x84, 0x0, 0xf7, 0x80,
    0x7f, 0xf0, 0x5d, 0x40, 0x3d, 0xa2, 0x1, 0xff,
    0xc6, 0xa1, 0x0, 0xe2, 0xa0, 0xf, 0xf8, 0xe0,
    0x3, 0xd2, 0x60, 0x1f, 0xfc, 0x71, 0xa0, 0xf,
    0x2b, 0x0, 0x7f, 0xe, 0x80, 0x79, 0x58, 0x3,
    0xff, 0x92, 0x90, 0x1, 0xe9, 0x30, 0xf, 0xd4,
    0x20, 0x1c, 0x54, 0x1, 0xff, 0xcb, 0x74, 0x0,
    0xf6, 0x88, 0x7, 0xa1, 0x0, 0x3d, 0xc0, 0x1f,
    0xfc, 0xda, 0x10, 0xe, 0x1a, 0x0, 0xe4, 0x70,
    0xf, 0x49, 0x80, 0x7f, 0xf3, 0x47, 0x40, 0x3c,
    0x90, 0x1, 0xd, 0x0, 0x79, 0x58, 0x3, 0xff,
    0x9e, 0x70, 0x1, 0xe7, 0x40, 0x6, 0x88, 0x7,
    0x15, 0x0, 0x7f, 0xf4, 0x5d, 0x0, 0x3d, 0x42,

    /* U+0079 "y" */
    0x0, 0xaf, 0xff, 0xcc, 0x1, 0xff, 0xd9, 0xff,
    0xf5, 0x80, 0x50, 0x1, 0xeb, 0x0, 0xff, 0xec,
    0x38, 0x7, 0xbc, 0x2, 0x33, 0x0, 0x71, 0x20,
    0x7, 0xff, 0x5e, 0x80, 0x38, 0x90, 0x3, 0x48,
    0x7, 0xbc, 0x3, 0xff, 0xac, 0xa4, 0x1, 0xd6,
    0x1, 0xca, 0x20, 0x1c, 0x84, 0x1, 0xff, 0xd5,
    0x90, 0xe, 0x16, 0x0, 0xf4, 0x80, 0x7a, 0xc0,
    0x3f, 0xfa, 0x86, 0x60, 0xe, 0x90, 0xf, 0x98,
    0x3, 0xcc, 0x20, 0x1f, 0xfd, 0x39, 0x0, 0xf3,
    0x0, 0x7c, 0x2c, 0x1, 0xe9, 0x0, 0xff, 0xe9,
    0xa, 0x80, 0x73, 0x8, 0x7, 0xeb, 0x0, 0xf3,
    0x0, 0x7f, 0xf4, 0xa4, 0x3, 0xd6, 0x1, 0xfc,
    0x4a, 0x1, 0xc2, 0xc0, 0x1f, 0xfd, 0x16, 0x0,
    0xe4, 0x20, 0xf, 0xf4, 0x80, 0x7a, 0xc0, 0x3f,
    0xfa, 0xc, 0x20, 0x1d, 0xe0, 0x1f, 0xf1, 0x98,
    0x3, 0x89, 0x0, 0x3f, 0xf9, 0xf6, 0x1, 0xc4,
    0x80, 0x1f, 0xfc, 0x9, 0x0, 0xf7, 0x80, 0x7f,
    0xf3, 0x90, 0x80, 0x3a, 0xc0, 0x3f, 0xf8, 0x2a,
    0x20, 0x1c, 0x84, 0x1, 0xff, 0xcd, 0xf0, 0xe,
    0x16, 0x0, 0xff, 0xe1, 0x48, 0x7, 0xac, 0x3,
    0xff, 0x98, 0x48, 0x1, 0xd2, 0x1, 0xff, 0xc3,
    0x70, 0xf, 0x30, 0x80, 0x7f, 0xf2, 0xec, 0x3,
    0xcc, 0x1, 0xff, 0xc4, 0x60, 0xf, 0x30, 0x7,
    0xff, 0x28, 0x58, 0x3, 0x98, 0x40, 0x3f, 0xf8,
    0x96, 0x1, 0xe9, 0x0, 0xff, 0xe5, 0x30, 0x7,
    0xac, 0x3, 0xff, 0x8a, 0x4a, 0x1, 0xc2, 0xa0,
    0x1f, 0xfc, 0x99, 0x0, 0xe4, 0x20, 0xf, 0xfe,
    0x34, 0x80, 0x7a, 0x40, 0x3f, 0xf9, 0xa, 0x20,
    0x1d, 0xe0, 0x1f, 0xfc, 0x73, 0x30, 0x7, 0x19,
    0x80, 0x3f, 0xf8, 0xf2, 0x1, 0xc4, 0x80, 0x1f,
    0xfc, 0x89, 0x0, 0xf4, 0x80, 0x7f, 0xf1, 0x90,
    0xc0, 0x3a, 0xc0, 0x3f, 0xf9, 0x2a, 0x20, 0x1c,
    0xa2, 0x1, 0xff, 0xc5, 0xf0, 0xe, 0x16, 0x0,
    0xff, 0xe5, 0x48, 0x7, 0xa4, 0x3, 0xff, 0x88,
    0x48, 0x1, 0xcc, 0x1, 0xff, 0xcb, 0x70, 0xf,
    0x30, 0x7, 0xff, 0x12, 0xc0, 0x3d, 0x20, 0x1f,
    0xfc, 0xc6, 0x0, 0xe1, 0x60, 0xf, 0xfe, 0x1b,
    0x0, 0x73, 0x8, 0x7, 0xff, 0x32, 0xc0, 0x3d,
    0x60, 0x1f, 0xfc, 0x27, 0x0, 0xf5, 0x80, 0x7f,
    0xf3, 0x49, 0x40, 0x38, 0x90, 0x3, 0xff, 0x83,
    0x20, 0x1c, 0x84, 0x1, 0xff, 0xce, 0x90, 0xf,
    0x78, 0x7, 0xff, 0x1, 0x44, 0x3, 0xbc, 0x3,
    0xff, 0x9e, 0x66, 0x0, 0xe4, 0x20, 0xf, 0xfa,
    0x40, 0x38, 0x90, 0x3, 0xff, 0xa1, 0x20, 0x1e,
    0xb0, 0xf, 0xf1, 0x98, 0x3, 0xac, 0x3, 0xff,
    0xa2, 0xa2, 0x1, 0xcc, 0x20, 0x1f, 0xd2, 0x1,
    0xc2, 0xc0, 0x1f, 0xfd, 0x29, 0x0, 0xf4, 0x80,
    0x7e, 0x15, 0x0, 0xe6, 0x0, 0xff, 0xe9, 0xb8,
    0x7, 0x98, 0x3, 0xf4, 0x80, 0x7a, 0x40, 0x3f,
    0xfa, 0x8e, 0x1, 0xc2, 0xc0, 0x1f, 0x30, 0x7,
    0x30, 0x80, 0x7f, 0xf5, 0x24, 0x3, 0xd6, 0x1,
    0xe6, 0x10, 0xe, 0xb0, 0xf, 0xfe, 0xa8, 0xa8,
    0x7, 0x12, 0x0, 0x75, 0x80, 0x72, 0x10, 0x7,
    0xff, 0x5a, 0x40, 0x3d, 0xe0, 0x19, 0x8, 0x3,
    0xbc, 0x3, 0xff, 0xae, 0x66, 0x0, 0xe4, 0x20,
    0xb, 0xc0, 0x38, 0x90, 0x3, 0xff, 0xb1, 0x20,
    0x1e, 0xb0, 0x1, 0x20, 0x7, 0x58, 0x7, 0xff,
    0x65, 0x48, 0x3, 0x98, 0x42, 0xc0, 0x38, 0x58,
    0x3, 0xff, 0xb5, 0x40, 0x1e, 0x61, 0x60, 0xe,
    0x60, 0xf, 0xfe, 0xdb, 0x80, 0x7a, 0x64, 0x1,
    0xe9, 0x0, 0xff, 0xee, 0x38, 0x7, 0xb, 0x80,
    0x73, 0x8, 0x7, 0xff, 0x72, 0x40, 0x3f, 0xf8,
    0x16, 0x1, 0xff, 0xdd, 0x15, 0x0, 0xff, 0x21,
    0x0, 0x7f, 0xf7, 0xa4, 0x3, 0xfd, 0xe0, 0x1f,
    0xfd, 0xf3, 0x30, 0x7, 0xe2, 0x40, 0xf, 0xff,
    0x4, 0x80, 0x7e, 0xb0, 0xf, 0xff, 0xa, 0x90,
    0x7, 0x85, 0x80, 0x3f, 0xfc, 0x54, 0x1, 0xe6,
    0x0, 0xff, 0xf1, 0xe0, 0x7, 0xa4, 0x3, 0xff,
    0xc4, 0x48, 0x1, 0xcc, 0x20, 0x1f, 0xfe, 0x2b,
    0x0, 0xf5, 0x80, 0x7f, 0xf8, 0x85, 0x80, 0x39,
    0x8, 0x3, 0xff, 0xc4, 0xc0, 0x1e, 0xf0, 0xf,
    0xff, 0x1c, 0x80, 0x71, 0x20, 0x7, 0xff, 0x8a,
    0x4, 0x3, 0xac, 0x3, 0xff, 0xc4, 0x4e, 0x1,
    0xc2, 0xc0, 0x1f, 0xfe, 0x29, 0x0, 0xf4, 0x80,
    0x7f, 0xf4, 0x54, 0x80, 0x3f, 0xf8, 0x70, 0x80,
    0x1c, 0x2e, 0x1, 0xff, 0xd0, 0x1b, 0xd4, 0x0,
    0xff, 0xe0, 0xb3, 0x80, 0x7a, 0xc0, 0x3f, 0xfa,
    0x30, 0x21, 0x74, 0x40, 0x1f, 0xe9, 0x90, 0x7,
    0x91, 0x40, 0x3f, 0xfa, 0x6, 0xc0, 0x12, 0xed,
    0x30, 0x80, 0x63, 0x8e, 0x60, 0xf, 0xd, 0x0,
    0x7f, 0xf4, 0x78, 0x3, 0xcb, 0x3d, 0xfd, 0xcf,
    0xc7, 0x10, 0xf, 0xa8, 0x40, 0x3f, 0xfa, 0x4,
    0x40, 0xf, 0xf0, 0x88, 0x3, 0xfd, 0x28, 0x1,
    0xff, 0xd1, 0x2c, 0x10, 0xf, 0xfe, 0x45, 0x30,
    0x7, 0xff, 0x4c, 0xfd, 0x80, 0x3f, 0xf8, 0xa9,
    0xaa, 0x1, 0xff, 0xd5, 0x19, 0xd6, 0x0, 0xff,
    0xe0, 0xa5, 0xd8, 0x80, 0x3f, 0xfb, 0x5, 0x3f,
    0x6e, 0x84, 0x1, 0x9, 0xb4, 0xf5, 0xa0, 0x7,
    0xff, 0x58,

    /* U+007A "z" */
    0x6f, 0xff, 0xfe, 0xdc, 0x0, 0x7f, 0xff, 0xc0,
    0x3f, 0xff, 0xe0, 0x1f, 0xfc, 0x5f, 0x2, 0x33,
    0xff, 0xe9, 0x10, 0x7, 0xc6, 0xe0, 0x99, 0x9f,
    0xfd, 0x26, 0x0, 0xf0, 0xe8, 0x7, 0xff, 0x52,
    0x10, 0x3, 0xda, 0x20, 0x1f, 0xfd, 0x35, 0x70,
    0xf, 0x41, 0x80, 0x7f, 0xf4, 0xca, 0x80, 0x3c,
    0xae, 0x1, 0xff, 0xd4, 0xf0, 0xf, 0x15, 0x0,
    0x7f, 0xf5, 0x28, 0x80, 0x3d, 0xe0, 0x1f, 0xfd,
    0x46, 0x50, 0xf, 0x51, 0x0, 0x7f, 0xf4, 0xce,
    0x40, 0x3c, 0xea, 0x1, 0xff, 0xd3, 0x1d, 0x0,
    0xf1, 0xc0, 0x7, 0xff, 0x53, 0x44, 0x3, 0x87,
    0x40, 0x3f, 0xfa, 0x90, 0x60, 0x1e, 0xd1, 0x0,
    0xff, 0xe9, 0xab, 0x80, 0x7a, 0xc, 0x3, 0xff,
    0xa6, 0x54, 0x1, 0xe5, 0x70, 0xf, 0xfe, 0xa7,
    0x80, 0x78, 0xa8, 0x3, 0xff, 0xa9, 0x44, 0x1,
    0xef, 0x0, 0xff, 0xea, 0x3a, 0x80, 0x7a, 0x88,
    0x3, 0xff, 0xa6, 0x90, 0x1, 0xe7, 0x50, 0xf,
    0xfe, 0x98, 0xd0, 0x7, 0x8e, 0x0, 0x3f, 0xfa,
    0x9a, 0x20, 0x1c, 0x3a, 0x1, 0xff, 0xd4, 0x93,
    0x0, 0xf6, 0x88, 0x7, 0xff, 0x4d, 0x58, 0x3,
    0xd2, 0x60, 0x1f, 0xfd, 0x32, 0xa0, 0xf, 0x2b,
    0x0, 0x7f, 0xf4, 0xc7, 0xc0, 0x3c, 0x54, 0x1,
    0xff, 0xd4, 0xa2, 0x0, 0xf7, 0x80, 0x7f, 0xf5,
    0x1d, 0x0, 0x3d, 0x44, 0x1, 0xff, 0xd3, 0x48,
    0x0, 0xf3, 0xa8, 0x7, 0xff, 0x4c, 0x68, 0x3,
    0xc9, 0x0, 0x1f, 0xfd, 0x4d, 0x10, 0xe, 0x1a,
    0x0, 0xff, 0xea, 0x49, 0x80, 0x7b, 0x44, 0x3,
    0xff, 0xa6, 0xcc, 0x0, 0xf4, 0x98, 0x7, 0xff,
    0x4c, 0xe4, 0x3, 0xca, 0xc0, 0x1f, 0xfd, 0x31,
    0xd0, 0xf, 0x15, 0x0, 0x7f, 0xf5, 0x28, 0x40,
    0x3d, 0xe0, 0x1f, 0xfd, 0x48, 0x40, 0xf, 0x59,
    0x0, 0x7f, 0xf4, 0xd1, 0xc0, 0x3c, 0xe8, 0x1,
    0xff, 0xd3, 0x2a, 0x0, 0xf2, 0x40, 0x7, 0xff,
    0x53, 0xc4, 0x3, 0x86, 0x80, 0x3f, 0xfa, 0x94,
    0x40, 0x1e, 0xd1, 0x0, 0xff, 0xe9, 0xb2, 0x80,
    0x7a, 0x4c, 0x3, 0xff, 0xa6, 0x72, 0x1, 0xf6,
    0x55, 0x7f, 0xf4, 0xc7, 0x40, 0x3f, 0x2a, 0xff,
    0xf5, 0xc, 0x40, 0x3f, 0xff, 0xe0, 0x1f, 0xff,
    0xf0, 0xf, 0xfe, 0x28,

    /* U+007B "{" */
    0x0, 0xff, 0xe1, 0x8a, 0xce, 0x6f, 0x7f, 0xe0,
    0xf, 0xfe, 0x11, 0xd7, 0x53, 0x19, 0x8, 0x7,
    0xff, 0x15, 0xf1, 0x40, 0x3f, 0xf9, 0x53, 0x0,
    0x1f, 0xfc, 0xb6, 0x60, 0x7, 0xff, 0x2c, 0x64,
    0x3, 0xf8, 0x91, 0x56, 0x0, 0xff, 0x48, 0x7,
    0xe7, 0xed, 0xba, 0xa8, 0x3, 0xfc, 0xc0, 0x1f,
    0x64, 0x8, 0x7, 0xff, 0x8, 0x84, 0x3, 0xd4,
    0x60, 0x1f, 0xfc, 0x44, 0x0, 0xf1, 0x28, 0x7,
    0xff, 0x17, 0x80, 0x3c, 0xa0, 0x1f, 0xfc, 0x61,
    0x0, 0xf6, 0x0, 0x7f, 0xf1, 0x8c, 0x3, 0xce,
    0x1, 0xff, 0xcd, 0x10, 0xf, 0xff, 0xf8, 0x7,
    0xff, 0xfc, 0x3, 0xff, 0xfe, 0x1, 0xff, 0xff,
    0x0, 0xff, 0xff, 0x80, 0x7f, 0xff, 0xc0, 0x3f,
    0xff, 0xe0, 0x1f, 0xff, 0xf0, 0xf, 0xfe, 0xf3,
    0x0, 0x78, 0xc0, 0x3f, 0xf8, 0xa2, 0x60, 0x1e,
    0x10, 0xf, 0xfe, 0x2c, 0x80, 0x78, 0xc0, 0x3f,
    0xf8, 0x87, 0x2e, 0x1, 0xeb, 0x0, 0xff, 0x8f,
    0xff, 0x63, 0x0, 0x78, 0x5c, 0x3, 0xff, 0x96,
    0x38, 0x1, 0xff, 0xcb, 0x7f, 0x20, 0xf, 0xfe,
    0x59, 0x90, 0x7, 0xff, 0x31, 0x31, 0x0, 0x3f,
    0xf8, 0x2, 0x67, 0x80, 0x3f, 0x58, 0x80, 0x7f,
    0xc5, 0x99, 0xbe, 0x40, 0x3e, 0x90, 0xf, 0xfe,
    0x2b, 0x48, 0x7, 0x94, 0x3, 0xff, 0x8c, 0xc0,
    0x1e, 0x20, 0xf, 0xfe, 0x3a, 0x0, 0x78, 0x40,
    0x3f, 0xf8, 0xc2, 0x1, 0xe3, 0x0, 0xff, 0xff,
    0x80, 0x7f, 0xff, 0xc0, 0x3f, 0xff, 0xe0, 0x1f,
    0xff, 0xf0, 0xf, 0xff, 0xf8, 0x7, 0xff, 0xfc,
    0x3, 0xff, 0xfe, 0x1, 0xff, 0xff, 0x0, 0xff,
    0xf2, 0x88, 0x7, 0xff, 0x18, 0xc0, 0x3c, 0xe0,
    0x1f, 0xfc, 0x61, 0x0, 0xf6, 0x0, 0x7f, 0xf1,
    0xb8, 0x3, 0xca, 0x1, 0xff, 0xc6, 0x40, 0xf,
    0x13, 0x0, 0x7f, 0xf1, 0x48, 0x40, 0x3d, 0x26,
    0x1, 0xff, 0xc5, 0x60, 0xf, 0xb2, 0x4, 0x3,
    0xff, 0x87, 0x20, 0x1f, 0x9f, 0xb7, 0x2e, 0xe0,
    0xf, 0xf0, 0xc8, 0x7, 0xf1, 0x1a, 0x24, 0x1,
    0xff, 0x33, 0x0, 0x3f, 0xf9, 0xb3, 0x0, 0x1f,
    0xfc, 0xd7, 0xc5, 0x0, 0xff, 0xe6, 0x1d, 0x75,
    0x31, 0x90, 0x7, 0x80,

    /* U+007C "|" */
    0x1f, 0xff, 0x20, 0x7, 0xff, 0xfc, 0x3, 0xff,
    0xfe, 0x1, 0xff, 0xff, 0x0, 0xff, 0xff, 0x80,
    0x7f, 0xff, 0xc0, 0x3f, 0xff, 0xe0, 0x1f, 0xff,
    0xf0, 0xf, 0xff, 0xf8, 0x7, 0xff, 0xfc, 0x3,
    0xff, 0xb2,

    /* U+007D "}" */
    0xff, 0xee, 0xc9, 0x62, 0x0, 0xff, 0xe4, 0x9,
    0xb4, 0xed, 0x98, 0x7, 0xff, 0x2d, 0x32, 0x0,
    0x3f, 0xf9, 0x8f, 0x40, 0x1f, 0xfc, 0xc5, 0x70,
    0xf, 0xf2, 0xac, 0x84, 0x1, 0xfd, 0x4, 0x1,
    0xfd, 0x55, 0x5e, 0xf4, 0x0, 0x7e, 0xb0, 0xf,
    0xfe, 0x10, 0xbe, 0x8, 0x7, 0x98, 0x3, 0xff,
    0x88, 0x74, 0x1, 0xf1, 0x80, 0x7f, 0xf1, 0x10,
    0xc0, 0x3c, 0x80, 0x1f, 0xfc, 0x5b, 0x0, 0xf7,
    0x80, 0x7f, 0xf1, 0x50, 0x3, 0xc4, 0x1, 0xff,
    0xc5, 0x10, 0xf, 0x8, 0x7, 0xff, 0x14, 0xc0,
    0x3f, 0xff, 0xe0, 0x1f, 0xff, 0xf0, 0xf, 0xff,
    0xf8, 0x7, 0xff, 0xfc, 0x3, 0xff, 0xfe, 0x1,
    0xff, 0xff, 0x0, 0xff, 0xff, 0x80, 0x7f, 0xff,
    0xc0, 0x3f, 0xf9, 0x82, 0x1, 0xe6, 0x0, 0xff,
    0xe3, 0x8, 0x7, 0x10, 0x80, 0x7f, 0xf1, 0x54,
    0x3, 0xd0, 0x1, 0xff, 0xc5, 0xd0, 0xf, 0x35,
    0x18, 0x7, 0xff, 0xd, 0x88, 0x3, 0xcb, 0x9f,
    0xf9, 0x0, 0x3f, 0xef, 0x20, 0xf, 0xfe, 0x59,
    0x6b, 0x88, 0x7, 0xff, 0x28, 0x8c, 0x40, 0x3f,
    0xf9, 0x29, 0xa8, 0x1, 0xff, 0xc9, 0x1a, 0x0,
    0xfc, 0x67, 0x9c, 0x3, 0xfc, 0xc2, 0x1, 0xe8,
    0xfc, 0xcc, 0x60, 0x1f, 0xeb, 0x0, 0xf4, 0x38,
    0x7, 0xff, 0x10, 0xc0, 0x3c, 0xe0, 0x1f, 0xfc,
    0xb3, 0x0, 0xff, 0xe2, 0x88, 0x7, 0x9c, 0x3,
    0xff, 0xfe, 0x1, 0xff, 0xff, 0x0, 0xff, 0xff,
    0x80, 0x7f, 0xff, 0xc0, 0x3f, 0xff, 0xe0, 0x1f,
    0xff, 0xf0, 0xf, 0xff, 0xf8, 0x7, 0xff, 0xfc,
    0x3, 0xff, 0x8a, 0x60, 0x1f, 0xfc, 0xc6, 0x0,
    0xf0, 0x80, 0x7f, 0xf1, 0x4c, 0x3, 0xc4, 0x1,
    0xff, 0xc5, 0xb0, 0xf, 0x70, 0x7, 0xff, 0x11,
    0x4c, 0x3, 0xca, 0x1, 0xff, 0xc3, 0x3b, 0x0,
    0xf8, 0xc0, 0x3f, 0xf8, 0x23, 0x18, 0x20, 0x1e,
    0x60, 0xf, 0xea, 0xbb, 0x66, 0xf3, 0x80, 0x7e,
    0x80, 0xf, 0xe5, 0x44, 0x19, 0x0, 0x7f, 0x40,
    0x80, 0x7f, 0xf2, 0x95, 0xc0, 0x3f, 0xf9, 0x4f,
    0x40, 0x1f, 0xfc, 0x94, 0xc8, 0x0, 0xff, 0xe2,
    0x89, 0xac, 0xed, 0x98, 0x7, 0xff, 0x4,

    /* U+007E "~" */
    0x0, 0xfc, 0x4f, 0x9b, 0xfe, 0xeb, 0x72, 0x0,
    0xff, 0xe4, 0x93, 0x36, 0x10, 0xf, 0x15, 0xec,
    0x19, 0x0, 0x5, 0x23, 0x6c, 0x80, 0x3f, 0xf8,
    0xeb, 0x33, 0x8c, 0x3, 0x97, 0x50, 0x3, 0xfc,
    0x9a, 0xe0, 0x1f, 0xfc, 0x6e, 0x0, 0xc6, 0x1,
    0x9a, 0x80, 0x3f, 0xf8, 0x51, 0x62, 0x1, 0xff,
    0xc4, 0x50, 0xc, 0x20, 0x11, 0xc8, 0x7, 0xff,
    0x11, 0x30, 0x80, 0x3f, 0xf8, 0x42, 0x60, 0x11,
    0x0, 0x6e, 0x0, 0xf1, 0x34, 0x4b, 0x98, 0x7,
    0x8b, 0x50, 0x3, 0xff, 0x83, 0x20, 0x19, 0x0,
    0x25, 0x20, 0xc, 0x35, 0xb2, 0xed, 0x19, 0x83,
    0x0, 0xf5, 0xb0, 0x7, 0xfc, 0x2e, 0x1, 0xb0,
    0x2, 0x90, 0xc, 0x38, 0xa0, 0x1e, 0x3c, 0x80,
    0xf, 0x4c, 0x80, 0x3f, 0xda, 0x1, 0xca, 0x0,
    0x23, 0x0, 0xd4, 0x40, 0x1f, 0xcf, 0x62, 0x1,
    0xcd, 0xa6, 0x1, 0xe2, 0xc3, 0x0, 0xcc, 0x1,
    0x20, 0x6, 0x54, 0x0, 0xff, 0x93, 0x4, 0x3,
    0x8b, 0x30, 0xea, 0xa6, 0xbd, 0x30, 0xe, 0xb0,
    0xb, 0x0, 0x34, 0x80, 0x7f, 0xf0, 0x4b, 0xcc,
    0x3, 0xc7, 0x15, 0x49, 0x40, 0xf, 0x49, 0x0,
    0x4c, 0x1, 0x8c, 0x3, 0xff, 0x84, 0x38, 0xa0,
    0x1f, 0xfc, 0x46, 0x60, 0x6, 0x20, 0x9, 0x0,
    0x3f, 0xf8, 0xb5, 0x22, 0x1, 0xff, 0xc1, 0x89,
    0x0, 0xe1, 0x0, 0x84, 0x3, 0xff, 0x8c, 0xde,
    0xa0, 0x1f, 0xe3, 0xc7, 0x0, 0xf4, 0xcf, 0x0,
    0x7f, 0xf1, 0xc6, 0xb6, 0x10, 0x40, 0x2, 0x6f,
    0x98, 0x30, 0xf, 0x0,

    /* U+00B0 "°" */
    0x0, 0xff, 0xef, 0xa, 0xd6, 0xff, 0xed, 0xa6,
    0x10, 0xf, 0xfe, 0x31, 0x4f, 0x52, 0x90, 0x6,
    0x25, 0x9e, 0xb3, 0x0, 0xff, 0xe1, 0xc6, 0xb0,
    0x7, 0xff, 0x1, 0x32, 0x40, 0x3f, 0xf8, 0x3,
    0x8e, 0x1, 0xff, 0xc4, 0x6d, 0x20, 0xf, 0xe1,
    0xc3, 0x0, 0xc2, 0xd7, 0xbf, 0xed, 0xb7, 0x20,
    0xc, 0x58, 0x40, 0x1f, 0xb0, 0x80, 0x21, 0x8e,
    0x94, 0x20, 0x1, 0x24, 0x6d, 0x10, 0x4, 0x38,
    0x20, 0x1e, 0x92, 0x0, 0x8b, 0x1c, 0x3, 0xfc,
    0xba, 0x80, 0x10, 0xe8, 0x7, 0x1b, 0x0, 0x45,
    0x84, 0x1, 0xff, 0xc1, 0xb5, 0x0, 0x8d, 0x80,
    0x37, 0x80, 0x43, 0xe2, 0x1, 0xff, 0xc3, 0xa2,
    0x0, 0xa0, 0x2, 0x33, 0x0, 0x52, 0x40, 0x1f,
    0xfc, 0x5e, 0x0, 0x85, 0x80, 0x16, 0x1, 0xb,
    0x80, 0x7f, 0xf1, 0x8d, 0x0, 0x2d, 0x0, 0x20,
    0x4, 0xe0, 0x1f, 0xfc, 0x8e, 0x0, 0x90, 0x0,
    0x60, 0x16, 0x80, 0x7f, 0xf2, 0x10, 0x3, 0x18,
    0x80, 0x66, 0x0, 0xff, 0xe4, 0x8, 0x80, 0x26,
    0x30, 0xc, 0x60, 0x1f, 0xfc, 0x93, 0x0, 0x8c,
    0x3, 0xff, 0xa8, 0x60, 0x18, 0xc0, 0x3f, 0xf9,
    0x24, 0x1, 0x18, 0x80, 0x67, 0x0, 0xff, 0xe4,
    0x8, 0x6, 0x70, 0x30, 0xb, 0x0, 0x3f, 0xf9,
    0xe, 0x1, 0x88, 0x10, 0x2, 0x70, 0xf, 0xfe,
    0x45, 0x0, 0x48, 0x0, 0xa0, 0x8, 0x5c, 0x3,
    0xff, 0x8c, 0x86, 0x1, 0x70, 0x0, 0x90, 0x2,
    0x82, 0x0, 0xff, 0xe2, 0xc, 0x80, 0x44, 0xa0,
    0x14, 0x0, 0x6f, 0x10, 0xf, 0xfe, 0x1d, 0x10,
    0x5, 0x0, 0x18, 0xdc, 0x2, 0x2c, 0x20, 0xf,
    0xfe, 0x0, 0xe2, 0x0, 0x4a, 0xa0, 0xe, 0x84,
    0x0, 0x8b, 0x5c, 0x3, 0xfc, 0xde, 0x60, 0x11,
    0x58, 0x7, 0xd6, 0x60, 0x1a, 0x3a, 0x54, 0x84,
    0x44, 0x91, 0xb2, 0x20, 0x10, 0xe0, 0x80, 0x7e,
    0xc4, 0x0, 0xc2, 0xd5, 0xbd, 0xcd, 0xb7, 0x20,
    0xc, 0x7e, 0x20, 0x1f, 0xeb, 0x90, 0xf, 0xfe,
    0x23, 0xe0, 0x80, 0x7f, 0xf0, 0x1b, 0x9c, 0x3,
    0xff, 0x80, 0xbb, 0x0, 0x1f, 0xfc, 0x31, 0x8f,
    0xa6, 0x31, 0x0, 0x9, 0xb4, 0xf5, 0x10, 0x7,
    0xe0
};


/*---------------------
 *  GLYPH DESCRIPTION
 *--------------------*/

static const lv_font_fmt_txt_glyph_dsc_t glyph_dsc[] = {
    {.bitmap_index = 0, .adv_w = 0, .box_w = 0, .box_h = 0, .ofs_x = 0, .ofs_y = 0} /* id = 0 reserved */,
    {.bitmap_index = 0, .adv_w = 402, .box_w = 0, .box_h = 0, .ofs_x = 0, .ofs_y = 0},
    {.bitmap_index = 0, .adv_w = 399, .box_w = 11, .box_h = 67, .ofs_x = 7, .ofs_y = 0},
    {.bitmap_index = 177, .adv_w = 573, .box_w = 24, .box_h = 26, .ofs_x = 6, .ofs_y = 41},
    {.bitmap_index = 272, .adv_w = 1069, .box_w = 62, .box_h = 67, .ofs_x = 2, .ofs_y = 0},
    {.bitmap_index = 983, .adv_w = 945, .box_w = 51, .box_h = 91, .ofs_x = 4, .ofs_y = -11},
    {.bitmap_index = 1680, .adv_w = 1273, .box_w = 72, .box_h = 68, .ofs_x = 4, .ofs_y = 0},
    {.bitmap_index = 2862, .adv_w = 1028, .box_w = 59, .box_h = 69, .ofs_x = 4, .ofs_y = -1},
    {.bitmap_index = 3774, .adv_w = 310, .box_w = 7, .box_h = 26, .ofs_x = 6, .ofs_y = 41},
    {.bitmap_index = 3813, .adv_w = 505, .box_w = 19, .box_h = 90, .ofs_x = 9, .ofs_y = -19},
    {.bitmap_index = 4249, .adv_w = 505, .box_w = 19, .box_h = 90, .ofs_x = 3, .ofs_y = -19},
    {.bitmap_index = 4685, .adv_w = 593, .box_w = 33, .box_h = 35, .ofs_x = 2, .ofs_y = 36},
    {.bitmap_index = 4951, .adv_w = 883, .box_w = 43, .box_h = 41, .ofs_x = 6, .ofs_y = 13},
    {.bitmap_index = 5063, .adv_w = 326, .box_w = 11, .box_h = 25, .ofs_x = 5, .ofs_y = -14},
    {.bitmap_index = 5161, .adv_w = 587, .box_w = 26, .box_h = 6, .ofs_x = 5, .ofs_y = 23},
    {.bitmap_index = 5172, .adv_w = 326, .box_w = 11, .box_h = 11, .ofs_x = 5, .ofs_y = 0},
    {.bitmap_index = 5216, .adv_w = 515, .box_w = 39, .box_h = 91, .ofs_x = -3, .ofs_y = -10},
    {.bitmap_index = 5757, .adv_w = 1017, .box_w = 55, .box_h = 69, .ofs_x = 4, .ofs_y = -1},
    {.bitmap_index = 6495, .adv_w = 554, .box_w = 24, .box_h = 67, .ofs_x = 0, .ofs_y = 0},
    {.bitmap_index = 6574, .adv_w = 872, .box_w = 50, .box_h = 68, .ofs_x = 1, .ofs_y = 0},
    {.bitmap_index = 7098, .adv_w = 866, .box_w = 50, .box_h = 68, .ofs_x = 0, .ofs_y = -1},
    {.bitmap_index = 7618, .adv_w = 1015, .box_w = 60, .box_h = 67, .ofs_x = 3, .ofs_y = 0},
    {.bitmap_index = 8007, .adv_w = 869, .box_w = 49, .box_h = 68, .ofs_x = 2, .ofs_y = -1},
    {.bitmap_index = 8537, .adv_w = 935, .box_w = 52, .box_h = 69, .ofs_x = 4, .ofs_y = -1},
    {.bitmap_index = 9287, .adv_w = 905, .box_w = 50, .box_h = 67, .ofs_x = 3, .ofs_y = 0},
    {.bitmap_index = 9697, .adv_w = 980, .box_w = 53, .box_h = 69, .ofs_x = 4, .ofs_y = -1},
    {.bitmap_index = 10506, .adv_w = 935, .box_w = 52, .box_h = 69, .ofs_x = 2, .ofs_y = -1},
    {.bitmap_index = 11261, .adv_w = 326, .box_w = 11, .box_h = 51, .ofs_x = 5, .ofs_y = 0},
    {.bitmap_index = 11367, .adv_w = 326, .box_w = 11, .box_h = 66, .ofs_x = 5, .ofs_y = -15},
    {.bitmap_index = 11528, .adv_w = 883, .box_w = 43, .box_h = 41, .ofs_x = 6, .ofs_y = 13},
    {.bitmap_index = 11862, .adv_w = 883, .box_w = 43, .box_h = 28, .ofs_x = 6, .ofs_y = 20},
    {.bitmap_index = 11930, .adv_w = 883, .box_w = 43, .box_h = 41, .ofs_x = 6, .ofs_y = 13},
    {.bitmap_index = 12264, .adv_w = 871, .box_w = 47, .box_h = 68, .ofs_x = 1, .ofs_y = 0},
    {.bitmap_index = 12743, .adv_w = 1587, .box_w = 91, .box_h = 87, .ofs_x = 4, .ofs_y = -19},
    {.bitmap_index = 14329, .adv_w = 1101, .box_w = 69, .box_h = 67, .ofs_x = 0, .ofs_y = 0},
    {.bitmap_index = 15043, .adv_w = 1158, .box_w = 58, .box_h = 67, .ofs_x = 10, .ofs_y = 0},
    {.bitmap_index = 15514, .adv_w = 1089, .box_w = 61, .box_h = 69, .ofs_x = 4, .ofs_y = -1},
    {.bitmap_index = 16164, .adv_w = 1269, .box_w = 65, .box_h = 67, .ofs_x = 10, .ofs_y = 0},
    {.bitmap_index = 16637, .adv_w = 1028, .box_w = 49, .box_h = 67, .ofs_x = 10, .ofs_y = 0},
    {.bitmap_index = 16805, .adv_w = 972, .box_w = 48, .box_h = 67, .ofs_x = 10, .ofs_y = 0},
    {.bitmap_index = 16964, .adv_w = 1187, .box_w = 62, .box_h = 69, .ofs_x = 4, .ofs_y = -1},
    {.bitmap_index = 17604, .adv_w = 1249, .box_w = 58, .box_h = 67, .ofs_x = 10, .ofs_y = 0},
    {.bitmap_index = 17784, .adv_w = 464, .box_w = 9, .box_h = 67, .ofs_x = 10, .ofs_y = 0},
    {.bitmap_index = 17812, .adv_w = 770, .box_w = 39, .box_h = 68, .ofs_x = -1, .ofs_y = -1},
    {.bitmap_index = 18093, .adv_w = 1092, .box_w = 58, .box_h = 67, .ofs_x = 10, .ofs_y = 0},
    {.bitmap_index = 18632, .adv_w = 905, .box_w = 46, .box_h = 67, .ofs_x = 10, .ofs_y = 0},
    {.bitmap_index = 18771, .adv_w = 1467, .box_w = 71, .box_h = 67, .ofs_x = 10, .ofs_y = 0},
    {.bitmap_index = 19405, .adv_w = 1249, .box_w = 58, .box_h = 67, .ofs_x = 10, .ofs_y = 0},
    {.bitmap_index = 19798, .adv_w = 1289, .box_w = 72, .box_h = 69, .ofs_x = 4, .ofs_y = -1},
    {.bitmap_index = 20625, .adv_w = 1103, .box_w = 54, .box_h = 67, .ofs_x = 10, .ofs_y = 0},
    {.bitmap_index = 20997, .adv_w = 1289, .box_w = 75, .box_h = 81, .ofs_x = 4, .ofs_y = -13},
    {.bitmap_index = 22002, .adv_w = 1111, .box_w = 55, .box_h = 67, .ofs_x = 10, .ofs_y = 0},
    {.bitmap_index = 22458, .adv_w = 945, .box_w = 51, .box_h = 69, .ofs_x = 4, .ofs_y = -1},
    {.bitmap_index = 23119, .adv_w = 882, .box_w = 55, .box_h = 67, .ofs_x = 0, .ofs_y = 0},
    {.bitmap_index = 23292, .adv_w = 1217, .box_w = 56, .box_h = 68, .ofs_x = 10, .ofs_y = -1},
    {.bitmap_index = 23711, .adv_w = 1072, .box_w = 67, .box_h = 67, .ofs_x = 0, .ofs_y = 0},
    {.bitmap_index = 24443, .adv_w = 1706, .box_w = 101, .box_h = 67, .ofs_x = 3, .ofs_y = 0},
    {.bitmap_index = 25769, .adv_w = 1008, .box_w = 61, .box_h = 67, .ofs_x = 1, .ofs_y = 0},
    {.bitmap_index = 26546, .adv_w = 975, .box_w = 61, .box_h = 67, .ofs_x = 0, .ofs_y = 0},
    {.bitmap_index = 27096, .adv_w = 1000, .box_w = 56, .box_h = 67, .ofs_x = 4, .ofs_y = 0},
    {.bitmap_index = 27513, .adv_w = 488, .box_w = 19, .box_h = 90, .ofs_x = 10, .ofs_y = -19},
    {.bitmap_index = 27605, .adv_w = 515, .box_w = 39, .box_h = 91, .ofs_x = -4, .ofs_y = -10},
    {.bitmap_index = 28140, .adv_w = 488, .box_w = 18, .box_h = 90, .ofs_x = 2, .ofs_y = -19},
    {.bitmap_index = 28226, .adv_w = 885, .box_w = 41, .box_h = 40, .ofs_x = 7, .ofs_y = 14},
    {.bitmap_index = 28616, .adv_w = 768, .box_w = 48, .box_h = 5, .ofs_x = 0, .ofs_y = -5},
    {.bitmap_index = 28629, .adv_w = 922, .box_w = 24, .box_h = 12, .ofs_x = 12, .ofs_y = 58},
    {.bitmap_index = 28713, .adv_w = 906, .box_w = 43, .box_h = 51, .ofs_x = 5, .ofs_y = 0},
    {.bitmap_index = 29169, .adv_w = 1041, .box_w = 52, .box_h = 71, .ofs_x = 9, .ofs_y = 0},
    {.bitmap_index = 29754, .adv_w = 865, .box_w = 47, .box_h = 51, .ofs_x = 4, .ofs_y = 0},
    {.bitmap_index = 30226, .adv_w = 1041, .box_w = 52, .box_h = 71, .ofs_x = 4, .ofs_y = 0},
    {.bitmap_index = 30813, .adv_w = 928, .box_w = 50, .box_h = 51, .ofs_x = 4, .ofs_y = 0},
    {.bitmap_index = 31324, .adv_w = 521, .box_w = 35, .box_h = 71, .ofs_x = 1, .ofs_y = 0},
    {.bitmap_index = 31560, .adv_w = 1054, .box_w = 53, .box_h = 70, .ofs_x = 4, .ofs_y = -19},
    {.bitmap_index = 32325, .adv_w = 1040, .box_w = 47, .box_h = 71, .ofs_x = 9, .ofs_y = 0},
    {.bitmap_index = 32656, .adv_w = 413, .box_w = 11, .box_h = 71, .ofs_x = 7, .ofs_y = 0},
    {.bitmap_index = 32735, .adv_w = 421, .box_w = 28, .box_h = 90, .ofs_x = -9, .ofs_y = -19},
    {.bitmap_index = 33002, .adv_w = 919, .box_w = 48, .box_h = 71, .ofs_x = 9, .ofs_y = 0},
    {.bitmap_index = 33455, .adv_w = 413, .box_w = 8, .box_h = 71, .ofs_x = 9, .ofs_y = 0},
    {.bitmap_index = 33483, .adv_w = 1630, .box_w = 84, .box_h = 51, .ofs_x = 9, .ofs_y = 0},
    {.bitmap_index = 34015, .adv_w = 1040, .box_w = 47, .box_h = 51, .ofs_x = 9, .ofs_y = 0},
    {.bitmap_index = 34309, .adv_w = 963, .box_w = 52, .box_h = 51, .ofs_x = 4, .ofs_y = 0},
    {.bitmap_index = 34877, .adv_w = 1041, .box_w = 52, .box_h = 70, .ofs_x = 9, .ofs_y = -19},
    {.bitmap_index = 35467, .adv_w = 1041, .box_w = 52, .box_h = 70, .ofs_x = 4, .ofs_y = -19},
    {.bitmap_index = 36059, .adv_w = 616, .box_w = 26, .box_h = 51, .ofs_x = 9, .ofs_y = 0},
    {.bitmap_index = 36215, .adv_w = 751, .box_w = 42, .box_h = 51, .ofs_x = 2, .ofs_y = 0},
    {.bitmap_index = 36693, .adv_w = 624, .box_w = 36, .box_h = 62, .ofs_x = 1, .ofs_y = 0},
    {.bitmap_index = 36921, .adv_w = 1034, .box_w = 47, .box_h = 51, .ofs_x = 9, .ofs_y = 0},
    {.bitmap_index = 37214, .adv_w = 833, .box_w = 52, .box_h = 51, .ofs_x = 0, .ofs_y = 0},
    {.bitmap_index = 37746, .adv_w = 1350, .box_w = 84, .box_h = 51, .ofs_x = 0, .ofs_y = 0},
    {.bitmap_index = 38707, .adv_w = 820, .box_w = 49, .box_h = 51, .ofs_x = 1, .ofs_y = 0},
    {.bitmap_index = 39267, .adv_w = 833, .box_w = 55, .box_h = 70, .ofs_x = -3, .ofs_y = -19},
    {.bitmap_index = 39973, .adv_w = 785, .box_w = 42, .box_h = 51, .ofs_x = 4, .ofs_y = 0},
    {.bitmap_index = 40281, .adv_w = 513, .box_w = 26, .box_h = 90, .ofs_x = 5, .ofs_y = -19},
    {.bitmap_index = 40581, .adv_w = 453, .box_w = 8, .box_h = 90, .ofs_x = 10, .ofs_y = -19},
    {.bitmap_index = 40615, .adv_w = 513, .box_w = 25, .box_h = 90, .ofs_x = 2, .ofs_y = -19},
    {.bitmap_index = 40910, .adv_w = 883, .box_w = 45, .box_h = 15, .ofs_x = 5, .ofs_y = 26},
    {.bitmap_index = 41122, .adv_w = 644, .box_w = 32, .box_h = 31, .ofs_x = 4, .ofs_y = 37}
};

/*---------------------
 *  CHARACTER MAPPING
 *--------------------*/



/*Collect the unicode lists and glyph_id offsets*/
static const lv_font_fmt_txt_cmap_t cmaps[] =
{
    {
        .range_start = 32, .range_length = 95, .glyph_id_start = 1,
        .unicode_list = NULL, .glyph_id_ofs_list = NULL, .list_length = 0, .type = LV_FONT_FMT_TXT_CMAP_FORMAT0_TINY
    },
    {
        .range_start = 176, .range_length = 1, .glyph_id_start = 96,
        .unicode_list = NULL, .glyph_id_ofs_list = NULL, .list_length = 0, .type = LV_FONT_FMT_TXT_CMAP_FORMAT0_TINY
    }
};

/*-----------------
 *    KERNING
 *----------------*/


/*Map glyph_ids to kern left classes*/
static const uint8_t kern_left_class_mapping[] =
{
    0, 0, 1, 2, 0, 3, 4, 5,
    2, 6, 0, 7, 8, 9, 8, 9,
    10, 11, 0, 12, 13, 14, 15, 16,
    17, 18, 11, 19, 19, 0, 0, 0,
    20, 21, 0, 0, 0, 0, 0, 0,
    0, 0, 0, 0, 0, 0, 0, 0,
    0, 0, 0, 0, 0, 0, 0, 0,
    0, 0, 0, 0, 22, 23, 0, 0,
    24, 0, 0, 0, 0, 0, 0, 0,
    0, 0, 0, 0, 0, 0, 0, 0,
    0, 0, 0, 0, 0, 0, 0, 0,
    0, 0, 0, 0, 22, 0, 0, 8,
    25
};

/*Map glyph_ids to kern right classes*/
static const uint8_t kern_right_class_mapping[] =
{
    0, 0, 1, 2, 0, 3, 4, 5,
    2, 0, 6, 7, 8, 9, 8, 9,
    10, 11, 12, 13, 14, 15, 16, 11,
    17, 18, 19, 20, 20, 0, 0, 0,
    21, 22, 0, 0, 0, 0, 0, 0,
    0, 0, 0, 0, 0, 0, 0, 0,
    0, 0, 0, 0, 0, 0, 0, 0,
    0, 0, 0, 0, 23, 24, 25, 0,
    26, 0, 0, 0, 0, 0, 0, 0,
    0, 0, 0, 0, 0, 0, 0, 0,
    0, 0, 0, 0, 0, 0, 0, 0,
    0, 0, 0, 0, 0, 0, 25, 8,
    27
};

/*Kern values between classes*/
static const int8_t kern_class_values[] =
{
    0, 0, 0, 0, 0, 0, 5, 0,
    0, 0, 0, 8, 0, 0, 0, 0,
    7, 0, 0, 0, 0, 0, 0, 0,
    0, 0, 0, 0, 38, 0, 24, -21,
    0, 17, 0, -47, -51, 7, 41, 21,
    15, -34, 7, 45, 2, 38, 8, 30,
    -14, 0, 51, 4, -7, 17, 0, -25,
    0, 0, 0, 0, -17, 15, 17, 0,
    0, -8, 0, -7, 8, 0, -8, 0,
    -8, -4, -17, 0, 0, -8, 0, -17,
    -13, 0, -24, 0, -101, 0, -17, -42,
    17, 25, 0, 0, -17, 8, 8, 29,
    17, -15, 17, 0, 0, -49, 0, 0,
    -32, 0, 0, -24, -9, -45, 0, -34,
    -7, 0, -25, 0, 3, 36, 0, -25,
    -4, 0, 0, 0, -15, 0, 0, -5,
    -66, 0, 0, -68, -4, 38, -31, 0,
    0, 0, 0, 0, 0, 0, 0, 0,
    27, 0, 8, 0, 0, -17, 0, 0,
    0, 0, 0, 0, 0, 0, 30, 4,
    0, 0, 5, 17, 8, 25, -8, 0,
    17, -8, -27, -119, 7, 24, 17, 2,
    -12, 0, 34, 0, 30, 0, 30, 0,
    0, 0, 0, -8, 25, 0, 0, -15,
    -32, 0, 0, -8, 0, -5, 0, 7,
    -14, -10, -17, 7, 0, -8, 0, 0,
    0, -34, 7, 0, -55, 0, 0, 0,
    0, -47, 8, -53, 0, 0, -27, -5,
    0, 87, -9, -10, 8, 8, -11, 0,
    -10, 8, 0, 0, -44, -17, 0, -83,
    0, 8, -53, 0, 51, -17, 0, -32,
    27, 0, -57, -83, -55, -17, 25, 0,
    0, -58, 0, 13, -19, 0, -13, 0,
    -17, 0, 25, 25, -106, 41, 0, 7,
    0, 0, 0, 0, 7, 7, -9, -17,
    0, 0, 0, -8, 0, 0, -7, 0,
    0, 0, -17, 0, 0, -17, 0, -17,
    2, 0, 0, 0, 8, -7, 0, 0,
    -7, 8, 8, -2, 0, 0, 0, -19,
    0, -2, 0, 0, 0, 0, 0, 0,
    -7, 0, 25, 0, 0, -8, 0, -8,
    0, 0, 0, 0, 0, 0, 0, 0,
    -4, -4, 0, -8, -11, 0, 0, 0,
    0, 0, 0, 0, 0, 0, -13, 0,
    -25, -7, -25, 17, 0, -17, 8, 17,
    24, 0, -21, -2, -13, 0, -2, -42,
    8, -7, 5, -44, 8, 0, -42, 0,
    17, -25, 0, 0, 0, -8, 0, 0,
    -8, 0, 0, 0, 0, 0, -4, -4,
    0, -4, -12, 0, 0, 0, 0, 0,
    0, -8, 0, 0, -13, 0, -7, 0,
    -17, 8, 0, -13, 4, 8, 8, 0,
    0, 0, 0, 0, 0, -7, 0, 0,
    0, 0, 0, 0, 0, 0, 0, -18,
    0, 25, -7, 0, -30, 0, 24, -42,
    -45, -36, -17, 8, 0, -8, -55, -16,
    0, -16, 0, -17, 13, -16, 0, 8,
    -3, -25, 3, 0, 2, 0, -8, 0,
    0, 7, 0, 8, 0, 0, 0, 0,
    0, 0, 0, 0, 0, 0, 0, -8,
    0, 0, -25, 0, 0, 0, 0, 8,
    0, 0, 0, 0, 0, 0, 0, 38,
    0, 0, 0, 0, 0, 0, 7, 0,
    0, 0, -8, 0, 0, -14, 0, 8,
    0, -7, 0, 0, 0, -19, 0, 13,
    0, -42, -25, 0, 0, 0, -13, -42,
    0, 0, -8, 8, 0, -40, 0, -16,
    0, 0, -18, 8, 0, -14, 0, 0,
    0, 13, 0, 7, -17, -17, 0, -8,
    -8, -9, 0, 0, 0, 0, 0, 0,
    -25, 0, 0, -17, 4, -25, 8, 0,
    4, 0, 0, 0, 4, 0, -8, 0,
    30, 0, 13, 0, 0, -10, 0, 17,
    0, 0, 0, 4, 0, 0, 25, 0,
    21, 0, 0, -51, 0, -8, 15, 25,
    -119, 0, 87, 13, -17, -17, 8, 8,
    -7, 0, -42, 0, 0, 38, -51, -17,
    0, -55, 30, 119, -51, 0, -7, 17,
    -24, 0, 0, -8, 0, 8, 113, -17,
    -8, 30, 24, -24, 8, 0, 0, 8,
    8, -8, -25, 0, -110, 21, 0, 0,
    0, 17, 17, 19, 0, 0, 25, 0,
    -53, -49, 2, 36, 25, 14, -34, 7,
    38, 0, 32, 0, 17, 8, 0, 44,
    0, 0, 0
};


/*Collect the kern class' data in one place*/
static const lv_font_fmt_txt_kern_classes_t kern_classes =
{
    .class_pair_values   = kern_class_values,
    .left_class_mapping  = kern_left_class_mapping,
    .right_class_mapping = kern_right_class_mapping,
    .left_class_cnt      = 25,
    .right_class_cnt     = 27,
};

/*--------------------
 *  ALL CUSTOM DATA
 *--------------------*/

#if LVGL_VERSION_MAJOR == 8
/*Store all the custom data of the font*/
static  lv_font_fmt_txt_glyph_cache_t cache;
#endif

#if LVGL_VERSION_MAJOR >= 8
static const lv_font_fmt_txt_dsc_t font_dsc = {
#else
static lv_font_fmt_txt_dsc_t font_dsc = {
#endif
    .glyph_bitmap = glyph_bitmap,
    .glyph_dsc = glyph_dsc,
    .cmaps = cmaps,
    .kern_dsc = &kern_classes,
    .kern_scale = 29,
    .cmap_num = 2,
    .bpp = 4,
    .kern_classes = 1,
    .bitmap_format = 1,
#if LVGL_VERSION_MAJOR == 8
    .cache = &cache
#endif
};



/*-----------------
 *  PUBLIC FONT
 *----------------*/

/*Initialize a public general font descriptor*/
#if LVGL_VERSION_MAJOR >= 8
const lv_font_t font_m96 = {
#else
lv_font_t font_m96 = {
#endif
    .get_glyph_dsc = lv_font_get_glyph_dsc_fmt_txt,    /*Function pointer to get glyph's data*/
    .get_glyph_bitmap = lv_font_get_bitmap_fmt_txt,    /*Function pointer to get glyph's bitmap*/
    .line_height = 100,          /*The maximum line height required by the font*/
    .base_line = 19,             /*Baseline measured from the bottom of the line*/
#if !(LVGL_VERSION_MAJOR == 6 && LVGL_VERSION_MINOR == 0)
    .subpx = LV_FONT_SUBPX_NONE,
#endif
#if LV_VERSION_CHECK(7, 4, 0) || LVGL_VERSION_MAJOR >= 8
    .underline_position = -10,
    .underline_thickness = 5,
#endif
    .dsc = &font_dsc,          /*The custom font data. Will be accessed by `get_glyph_bitmap/dsc` */
#if LV_VERSION_CHECK(8, 2, 0) || LVGL_VERSION_MAJOR >= 9
    .fallback = NULL,
#endif
    .user_data = NULL,
};



#endif /*#if FONT_M96*/

