/*******************************************************************************
 * Size: 40 px
 * Bpp: 4
 * Opts: --font /var/folders/g7/tg1j49452fl9lbzkkd9wv0r40000gn/T/tmp.dfUUyRicr3/Montserrat-Regular.ttf --size 40 --bpp 4 --range 0x20-0x7F,0xB0 --format lvgl -o /Users/assladkov/homeplace/knobos/tools/../components/ui/fonts/font_m40.c
 ******************************************************************************/

#ifdef LV_LVGL_H_INCLUDE_SIMPLE
#include "lvgl.h"
#else
#include "lvgl/lvgl.h"
#endif

#ifndef FONT_M40
#define FONT_M40 1
#endif

#if FONT_M40

/*-----------------
 *    BITMAPS
 *----------------*/

/*Store the image of the glyphs*/
static LV_ATTRIBUTE_LARGE_CONST const uint8_t glyph_bitmap[] = {
    /* U+0020 " " */

    /* U+0021 "!" */
    0x7f, 0xf6, 0x80, 0x78, 0x40, 0x2, 0x1, 0xe3,
    0x0, 0x38, 0x7, 0x84, 0x0, 0x20, 0x1e, 0x70,
    0x1, 0x80, 0x78, 0x40, 0x2, 0x1, 0xfd, 0xe0,
    0x60, 0x1f, 0x8, 0x8, 0x7, 0xc6, 0x1, 0xfc,
    0x20, 0x9, 0x92, 0x80, 0x19, 0x82, 0x1, 0xff,
    0xc4, 0x4e, 0xf8, 0x9, 0x10, 0x72, 0x10, 0xd,
    0xe4, 0x30, 0x40,

    /* U+0022 "\"" */
    0x3f, 0xf2, 0x0, 0x4d, 0xfe, 0x10, 0xf, 0xfe,
    0x13, 0x80, 0x46, 0x1, 0x8, 0x7, 0xf0, 0x80,
    0x7f, 0xf0, 0x84, 0x2, 0x10, 0x8, 0xc0, 0x3f,
    0xf9, 0x86, 0x1, 0x38, 0x7, 0xff, 0x8, 0x62,
    0x2, 0x1, 0x14, 0x48, 0x0,

    /* U+0023 "#" */
    0x0, 0xfd, 0x7e, 0xe0, 0x1f, 0x27, 0xe8, 0x7,
    0xff, 0x5, 0x80, 0x40, 0x3e, 0x20, 0x60, 0xf,
    0xfe, 0x9, 0x1, 0x0, 0x7d, 0xc0, 0x20, 0x1f,
    0xfc, 0x36, 0x0, 0xf8, 0x80, 0x80, 0x3f, 0xf8,
    0x4, 0x0, 0x20, 0xf, 0x98, 0x38, 0x3, 0xff,
    0x80, 0xc0, 0x20, 0x1f, 0x88, 0x8, 0x3, 0xff,
    0x80, 0x40, 0x40, 0x1f, 0x84, 0x18, 0x3, 0xc2,
    0x45, 0xde, 0xe, 0x45, 0xf2, 0x0, 0x4, 0x8b,
    0x8, 0x46, 0xef, 0x30, 0x26, 0xef, 0xd6, 0x0,
    0xcd, 0xdd, 0x60, 0x1f, 0xfc, 0xf9, 0xff, 0xe1,
    0xb, 0xff, 0xf9, 0xc1, 0x7f, 0xfa, 0x80, 0x3e,
    0x10, 0x60, 0xf, 0x88, 0x8, 0x3, 0xff, 0x80,
    0x40, 0x2, 0x0, 0xf9, 0x83, 0x80, 0x3f, 0xf8,
    0xc, 0x2, 0x1, 0xf8, 0x80, 0x80, 0x3f, 0xf8,
    0x4, 0x4, 0x1, 0xf8, 0x41, 0x80, 0x3f, 0xf8,
    0x1c, 0xc, 0x1, 0xf1, 0x0, 0x8, 0x3, 0xff,
    0x80, 0x40, 0x40, 0x1f, 0x30, 0x8, 0x7, 0xff,
    0x5, 0xc3, 0x80, 0x3e, 0x20, 0x20, 0xf, 0xb7,
    0xff, 0x88, 0x27, 0xff, 0xe9, 0x3, 0xff, 0xe5,
    0x0, 0xff, 0xe7, 0xfe, 0xee, 0xa0, 0x6, 0xef,
    0xe2, 0x8, 0xdd, 0xe5, 0x2, 0x2e, 0x0, 0x9,
    0x17, 0xe3, 0x3, 0x22, 0xe0, 0xf, 0x8c, 0x8,
    0x3, 0xf0, 0x83, 0x0, 0x7f, 0xf0, 0x38, 0x18,
    0x3, 0xe2, 0x0, 0x10, 0x7, 0xff, 0x0, 0x80,
    0x80, 0x3e, 0x60, 0x10, 0xf, 0xfe, 0xb, 0x7,
    0x0, 0x7c, 0x40, 0x40, 0x1f, 0xfc, 0x12, 0x2,
    0x0, 0xfb, 0x81, 0x80, 0x3f, 0xf8, 0x22, 0xc,
    0x1, 0xf1, 0x1, 0x0, 0x7e,

    /* U+0024 "$" */
    0x0, 0xff, 0x24, 0x18, 0x7, 0xff, 0x1f, 0x5d,
    0x0, 0x3f, 0xff, 0xe0, 0x1e, 0x5a, 0xdf, 0x60,
    0x8e, 0xda, 0x62, 0x0, 0xfc, 0x7b, 0x4a, 0x40,
    0x18, 0x49, 0x67, 0x71, 0x0, 0x39, 0xb0, 0x80,
    0x6, 0xe8, 0xb, 0xc, 0x40, 0x3, 0xb6, 0x0,
    0x8e, 0x40, 0xb, 0xd9, 0x4, 0x1a, 0xf3, 0xba,
    0x70, 0x3, 0x80, 0x5e, 0x0, 0x6a, 0x10, 0xf,
    0xc5, 0x1d, 0x42, 0x0, 0x23, 0x1, 0x90, 0xf,
    0xfe, 0x0, 0xa8, 0x4, 0xe0, 0x7, 0x0, 0xff,
    0xe3, 0x18, 0x0, 0x40, 0x3f, 0xf8, 0xc6, 0x0,
    0x20, 0xf, 0xfe, 0x33, 0x80, 0x14, 0x80, 0x3f,
    0xf8, 0xa4, 0x60, 0xc, 0x30, 0xf, 0xfe, 0x2f,
    0x0, 0x7, 0x2d, 0x40, 0x3f, 0xf8, 0x65, 0xa4,
    0x0, 0x4a, 0xf7, 0x0, 0xff, 0xe1, 0x16, 0xc0,
    0x80, 0x42, 0x11, 0xb2, 0x80, 0x1f, 0xf3, 0xf5,
    0xb1, 0x0, 0x44, 0xd7, 0xd0, 0x20, 0x1f, 0xe4,
    0x9d, 0x60, 0x21, 0x0, 0xb, 0xf2, 0x80, 0x7f,
    0xf0, 0xab, 0xad, 0x40, 0x2a, 0x50, 0xf, 0xfe,
    0x1a, 0x56, 0x98, 0x2, 0x84, 0x3, 0xff, 0x88,
    0x58, 0x40, 0x7, 0x0, 0xff, 0xe3, 0x58, 0x3,
    0xc0, 0x3f, 0xf8, 0xc4, 0x0, 0x20, 0xf, 0xfe,
    0x49, 0x1, 0x30, 0x7, 0xff, 0xf, 0x40, 0x1e,
    0x11, 0x34, 0x20, 0x1f, 0xfc, 0x3, 0x60, 0x3,
    0x2, 0x2, 0xf4, 0x18, 0x7, 0xf3, 0x60, 0x2,
    0x0, 0x18, 0x60, 0x7, 0xce, 0xa9, 0x50, 0xc8,
    0xae, 0x90, 0x3, 0x38, 0x0, 0xb2, 0x88, 0x0,
    0x2a, 0xc6, 0x8, 0xea, 0x20, 0x33, 0x20, 0xe,
    0x5d, 0xd4, 0x21, 0x8, 0x6, 0x25, 0x9e, 0x60,
    0xf, 0xc4, 0xf7, 0xbc, 0xc1, 0x1f, 0xb4, 0xc0,
    0x1f, 0xff, 0xf0, 0xf, 0x6b, 0xa0, 0x7, 0xf0,

    /* U+0025 "%" */
    0x0, 0xcf, 0x9f, 0xec, 0x70, 0xf, 0xfe, 0xb,
    0x7f, 0x8, 0x7, 0x8b, 0x60, 0xc8, 0x87, 0x1a,
    0x20, 0x1f, 0xe1, 0x90, 0xa1, 0x0, 0xf7, 0x92,
    0xf6, 0xeb, 0x94, 0xb0, 0x3, 0xfd, 0x40, 0xc8,
    0x1, 0xe7, 0x24, 0xa1, 0x0, 0xd, 0x21, 0x38,
    0x7, 0xe7, 0x42, 0x90, 0xf, 0xa8, 0x20, 0x3,
    0xd0, 0x14, 0x1, 0xf1, 0x40, 0x70, 0x7, 0xc2,
    0x42, 0x60, 0x1e, 0x31, 0x21, 0x0, 0xf7, 0x3,
    0x98, 0x7, 0xc4, 0xa, 0x1, 0xf9, 0x40, 0x80,
    0x39, 0xcc, 0xa0, 0x3, 0xf3, 0x80, 0x7f, 0xf0,
    0x1c, 0x3, 0x1c, 0x7, 0x0, 0x7f, 0x38, 0x38,
    0x7, 0xe7, 0x7, 0x0, 0xdc, 0xe, 0x60, 0x1f,
    0xc4, 0x4, 0x1, 0xf8, 0x80, 0x80, 0x28, 0x23,
    0x80, 0xf, 0xf0, 0x90, 0xa0, 0x7, 0x90, 0x48,
    0x40, 0x6, 0xe1, 0xc0, 0x1f, 0xfc, 0xa, 0x9,
    0x0, 0xf4, 0x85, 0x0, 0x5c, 0x10, 0x40, 0x1f,
    0xfc, 0x7, 0x22, 0x6a, 0x0, 0x13, 0x48, 0x8e,
    0x0, 0x92, 0x37, 0x0, 0xff, 0xe1, 0x61, 0x12,
    0xff, 0xd6, 0x44, 0xc0, 0x2, 0x30, 0x70, 0x4,
    0xd9, 0xdf, 0xb0, 0x20, 0x1c, 0x3b, 0x6, 0x0,
    0x38, 0xd1, 0x0, 0x50, 0x49, 0x0, 0x32, 0x4c,
    0x40, 0x9f, 0xcc, 0x3, 0xcf, 0x9f, 0xec, 0x70,
    0xa, 0x85, 0x18, 0x1, 0x66, 0x35, 0xfe, 0xc4,
    0x1d, 0x10, 0xf, 0xfe, 0xa, 0x28, 0x50, 0x1,
    0x10, 0x3e, 0xa0, 0x3, 0xb4, 0x1b, 0x0, 0xff,
    0xe0, 0xd, 0x5, 0x8, 0x3, 0xc2, 0x4, 0x3,
    0xa4, 0x14, 0x40, 0x3f, 0xeb, 0x15, 0x50, 0x4,
    0x80, 0xe0, 0x1e, 0x23, 0x5, 0x0, 0xff, 0x2a,
    0x86, 0xc0, 0x21, 0x1, 0x10, 0x7, 0xca, 0x4,
    0x1, 0xfc, 0x36, 0x16, 0x20, 0x11, 0x81, 0x80,
    0x7e, 0x10, 0x10, 0xf, 0xea, 0x15, 0x50, 0x6,
    0x30, 0x30, 0xf, 0xc2, 0x2, 0x1, 0xf9, 0x90,
    0x6c, 0x3, 0x84, 0x4, 0x3, 0xf1, 0x1, 0x0,
    0x7c, 0x52, 0x14, 0x20, 0x1e, 0x40, 0x50, 0xf,
    0x90, 0x10, 0x3, 0xee, 0x6, 0x40, 0xf, 0xbc,
    0x20, 0x3, 0xd2, 0xc, 0x1, 0xf3, 0x99, 0x48,
    0x7, 0xe4, 0x41, 0x61, 0x0, 0x50, 0xc3, 0x0,
    0x1e, 0x28, 0xe, 0x0, 0xff, 0x5a, 0x1e, 0xed,
    0xee, 0x3a, 0x20, 0x1e, 0xe0, 0x73, 0x0, 0xff,
    0xae, 0x4c, 0x8a, 0x7f, 0x30, 0x0,

    /* U+0026 "&" */
    0x0, 0xf8, 0x63, 0x3b, 0xfb, 0x20, 0x40, 0x3f,
    0xf8, 0x8d, 0xce, 0x62, 0x2, 0x6f, 0xca, 0x1,
    0xff, 0xc2, 0x69, 0x1, 0x8c, 0xdc, 0x80, 0x5,
    0x18, 0x7, 0xff, 0x0, 0x64, 0x7, 0xdc, 0xc8,
    0xdf, 0x44, 0x20, 0x3, 0xff, 0x80, 0x80, 0x8,
    0x10, 0xe, 0x26, 0x4, 0x0, 0xff, 0xe0, 0x10,
    0x1, 0x0, 0x3e, 0xe0, 0xf, 0xfe, 0x28, 0x80,
    0x7d, 0xc0, 0x1f, 0xfc, 0x23, 0x0, 0x20, 0x7,
    0xcc, 0xa, 0x1, 0xff, 0xc0, 0x41, 0x9, 0x0,
    0xf5, 0x88, 0x48, 0x7, 0xff, 0x6, 0x40, 0x68,
    0x2, 0x2d, 0x40, 0x93, 0x0, 0xff, 0xe0, 0xba,
    0x2, 0xc0, 0x46, 0x90, 0x53, 0x0, 0x7f, 0xf0,
    0xec, 0x81, 0xf9, 0xc0, 0xf5, 0x40, 0x3f, 0xf8,
    0xb0, 0x0, 0x10, 0x9c, 0x20, 0xf, 0xfe, 0x20,
    0xd5, 0x0, 0x37, 0x80, 0x7f, 0xf1, 0x53, 0xd4,
    0x13, 0x8, 0x1a, 0x0, 0x3f, 0xf8, 0x6d, 0x62,
    0x2a, 0xb3, 0xc2, 0x7, 0x80, 0xf, 0x3b, 0x8,
    0x6, 0x59, 0x2, 0xf5, 0x0, 0xe, 0x10, 0x3c,
    0x0, 0x74, 0xca, 0x0, 0x21, 0xa0, 0x2c, 0x10,
    0xc, 0x38, 0x40, 0xf0, 0x1, 0x18, 0x86, 0x0,
    0x52, 0x0, 0x91, 0x0, 0xf0, 0xe1, 0x3, 0xc0,
    0x2, 0xc0, 0xa, 0x1, 0x28, 0xa, 0x0, 0x7e,
    0x1c, 0x20, 0x78, 0x17, 0x5, 0x0, 0xc4, 0x4,
    0x1, 0xfe, 0x1c, 0x10, 0x7d, 0x0, 0x48, 0x7,
    0x84, 0x3, 0xfe, 0x1c, 0x10, 0x30, 0x53, 0x0,
    0xc4, 0x4, 0x40, 0xf, 0xf8, 0xb4, 0x2, 0x20,
    0xe, 0x50, 0x7, 0x0, 0x7f, 0xc5, 0xc0, 0x13,
    0xb0, 0x6, 0x82, 0x3, 0xc2, 0x0, 0xf8, 0x63,
    0x48, 0x1c, 0x42, 0x58, 0x3, 0x61, 0x1, 0xee,
    0x43, 0x2b, 0x45, 0xf3, 0x80, 0x2e, 0x30, 0x42,
    0x58, 0x2, 0x1c, 0x60, 0x1, 0xbc, 0xd4, 0xba,
    0x0, 0x1b, 0x90, 0xb, 0x4, 0x20, 0x3, 0xc,
    0xf4, 0xa1, 0x8, 0x9, 0x2d, 0x74, 0x88, 0x4,
    0x58, 0x3a, 0x1, 0xe1, 0x6b, 0xde, 0xfe, 0xda,
    0x51, 0x0, 0xf1, 0x71, 0x80,

    /* U+0027 "'" */
    0x3f, 0xf2, 0x0, 0x7c, 0xe2, 0x1, 0xfe, 0x13,
    0x0, 0xff, 0x18, 0x6, 0x18, 0x80, 0x80,

    /* U+0028 "(" */
    0x0, 0xcf, 0xfe, 0x30, 0x8, 0x60, 0x10, 0xc0,
    0x29, 0x0, 0x40, 0x6, 0x70, 0x33, 0x0, 0x4c,
    0x0, 0x90, 0xd, 0x40, 0x5, 0x0, 0x84, 0xc1,
    0x40, 0x33, 0x80, 0x3c, 0x3, 0x60, 0x1, 0x0,
    0x32, 0x1, 0x8, 0x4, 0x22, 0x7, 0x0, 0xca,
    0x0, 0xd0, 0xc, 0x40, 0x2, 0x0, 0xde, 0x0,
    0x60, 0xc, 0x60, 0x1, 0x0, 0xc2, 0x0, 0x20,
    0xc, 0xe0, 0x1f, 0x8, 0x7, 0xff, 0x2c, 0x40,
    0x3e, 0x70, 0xf, 0x84, 0x0, 0x40, 0x18, 0x80,
    0x2, 0x1, 0xb8, 0x0, 0xc0, 0x18, 0x80, 0x4,
    0x1, 0x94, 0x1, 0xa0, 0x18, 0x44, 0xe, 0x1,
    0xc8, 0x4, 0x20, 0x1b, 0x0, 0x8, 0x1, 0x9c,
    0x1, 0xe0, 0x18, 0x4c, 0x14, 0x3, 0xa8, 0x0,
    0xa0, 0x19, 0x84, 0x24, 0x3, 0x98, 0xc, 0xc0,
    0x1a, 0x40, 0x10, 0x1, 0x86, 0x1, 0xc,

    /* U+0029 ")" */
    0x2f, 0xf4, 0x80, 0x62, 0x60, 0x62, 0x0, 0xd0,
    0x0, 0x80, 0xc, 0x2a, 0xa, 0x40, 0x1a, 0x40,
    0x14, 0x1, 0x8c, 0x81, 0x80, 0x39, 0x40, 0x50,
    0x3, 0x58, 0x3, 0x0, 0x31, 0x88, 0x28, 0x7,
    0x28, 0x10, 0x7, 0x18, 0x1, 0x0, 0x36, 0x80,
    0x8, 0x3, 0x30, 0x3, 0xc0, 0x31, 0x0, 0x8,
    0x3, 0x8, 0x1, 0xc0, 0x38, 0x40, 0x80, 0x38,
    0xc0, 0x40, 0x3f, 0xf8, 0x22, 0x1, 0xf0, 0x80,
    0x7f, 0xf0, 0xcc, 0x4, 0x3, 0x84, 0x8, 0x3,
    0x8, 0x1, 0xc0, 0x31, 0x0, 0x8, 0x3, 0x30,
    0x3, 0xc0, 0x36, 0x80, 0x8, 0x3, 0x18, 0x1,
    0x0, 0x32, 0x81, 0x0, 0x63, 0x10, 0x50, 0xd,
    0x60, 0xb, 0x0, 0xca, 0x2, 0x60, 0x11, 0x90,
    0x30, 0x6, 0x90, 0x5, 0x0, 0x42, 0xa0, 0xa4,
    0x1, 0x40, 0x2, 0x0, 0x22, 0x60, 0x62, 0x0,
    0x80,

    /* U+002A "*" */
    0x0, 0xf1, 0xfd, 0x0, 0x7f, 0xf2, 0x84, 0x3,
    0x8, 0x7, 0x84, 0x1, 0x1c, 0xa0, 0x1f, 0xd,
    0x70, 0x81, 0xd, 0x59, 0x0, 0x67, 0xe5, 0x15,
    0xb, 0xb1, 0x26, 0xc0, 0x3e, 0xc0, 0x3f, 0xa0,
    0x1, 0x36, 0x45, 0x40, 0x88, 0x9b, 0x2, 0x1,
    0xce, 0x80, 0x10, 0xf1, 0x0, 0x7a, 0x39, 0x40,
    0x2, 0x2a, 0xc3, 0x0, 0x9b, 0x9c, 0x1f, 0x1,
    0x30, 0xcd, 0x94, 0x21, 0x42, 0xbd, 0x2, 0x0,
    0x3c, 0x91, 0x55, 0x7, 0xe5, 0x8, 0x7, 0x9b,
    0xa5, 0x0, 0xcc, 0x1, 0x8, 0x7, 0x98, 0x3,
    0xff, 0x94, 0x55, 0x20, 0x1e,

    /* U+002B "+" */
    0x0, 0xfd, 0x39, 0x20, 0x1f, 0xfc, 0x45, 0x35,
    0x0, 0xff, 0xff, 0x80, 0x7f, 0xf4, 0x5, 0x57,
    0xe1, 0x1, 0x55, 0xf8, 0x4a, 0xab, 0xe2, 0x2,
    0xaa, 0xf8, 0x80, 0x3f, 0xf8, 0xe7, 0xff, 0xf1,
    0x81, 0xff, 0xfc, 0x60, 0x1f, 0xff, 0xf0, 0xf,
    0xfe, 0xd8,

    /* U+002C "," */
    0x1b, 0xd7, 0xb, 0x42, 0x83, 0x60, 0x9, 0xa8,
    0x2, 0x76, 0x70, 0x22, 0x1, 0x82, 0x80, 0x14,
    0x2c, 0x8, 0x44, 0x60, 0x80, 0xe0, 0xc, 0xd,
    0x0, 0x0,

    /* U+002D "-" */
    0x47, 0x7f, 0xe6, 0xd8, 0x8f, 0xf0, 0x7, 0xfc,

    /* U+002E "." */
    0x2, 0x40, 0x3, 0x6d, 0xe8, 0x50, 0x0, 0x95,
    0xc0, 0x21, 0x92, 0x7, 0x40,

    /* U+002F "/" */
    0x0, 0xff, 0xe0, 0xbc, 0x28, 0x7, 0xff, 0x0,
    0xa1, 0xc8, 0x3, 0xff, 0x81, 0x40, 0x6, 0x0,
    0xff, 0xe0, 0x28, 0x20, 0x80, 0x7f, 0xc6, 0x41,
    0xa0, 0x1f, 0xfc, 0xb, 0x0, 0x38, 0x7, 0xff,
    0x1, 0x81, 0x44, 0x3, 0xfe, 0x41, 0xf, 0x0,
    0xff, 0xe0, 0x68, 0x1, 0x40, 0x3f, 0xf8, 0xc,
    0xa, 0x1, 0xff, 0xc0, 0x50, 0x7, 0x0, 0x7f,
    0xf0, 0x3c, 0x5, 0x0, 0x3f, 0xf8, 0xa, 0xe,
    0x1, 0xff, 0xc0, 0x60, 0x5, 0x0, 0x7f, 0xf0,
    0x34, 0x8, 0xc0, 0x3f, 0xe1, 0x40, 0x50, 0xf,
    0xfe, 0x3, 0x80, 0x28, 0x3, 0xff, 0x81, 0x40,
    0x64, 0x1, 0xff, 0x11, 0x85, 0x80, 0x7f, 0xf0,
    0x14, 0x0, 0xc0, 0x1f, 0xfc, 0xa, 0x3, 0x10,
    0xf, 0xf8, 0xc8, 0x28, 0x3, 0xff, 0x81, 0x60,
    0x7, 0x0, 0xff, 0xe0, 0x30, 0x20, 0x80, 0x7f,
    0xc8, 0x21, 0xc0, 0x1f, 0xfc, 0xd, 0x0, 0x28,
    0x7, 0xff, 0x1, 0xc1, 0x40, 0x3f, 0xf8, 0x8,
    0x21, 0xc0, 0x1f, 0xfc, 0xe, 0x1, 0x40, 0xf,
    0xfe, 0x2, 0x83, 0x80, 0x7f, 0xf0, 0x14, 0x1,
    0x40, 0x1f, 0xfc, 0xe, 0x1, 0x30, 0xf, 0xf8,
    0x50, 0x18, 0x3, 0xff, 0x80, 0xe0, 0xa, 0x0,
    0xff, 0xe0, 0x50, 0x11, 0x0, 0x3f, 0xe1, 0x30,
    0xa0, 0xf, 0xfe, 0x3, 0x0, 0x14, 0x3, 0xff,
    0x81, 0x40, 0x64, 0x1, 0xff, 0xc0,

    /* U+0030 "0" */
    0x0, 0xf9, 0x6b, 0x7f, 0xdd, 0x6e, 0x40, 0x1f,
    0xfc, 0x5, 0xda, 0x52, 0x0, 0xa, 0x46, 0xc8,
    0x80, 0x7f, 0x4d, 0x10, 0x0, 0x91, 0x50, 0x2,
    0x6c, 0x20, 0xf, 0xa5, 0x80, 0xb, 0xba, 0xba,
    0xbf, 0xa1, 0x2, 0xc2, 0x0, 0xe5, 0x60, 0x5,
    0x50, 0x80, 0x39, 0x78, 0xc0, 0x78, 0x3, 0xac,
    0x1, 0x2a, 0x1, 0xfd, 0x84, 0x6, 0xe0, 0x13,
    0x88, 0x23, 0x0, 0x7f, 0xdc, 0x0, 0x90, 0xa,
    0x80, 0x12, 0x1, 0xff, 0xc0, 0x35, 0x1, 0x50,
    0x32, 0x3, 0x20, 0xf, 0xfe, 0xf, 0x80, 0x38,
    0x10, 0x0, 0x80, 0x1f, 0xfc, 0x25, 0x0, 0x20,
    0x68, 0x3, 0x0, 0x3f, 0xf8, 0x64, 0x0, 0x26,
    0x0, 0x30, 0x7, 0xff, 0xd, 0xc0, 0xc, 0x20,
    0x3, 0x0, 0xff, 0xe1, 0x98, 0x0, 0x4c, 0x0,
    0x20, 0x1f, 0xfc, 0x31, 0x0, 0x18, 0x7, 0xff,
    0x2c, 0xc0, 0x2, 0x1, 0xff, 0xc3, 0x10, 0x1,
    0x88, 0x0, 0xc0, 0x3f, 0xf8, 0x66, 0x0, 0x16,
    0x0, 0x30, 0x7, 0xff, 0xd, 0xc0, 0xd, 0xa0,
    0xc, 0x0, 0xff, 0xe1, 0x90, 0x0, 0x90, 0x0,
    0x80, 0x1f, 0xfc, 0x25, 0x0, 0x20, 0x18, 0x81,
    0x90, 0x7, 0xff, 0x7, 0xc0, 0x1c, 0x0, 0x90,
    0x4, 0x80, 0x7f, 0xf0, 0xd, 0x40, 0x54, 0x0,
    0xe2, 0x8, 0xa0, 0x1f, 0xf7, 0x0, 0x24, 0x3,
    0x58, 0x2, 0x94, 0x3, 0xfb, 0x8, 0xd, 0xc0,
    0x32, 0xb0, 0x2, 0xa4, 0x80, 0x39, 0x78, 0xc0,
    0x78, 0x3, 0xd2, 0xc0, 0x6, 0xdd, 0x55, 0x2f,
    0xe8, 0x40, 0x70, 0x80, 0x3e, 0x9a, 0x10, 0x1,
    0x2a, 0x90, 0x2, 0x5f, 0x20, 0xf, 0xe5, 0xea,
    0x52, 0x0, 0x9, 0xbe, 0xd0, 0x80, 0x70,

    /* U+0031 "1" */
    0xaf, 0xff, 0xda, 0x1, 0xfe, 0xf7, 0x7f, 0x0,
    0x4b, 0x11, 0xe0, 0xf, 0xff, 0xf8, 0x7, 0xff,
    0xfc, 0x3, 0xff, 0xfe, 0x1, 0xff, 0xc6,

    /* U+0032 "2" */
    0x0, 0xe2, 0x7b, 0xdf, 0xfb, 0x6d, 0xc4, 0x3,
    0xf8, 0xf3, 0x61, 0x8, 0x2, 0x24, 0x8e, 0x90,
    0xf, 0xa7, 0xc, 0x2, 0x34, 0x55, 0x10, 0x4,
    0xda, 0x20, 0x1a, 0xd8, 0x0, 0xb9, 0xf9, 0x75,
    0x4d, 0xe8, 0x0, 0x15, 0x0, 0x62, 0x1, 0xca,
    0x30, 0xf, 0xb, 0xd8, 0x1, 0x10, 0x1, 0x4c,
    0xb0, 0xc0, 0x3f, 0xc8, 0xc0, 0xe, 0x0, 0xcc,
    0x40, 0x1f, 0xfc, 0xa, 0x0, 0x38, 0x7, 0xff,
    0x18, 0x80, 0x6, 0x1, 0xff, 0xc9, 0x30, 0xf,
    0xfe, 0x32, 0x80, 0x18, 0x3, 0xff, 0x8d, 0xa0,
    0xd, 0x0, 0xff, 0xe2, 0x93, 0x0, 0x1c, 0x3,
    0xff, 0x8b, 0xc0, 0x9, 0x10, 0xf, 0xfe, 0x25,
    0x18, 0x23, 0x0, 0x7f, 0xf1, 0x29, 0x40, 0xa8,
    0x3, 0xff, 0x89, 0x4a, 0x5, 0x82, 0x1, 0xff,
    0xc3, 0xa5, 0x2, 0xc1, 0x0, 0xff, 0xe1, 0xd2,
    0x81, 0x60, 0x80, 0x7f, 0xf0, 0xed, 0x40, 0xb0,
    0x40, 0x3f, 0xf8, 0x76, 0x80, 0x58, 0x20, 0x1f,
    0xfc, 0x3b, 0x40, 0x3c, 0x10, 0xf, 0xfe, 0x1e,
    0x20, 0x1e, 0x88, 0x7, 0xff, 0x8, 0x70, 0xc0,
    0xf0, 0x40, 0x3f, 0xf8, 0x43, 0xa6, 0x7, 0x80,
    0x1f, 0xfc, 0x31, 0xc3, 0x4, 0xc0, 0xf, 0xfe,
    0x18, 0xe1, 0x0, 0xa, 0x23, 0xff, 0x84, 0x20,
    0xc4, 0x1, 0x33, 0xbf, 0xff, 0x8, 0x80, 0x3f,
    0xf9, 0x40,

    /* U+0033 "3" */
    0x7, 0xff, 0xff, 0xe2, 0xc0, 0x7, 0xff, 0x2c,
    0xdd, 0xff, 0xf8, 0x28, 0x1, 0x50, 0x1, 0x22,
    0x3f, 0xf8, 0x12, 0xa0, 0xa, 0x20, 0xf, 0xfe,
    0x1e, 0x88, 0x3a, 0x80, 0x7f, 0xf0, 0xe4, 0xc1,
    0x20, 0x3, 0xff, 0x86, 0xcc, 0x1, 0xa0, 0xf,
    0xfe, 0x19, 0xc8, 0x3, 0x44, 0x3, 0xff, 0x84,
    0x3a, 0x0, 0xa3, 0x0, 0xff, 0xe1, 0xe8, 0x83,
    0x28, 0x7, 0xff, 0xe, 0x4c, 0xe, 0x40, 0x3f,
    0xf8, 0x6c, 0xc0, 0x1d, 0x0, 0xff, 0xe2, 0x40,
    0x0, 0x7b, 0x69, 0xc4, 0x3, 0xff, 0x8a, 0x4b,
    0x1c, 0xe0, 0x1f, 0xf6, 0xdd, 0xaa, 0x14, 0x2,
    0x89, 0x0, 0xff, 0x1a, 0x21, 0x5e, 0xb9, 0x80,
    0xc, 0xc0, 0xf, 0xfe, 0x18, 0xcb, 0x80, 0x20,
    0x3, 0xff, 0x8b, 0x4, 0x2, 0x80, 0x1f, 0xfc,
    0x55, 0x0, 0x18, 0x7, 0xff, 0x17, 0x80, 0x1c,
    0x1, 0xff, 0xc8, 0x10, 0xf, 0xfe, 0x2e, 0x0,
    0x38, 0x19, 0x0, 0x3f, 0xf8, 0x22, 0xa0, 0x7,
    0x19, 0xb7, 0x0, 0xff, 0x87, 0x40, 0xa, 0x2e,
    0x0, 0x8e, 0x83, 0x0, 0xf9, 0x7c, 0xc0, 0x6c,
    0x1a, 0x40, 0x2, 0xf9, 0xd9, 0x75, 0x4c, 0xfa,
    0x10, 0x1d, 0x10, 0x3, 0x73, 0x88, 0x0, 0x4d,
    0x15, 0x46, 0x1, 0x2f, 0x98, 0x6, 0x18, 0xec,
    0x74, 0x21, 0x0, 0x12, 0x46, 0xd0, 0x80, 0x40,

    /* U+0034 "4" */
    0x0, 0xff, 0xe1, 0xf, 0x7f, 0x90, 0x3, 0xff,
    0x91, 0xa2, 0x10, 0x80, 0x1f, 0xfc, 0x79, 0x30,
    0x57, 0x0, 0xff, 0xe3, 0xb3, 0x0, 0xa8, 0x3,
    0xff, 0x8e, 0x72, 0x3, 0xe0, 0x1f, 0xfc, 0x71,
    0xd0, 0x5, 0x10, 0x7, 0xff, 0x1f, 0x44, 0x21,
    0x0, 0x3f, 0xf8, 0xf2, 0x60, 0xae, 0x1, 0xff,
    0xc7, 0x66, 0x1, 0x50, 0x7, 0xff, 0x1c, 0xe4,
    0x7, 0xc0, 0x3f, 0xf8, 0xe3, 0xa0, 0xa, 0x20,
    0xf, 0xfe, 0x3e, 0x88, 0x42, 0x0, 0x71, 0x22,
    0x4, 0x3, 0xfd, 0x26, 0xa, 0xe0, 0x1e, 0xab,
    0xb2, 0x80, 0x7f, 0x33, 0x0, 0xa8, 0x3, 0xff,
    0x8e, 0x72, 0x0, 0xf0, 0xf, 0xfe, 0x38, 0xe8,
    0x2, 0xc8, 0x3, 0xff, 0x8f, 0xa2, 0xe, 0x80,
    0x1f, 0xfc, 0x7a, 0x30, 0x48, 0x0, 0xff, 0xe3,
    0xaa, 0x80, 0x9, 0xff, 0xff, 0x38, 0x2, 0xff,
    0xf7, 0x18, 0x7, 0xff, 0x31, 0x5d, 0xff, 0xf8,
    0x66, 0x0, 0x57, 0x7d, 0x27, 0x11, 0xff, 0xc3,
    0x50, 0x7, 0x44, 0x67, 0x0, 0xff, 0xff, 0x80,
    0x7f, 0xff, 0xc0,

    /* U+0035 "5" */
    0x0, 0xd9, 0xff, 0xff, 0xc2, 0x90, 0xf, 0x10,
    0x7, 0xff, 0x24, 0x40, 0x5d, 0xff, 0xf8, 0x18,
    0x1, 0xc2, 0x0, 0x58, 0x8f, 0xfe, 0x2, 0x80,
    0x71, 0x80, 0x8, 0x3, 0xff, 0x8c, 0xc0, 0xe,
    0x0, 0xff, 0xe3, 0x10, 0x0, 0x80, 0x3f, 0xf8,
    0xc2, 0x0, 0x10, 0xf, 0xfe, 0x37, 0x0, 0x18,
    0x3, 0xff, 0x8c, 0x40, 0x2, 0x0, 0xff, 0xe3,
    0x38, 0x7, 0xff, 0x24, 0x80, 0x11, 0x19, 0xdc,
    0xa6, 0x1, 0xff, 0x8, 0x1, 0xdf, 0x44, 0x2b,
    0x3e, 0xd4, 0x3, 0xe1, 0x0, 0xff, 0xe0, 0x25,
    0x69, 0x80, 0x70, 0xff, 0xfe, 0xdb, 0x83, 0x0,
    0x16, 0x20, 0x7, 0xff, 0x4, 0x91, 0xf3, 0x4,
    0x0, 0xa1, 0x0, 0xff, 0xe2, 0x1e, 0x90, 0xb,
    0x0, 0x7f, 0xf1, 0xa0, 0x1, 0x60, 0x1f, 0xfc,
    0x65, 0x0, 0x18, 0x7, 0xff, 0x1c, 0x40, 0x3f,
    0xfb, 0xc4, 0x20, 0x40, 0x14, 0x0, 0x7f, 0xf0,
    0xac, 0x0, 0x80, 0x8, 0x7c, 0x30, 0xf, 0xf9,
    0x98, 0x0, 0xb0, 0x2, 0x81, 0xe5, 0xa8, 0x80,
    0x78, 0xaa, 0x40, 0xe, 0x40, 0xc, 0x40, 0x2,
    0x57, 0x6d, 0xd5, 0x2f, 0xb5, 0x40, 0xd, 0x0,
    0x10, 0xdd, 0x8c, 0x2, 0x24, 0x55, 0x20, 0x80,
    0x6, 0xa4, 0x3, 0xc9, 0x9d, 0x2a, 0x62, 0x0,
    0x13, 0x6a, 0xe5, 0x0, 0xc0,

    /* U+0036 "6" */
    0x0, 0xfc, 0xb3, 0x9d, 0xfe, 0xec, 0x95, 0x0,
    0xff, 0x47, 0xd3, 0x18, 0x80, 0x4, 0xda, 0xb9,
    0x0, 0x3c, 0x7a, 0xe0, 0x11, 0xb3, 0xb9, 0x90,
    0x0, 0x2a, 0x1, 0xc9, 0x84, 0x5, 0x3f, 0x93,
    0x10, 0x9b, 0xfa, 0x91, 0x0, 0xc5, 0x40, 0x6,
    0xd6, 0x0, 0xfc, 0xac, 0x1, 0xdc, 0x20, 0xf2,
    0x1, 0xff, 0xc4, 0x53, 0x3, 0x80, 0xf, 0xfe,
    0x2c, 0x80, 0x3c, 0x3, 0xff, 0x8a, 0x46, 0x6,
    0x60, 0xf, 0xfe, 0x2a, 0x0, 0x10, 0x3, 0xff,
    0x8d, 0xe0, 0xc, 0x0, 0xff, 0xe3, 0x28, 0x1,
    0x80, 0x23, 0x9c, 0xef, 0xf6, 0xd3, 0x0, 0x78,
    0x40, 0x6, 0x5, 0x98, 0x63, 0x10, 0x1, 0x2c,
    0xf2, 0x80, 0x63, 0x0, 0xa, 0x69, 0x81, 0x34,
    0x4c, 0x28, 0x80, 0xd5, 0x0, 0x3c, 0x56, 0x5,
    0x9b, 0x2e, 0xcf, 0x5d, 0x0, 0x5, 0x80, 0x1,
    0x80, 0x38, 0x13, 0x4c, 0x3, 0xe7, 0xb0, 0x3,
    0x98, 0x8, 0x0, 0xc6, 0xc0, 0x3f, 0xc9, 0x0,
    0x9, 0x7, 0x0, 0xa4, 0x3, 0xff, 0x80, 0xe0,
    0x4, 0x3, 0x0, 0x90, 0x3, 0xff, 0x82, 0x40,
    0x22, 0xc0, 0x8, 0x80, 0x3f, 0xf8, 0x2c, 0x1,
    0x20, 0x4, 0x60, 0x1f, 0xfc, 0x16, 0x0, 0x8,
    0x30, 0x1, 0x40, 0x3f, 0xf8, 0x2, 0x40, 0x40,
    0xa, 0x0, 0x50, 0x7, 0xff, 0x1, 0x80, 0x8,
    0x0, 0x37, 0x2, 0xb0, 0xf, 0xf1, 0xc0, 0x2,
    0xc0, 0x28, 0x30, 0x4d, 0x30, 0xf, 0x9f, 0x0,
    0x12, 0x40, 0x1b, 0xc, 0xb, 0x36, 0x5d, 0x9e,
    0xba, 0x0, 0x10, 0xc0, 0x1e, 0xc8, 0x0, 0x13,
    0x44, 0xc2, 0x88, 0x15, 0xb8, 0x7, 0xe7, 0xea,
    0x52, 0x10, 0x1, 0x2d, 0x6a, 0x0, 0x60,

    /* U+0037 "7" */
    0xbf, 0xff, 0xfe, 0x3e, 0x80, 0x7f, 0xf3, 0x19,
    0xdf, 0xff, 0x82, 0x40, 0x4, 0x0, 0xae, 0x23,
    0xff, 0x82, 0x60, 0xb, 0x0, 0xff, 0xe2, 0x30,
    0x82, 0x10, 0x7, 0xff, 0x12, 0xc0, 0x1e, 0x1,
    0xff, 0xc4, 0x42, 0x2, 0x40, 0x23, 0x38, 0x3,
    0xfe, 0x80, 0x4, 0x0, 0x27, 0x30, 0x20, 0x1f,
    0xe3, 0x30, 0xa, 0x80, 0x7f, 0xf1, 0x24, 0x1,
    0x20, 0x1f, 0xfc, 0x41, 0x50, 0x3, 0x0, 0x7f,
    0xf1, 0x20, 0x0, 0xc2, 0x1, 0xff, 0xc4, 0x60,
    0x5, 0x80, 0x7f, 0xf1, 0x1c, 0x0, 0xa4, 0x1,
    0xff, 0xc4, 0x90, 0x4, 0x80, 0x7f, 0xf1, 0x14,
    0x40, 0xcc, 0x1, 0xff, 0xc4, 0x80, 0x4, 0x0,
    0x7f, 0xf1, 0x10, 0x80, 0x90, 0x3, 0xff, 0x89,
    0xe0, 0xb, 0x0, 0xff, 0xe2, 0x12, 0x0, 0xb0,
    0x7, 0xff, 0x12, 0xc0, 0xc, 0x1, 0xff, 0xc4,
    0x16, 0x0, 0x48, 0x7, 0xff, 0x12, 0x40, 0xc,
    0x20, 0x1f, 0xfc, 0x46, 0x0, 0x58, 0x7, 0xff,
    0x11, 0x84, 0x10, 0x80, 0x3f, 0xf8, 0x96, 0x0,
    0xf0, 0xf, 0xfe, 0x22, 0x90, 0x1a, 0x0, 0x7f,
    0xf1, 0x24, 0x1, 0x20, 0x1f, 0xf0,

    /* U+0038 "8" */
    0x0, 0xf0, 0xb5, 0x6f, 0x7f, 0xb7, 0x20, 0xc0,
    0x3f, 0xc3, 0x1d, 0x2a, 0x42, 0x0, 0x23, 0x7c,
    0xc2, 0x0, 0x7c, 0x58, 0xe0, 0x2, 0x58, 0x89,
    0xd0, 0x0, 0x76, 0xe0, 0x1c, 0x38, 0x40, 0x77,
    0xb4, 0xef, 0x45, 0xf3, 0x80, 0x21, 0xc0, 0x34,
    0x88, 0x1e, 0x20, 0x7, 0xc3, 0x14, 0x0, 0x81,
    0x0, 0x94, 0x1, 0xc0, 0x1f, 0xf2, 0xa0, 0x1,
    0xc0, 0x22, 0x1, 0x20, 0xf, 0xfe, 0x6, 0x80,
    0x38, 0x3, 0x8c, 0x3, 0xff, 0x82, 0x60, 0x1,
    0x0, 0x84, 0x8, 0x3, 0xff, 0x83, 0xa0, 0xf,
    0x0, 0x90, 0x0, 0xe0, 0x1f, 0xf0, 0xb0, 0x1,
    0x0, 0x28, 0x0, 0x43, 0x0, 0x7f, 0x16, 0x8,
    0x31, 0x0, 0x45, 0x60, 0x9, 0xc6, 0x31, 0x0,
    0xa, 0x4e, 0x90, 0x34, 0x80, 0x72, 0x6a, 0x81,
    0xce, 0x77, 0xfb, 0xad, 0x80, 0xaa, 0x40, 0x3f,
    0xf9, 0x26, 0x1, 0xf3, 0xea, 0x80, 0xac, 0xd5,
    0xda, 0x9c, 0xc0, 0xa7, 0x4, 0x3, 0x44, 0x0,
    0x13, 0xd4, 0xca, 0x88, 0x58, 0xcc, 0x18, 0x1f,
    0x88, 0x0, 0xdc, 0x1, 0x8c, 0x1, 0xfc, 0x78,
    0xa0, 0x34, 0x0, 0x90, 0x4, 0x98, 0x7, 0xff,
    0x2, 0x84, 0x10, 0x81, 0x0, 0xc, 0x1, 0xff,
    0xc2, 0x60, 0x2, 0x80, 0x80, 0x80, 0x7f, 0xf0,
    0xf8, 0x1, 0xe0, 0x1f, 0xfc, 0xc1, 0x1, 0x10,
    0x7, 0xff, 0xb, 0xc0, 0x1c, 0x8, 0x0, 0x90,
    0xf, 0xfe, 0x8, 0xb0, 0x1, 0x2, 0x40, 0xe,
    0xa0, 0x1f, 0xf0, 0xe8, 0x1, 0x8, 0xd, 0xc0,
    0x15, 0x22, 0x1, 0xf9, 0x70, 0xc0, 0x68, 0x2,
    0x87, 0x0, 0x37, 0x64, 0xbb, 0x3c, 0x57, 0x51,
    0x0, 0xe0, 0x80, 0x68, 0xb2, 0x0, 0x1b, 0x44,
    0xc3, 0xa8, 0x80, 0x1f, 0x88, 0x3, 0xc9, 0xb8,
    0xe8, 0x42, 0x0, 0x13, 0x6a, 0xf8, 0x0, 0xc0,

    /* U+0039 "9" */
    0x0, 0xe3, 0x8c, 0xef, 0xf6, 0xdb, 0x90, 0x7,
    0xf8, 0x6f, 0x1c, 0xc4, 0x0, 0x49, 0x1b, 0x42,
    0x1, 0xf2, 0x72, 0x0, 0x11, 0xe2, 0xc, 0x80,
    0x5, 0xe3, 0x0, 0xe2, 0xb0, 0x2, 0xf5, 0xc3,
    0xba, 0x6f, 0x98, 0x1, 0x86, 0x1, 0xbc, 0x1,
    0x14, 0x20, 0x1e, 0x19, 0xb0, 0x7, 0x0, 0x48,
    0x40, 0x6e, 0x1, 0xfe, 0x48, 0x2, 0x80, 0x6,
    0x80, 0x24, 0x3, 0xff, 0x80, 0xe0, 0x6, 0x0,
    0x10, 0x1, 0xc0, 0x3f, 0xf8, 0x26, 0x2, 0xa0,
    0x18, 0xc0, 0x3f, 0xf8, 0x2e, 0x0, 0xf0, 0x10,
    0x1, 0x0, 0x7f, 0xf0, 0x54, 0x0, 0xe1, 0xa0,
    0xb, 0x0, 0xff, 0xe0, 0x20, 0x80, 0x8, 0x14,
    0x0, 0xe4, 0x1, 0xfe, 0x19, 0x0, 0xc4, 0x46,
    0x0, 0x61, 0x80, 0x7e, 0x2c, 0x23, 0x40, 0x0,
    0x84, 0xa0, 0xe, 0x52, 0x90, 0x0, 0x92, 0xb4,
    0x87, 0x84, 0x0, 0xe0, 0xb, 0x60, 0x2, 0xd6,
    0xff, 0xb6, 0xd4, 0xb, 0x8, 0x2, 0x70, 0xa,
    0x6d, 0x40, 0x3e, 0x39, 0xd2, 0x1, 0x0, 0xf9,
    0x2b, 0xf2, 0xa6, 0x57, 0xd8, 0xc0, 0x13, 0x80,
    0x8, 0x3, 0xe3, 0x56, 0x62, 0x8, 0x7, 0x18,
    0x0, 0x40, 0x3f, 0xf8, 0xa6, 0x0, 0x30, 0xf,
    0xfe, 0x35, 0x80, 0x2c, 0x3, 0xff, 0x8c, 0xc0,
    0x5, 0x0, 0xff, 0xe2, 0xc0, 0x82, 0x10, 0x7,
    0xff, 0x11, 0x1c, 0x1, 0x20, 0x1f, 0xfc, 0x46,
    0xb0, 0x4, 0x10, 0x6, 0x29, 0x10, 0xf, 0x8e,
    0xe4, 0x0, 0xce, 0x1, 0xd0, 0xdd, 0x95, 0x10,
    0x9b, 0xec, 0x40, 0x4, 0x48, 0x7, 0x98, 0x0,
    0x6a, 0xee, 0x64, 0x10, 0x2, 0x6b, 0x80, 0x7d,
    0x98, 0x73, 0x10, 0x8, 0x92, 0x36, 0xc8, 0x3,
    0xc0,

    /* U+003A ":" */
    0x2d, 0xf8, 0x9, 0x20, 0x74, 0x70, 0x8, 0x68,
    0x0, 0x4a, 0xdb, 0x7a, 0x0, 0x24, 0x0, 0xff,
    0xf4, 0x92, 0x0, 0x1b, 0x6f, 0x42, 0x80, 0x4,
    0xae, 0x1, 0xc, 0x90, 0x3a, 0x0,

    /* U+003B ";" */
    0x2d, 0xf8, 0x9, 0x20, 0x74, 0x70, 0x8, 0x68,
    0x0, 0x4a, 0xdb, 0x7a, 0x0, 0x24, 0x0, 0xff,
    0xf6, 0x96, 0x7c, 0x4, 0x98, 0x3a, 0x38, 0x4,
    0x32, 0x1, 0x3a, 0xb8, 0x11, 0x0, 0xc1, 0x40,
    0x8, 0x16, 0x6, 0x2, 0x60, 0xa0, 0xe0, 0xf,
    0x1d, 0x0, 0x0,

    /* U+003C "<" */
    0x0, 0xff, 0xeb, 0xb, 0x69, 0x80, 0x7f, 0xf0,
    0x4e, 0xba, 0x48, 0x3, 0xfe, 0x17, 0xdc, 0x50,
    0x2, 0x90, 0x7, 0xe3, 0xae, 0x82, 0x2, 0x8e,
    0xa1, 0x0, 0xe1, 0x7d, 0xc5, 0x0, 0x2e, 0x6b,
    0x88, 0x7, 0x1d, 0x74, 0x10, 0x1c, 0xfd, 0x18,
    0x7, 0x9f, 0x71, 0x40, 0x5b, 0x30, 0xc0, 0x1f,
    0x8e, 0x8, 0xe, 0xba, 0x4c, 0x3, 0xff, 0x82,
    0x36, 0x80, 0x1f, 0xfc, 0x12, 0x40, 0x18, 0xeb,
    0x40, 0xf, 0xf8, 0x6f, 0x9c, 0x41, 0x2f, 0xa0,
    0x80, 0x3f, 0xc3, 0x1d, 0x68, 0x2, 0xfb, 0x6a,
    0x1, 0xff, 0x25, 0xf4, 0x8, 0x25, 0x74, 0x90,
    0x7, 0xf8, 0x5f, 0xad, 0x40, 0x5b, 0x71, 0x80,
    0x3f, 0xe4, 0xae, 0x82, 0x3, 0x93, 0x0, 0xff,
    0xe0, 0xb, 0xed, 0xa8, 0x7, 0xff, 0x15, 0x2b,
    0x8c,

    /* U+003D "=" */
    0x15, 0x5f, 0xfe, 0x28, 0x95, 0x57, 0xff, 0x14,
    0x80, 0x3f, 0xf8, 0xe7, 0xff, 0xff, 0xc5, 0x30,
    0xf, 0xff, 0xf8, 0x7, 0xff, 0x20, 0x55, 0x7f,
    0xf8, 0xa2, 0x55, 0x5f, 0xfc, 0x52, 0x0, 0xff,
    0xe3, 0x80,

    /* U+003E ">" */
    0x0, 0xff, 0xe3, 0x9e, 0xb0, 0x80, 0x7f, 0xf1,
    0xa, 0x7a, 0x8c, 0x3, 0xff, 0x82, 0x4a, 0x0,
    0x5c, 0xd7, 0x10, 0xf, 0xf0, 0xd7, 0x41, 0x1,
    0x47, 0x51, 0x80, 0x7f, 0x85, 0xf7, 0x18, 0x0,
    0xb9, 0xae, 0x20, 0x1f, 0xe3, 0x9f, 0x93, 0x2,
    0x8e, 0xa3, 0x0, 0xff, 0x9b, 0x35, 0x84, 0x17,
    0x35, 0xc0, 0x3f, 0xe2, 0x9e, 0xa4, 0x2, 0x83,
    0x0, 0xff, 0xe0, 0xa6, 0x8, 0x7, 0xff, 0x9,
    0x2b, 0xa0, 0x41, 0x8, 0x3, 0xf1, 0x47, 0x5a,
    0x80, 0xbf, 0x58, 0x80, 0x79, 0x6f, 0x5c, 0x41,
    0x2f, 0xa0, 0x40, 0x38, 0xa7, 0xa9, 0x0, 0x63,
    0xad, 0x0, 0x3c, 0xd9, 0xac, 0x20, 0xb7, 0xce,
    0x20, 0x1f, 0x1c, 0x98, 0x14, 0x75, 0x20, 0x7,
    0xff, 0x1, 0x6f, 0x5c, 0x40, 0x3f, 0xf8, 0x7,
    0xd4, 0x80, 0x1f, 0xfc, 0x30,

    /* U+003F "?" */
    0x0, 0xe3, 0x8b, 0xef, 0xfb, 0x69, 0xc4, 0x3,
    0xe4, 0xdc, 0x74, 0x10, 0x8, 0x96, 0x3a, 0x0,
    0x3a, 0xec, 0x40, 0x2, 0x56, 0x76, 0x40, 0x9,
    0xf0, 0x40, 0x71, 0x0, 0xf, 0xdb, 0x53, 0x13,
    0x7e, 0xe0, 0x3, 0xa0, 0x30, 0x1, 0xf4, 0x8,
    0x7, 0xd1, 0x40, 0x4, 0x32, 0xc8, 0xc1, 0x0,
    0xff, 0x2a, 0x80, 0x16, 0x0, 0x70, 0xf, 0xfe,
    0xf, 0x80, 0x8, 0x3, 0xff, 0x8e, 0x60, 0x1f,
    0xfc, 0x42, 0x0, 0x8, 0x7, 0xff, 0x12, 0x80,
    0x16, 0x1, 0xff, 0xc3, 0x72, 0x4, 0x30, 0xf,
    0xfe, 0x13, 0x40, 0xc, 0x80, 0x7f, 0xf0, 0x9e,
    0x40, 0x1a, 0x40, 0x1f, 0xfc, 0x19, 0x80, 0x1c,
    0x30, 0xf, 0xfe, 0xc, 0xb0, 0x16, 0x18, 0x7,
    0xff, 0x5, 0x98, 0x3, 0x84, 0x1, 0xff, 0xc2,
    0x80, 0x6, 0x88, 0x7, 0xff, 0x9, 0x44, 0x10,
    0xc0, 0x3f, 0xf8, 0x64, 0x0, 0xc0, 0xf, 0xfe,
    0x21, 0xbb, 0x90, 0x3, 0xff, 0x88, 0x91, 0x3,
    0x0, 0xff, 0xff, 0x83, 0xff, 0x94, 0x3, 0xff,
    0x86, 0x30, 0x0, 0xb0, 0xf, 0xfe, 0x39, 0x80,
    0x7f, 0xf0, 0xc6, 0x44, 0xa4, 0x3, 0xe0,

    /* U+0040 "@" */
    0x0, 0xff, 0xe0, 0xb, 0x4e, 0x77, 0xfd, 0xdb,
    0x70, 0x80, 0x1f, 0xfc, 0xb6, 0xce, 0x96, 0x31,
    0x0, 0x84, 0x91, 0xef, 0xe4, 0xc0, 0x3f, 0xf8,
    0xcd, 0xd2, 0x60, 0x91, 0x7b, 0xdf, 0xee, 0xca,
    0x72, 0x6, 0xcb, 0x20, 0xf, 0xfe, 0x10, 0xe4,
    0x89, 0x4f, 0xdb, 0xa1, 0x8, 0x0, 0x4d, 0x63,
    0x74, 0xc0, 0x9a, 0xe0, 0x1f, 0xfc, 0x3, 0xf3,
    0x8, 0xd6, 0x0, 0xff, 0xe0, 0x94, 0xf2, 0x84,
    0x50, 0x7, 0xf8, 0xf0, 0x4b, 0x5c, 0x3, 0xff,
    0x8a, 0x35, 0x20, 0xb6, 0x1, 0xf8, 0xb4, 0xf,
    0x8, 0x3, 0xff, 0x90, 0xd8, 0x9, 0x20, 0x1f,
    0x70, 0x96, 0x88, 0x7, 0xe2, 0x44, 0x18, 0x7,
    0x91, 0x6, 0x7, 0x60, 0xca, 0x1, 0xce, 0x61,
    0xe2, 0x1, 0xe3, 0xaf, 0xdb, 0xb6, 0x7d, 0xa0,
    0x5, 0x76, 0x90, 0x2, 0x38, 0x58, 0x80, 0x69,
    0x8, 0x20, 0xf, 0x4e, 0x28, 0x7, 0x92, 0xe8,
    0x40, 0x3e, 0x82, 0x19, 0x0, 0x9c, 0x44, 0xe0,
    0x1e, 0xc6, 0x0, 0x35, 0xf7, 0xf5, 0xa8, 0x2e,
    0x0, 0x7e, 0x80, 0x70, 0xa, 0x82, 0x40, 0x3d,
    0x46, 0x9, 0xd2, 0x82, 0x2, 0x95, 0xa6, 0x56,
    0x1, 0xf2, 0x90, 0x28, 0x11, 0x1, 0x40, 0x39,
    0x94, 0x12, 0xc4, 0x3, 0xe2, 0xc3, 0x40, 0xf,
    0xca, 0x1e, 0x8, 0x4, 0x40, 0xe, 0x80, 0x1a,
    0x0, 0xff, 0xb8, 0x3, 0xfa, 0xc1, 0x3, 0x1,
    0x0, 0x39, 0x4, 0x18, 0x40, 0x3f, 0xe2, 0x60,
    0xf, 0xc6, 0x2, 0xc, 0x1c, 0x1, 0xd8, 0x0,
    0xa0, 0xf, 0xfe, 0xd, 0x0, 0x7f, 0x8, 0x10,
    0x81, 0x0, 0x71, 0x80, 0x8, 0x3, 0xff, 0x82,
    0x40, 0x1f, 0xc6, 0x2, 0x60, 0x20, 0x1c, 0xe0,
    0x20, 0x1f, 0xfc, 0x21, 0x0, 0xfe, 0x10, 0x70,
    0xf, 0xfe, 0xb8, 0x83, 0x98, 0x8, 0x7, 0x30,
    0x8, 0x7, 0xff, 0x8, 0x40, 0x3f, 0x8c, 0x4,
    0x40, 0x40, 0x1d, 0xa0, 0x4, 0x0, 0xff, 0xe0,
    0xa0, 0x7, 0xf0, 0x81, 0x28, 0x70, 0x7, 0x20,
    0x3, 0x80, 0x3f, 0xf8, 0x3c, 0x1, 0xf8, 0xc0,
    0x43, 0xc1, 0x0, 0x38, 0xcc, 0xa, 0x60, 0x1f,
    0xf2, 0x20, 0x3, 0xf2, 0x2, 0x2, 0x1, 0x10,
    0x3, 0xbc, 0x1, 0xa4, 0x1, 0xfc, 0x54, 0x1,
    0x8, 0x7, 0x48, 0x70, 0x11, 0x2, 0x80, 0x38,
    0xe4, 0x7, 0x14, 0x3, 0xe6, 0xd1, 0x84, 0x4,
    0x10, 0xa, 0x4, 0x90, 0x1, 0x40, 0xe2, 0x1,
    0xcd, 0x0, 0x35, 0xb0, 0xc8, 0xd1, 0xd2, 0xa,
    0xf8, 0x0, 0xc6, 0x5a, 0x70, 0x90, 0x9, 0xc4,
    0x24, 0x3, 0xcf, 0x62, 0x4, 0xf3, 0x72, 0xe2,
    0x13, 0x40, 0xe6, 0x5, 0x34, 0xa1, 0x28, 0x1,
    0xa4, 0x1c, 0xc0, 0x3c, 0x9d, 0x4a, 0x40, 0x1,
    0x48, 0xe6, 0x0, 0xb1, 0xc8, 0x5, 0x71, 0x80,
    0x39, 0xcc, 0x34, 0x40, 0x3e, 0x5a, 0xdf, 0xf7,
    0x5b, 0x88, 0x7, 0x46, 0xff, 0x51, 0x80, 0x7d,
    0xc2, 0x2d, 0x10, 0xf, 0xfe, 0xa9, 0x68, 0x1e,
    0x10, 0x7, 0xff, 0x54, 0xf0, 0x4b, 0x5c, 0x3,
    0xff, 0xaa, 0x78, 0x61, 0x1c, 0xc0, 0x1f, 0xfc,
    0x1, 0x75, 0x0, 0xff, 0xe2, 0x96, 0x48, 0x8a,
    0x7e, 0x9d, 0x8, 0x0, 0x24, 0x8f, 0x7d, 0x1c,
    0x1, 0xff, 0xc7, 0x6e, 0x92, 0x5, 0x8b, 0xdf,
    0xf7, 0x6d, 0xc2, 0x1, 0xf0, 0x7, 0xff, 0x25,
    0xb7, 0x52, 0xa6, 0x20, 0x10, 0x9b, 0x4f, 0x62,
    0x80, 0x7f, 0xc0,

    /* U+0041 "A" */
    0x0, 0xff, 0xe0, 0x2f, 0xfc, 0x20, 0x1f, 0xfc,
    0xc9, 0x0, 0x98, 0x3, 0xff, 0x96, 0x86, 0x1,
    0x48, 0x7, 0xff, 0x2f, 0xc0, 0xc, 0x2, 0xc0,
    0x1f, 0xfc, 0x92, 0x40, 0x58, 0x0, 0x58, 0x7,
    0xff, 0x26, 0x0, 0x12, 0x2c, 0x4, 0x80, 0x1f,
    0xfc, 0x71, 0x50, 0x33, 0x5, 0x80, 0x20, 0x3,
    0xff, 0x8f, 0x20, 0x9, 0x0, 0x12, 0x81, 0x98,
    0x3, 0xff, 0x8a, 0x2e, 0x4, 0xa0, 0x14, 0x80,
    0x24, 0x3, 0xff, 0x8a, 0xc0, 0xb, 0x0, 0xc6,
    0x60, 0x52, 0x0, 0xff, 0xe2, 0x48, 0xb, 0x0,
    0x74, 0x80, 0x2c, 0x3, 0xff, 0x86, 0xc2, 0xc,
    0x1, 0xe5, 0x20, 0x61, 0x0, 0xff, 0xe1, 0x58,
    0x2, 0x40, 0x3e, 0xb0, 0x4, 0x80, 0x7f, 0xf0,
    0x50, 0x81, 0x84, 0x3, 0xe6, 0x10, 0x60, 0xf,
    0xfe, 0xc, 0x0, 0x2c, 0x3, 0xf9, 0x80, 0x58,
    0x3, 0xfe, 0x33, 0x2, 0x10, 0x7, 0xf4, 0x80,
    0x2c, 0x3, 0xfe, 0x90, 0x7, 0x80, 0x7f, 0x85,
    0x80, 0x94, 0x3, 0xf8, 0x94, 0x9, 0x0, 0x3f,
    0xeb, 0x0, 0x48, 0x7, 0xf5, 0x80, 0xb, 0xff,
    0xff, 0x81, 0xa0, 0x3, 0x30, 0x7, 0xc2, 0xc0,
    0x1f, 0xfc, 0x78, 0x0, 0xf9, 0x80, 0xd, 0x33,
    0xff, 0xc3, 0x20, 0x42, 0x0, 0xf4, 0x80, 0x21,
    0x9b, 0xff, 0x87, 0x0, 0xb, 0x0, 0xe6, 0x10,
    0x61, 0x0, 0xff, 0xe1, 0xa8, 0x83, 0x8, 0x6,
    0xb0, 0x5, 0x80, 0x7f, 0xf1, 0x64, 0x1, 0x20,
    0x12, 0x90, 0x21, 0x0, 0x7f, 0xf1, 0x58, 0x0,
    0xe0, 0x14, 0x80, 0x3c, 0x3, 0xff, 0x8c, 0x2c,
    0x0, 0x70, 0x33, 0x1, 0x20, 0x7, 0xff, 0x1e,
    0xc0, 0x12, 0x10, 0x0, 0xb0, 0xf, 0xfe, 0x41,
    0x20, 0xa, 0x80,

    /* U+0042 "B" */
    0x7f, 0xff, 0xfe, 0xf, 0x64, 0xa0, 0x7, 0xff,
    0x20, 0x4d, 0xaf, 0x94, 0x3, 0xe4, 0x99, 0xfe,
    0x86, 0x30, 0x0, 0xd4, 0x0, 0x78, 0xd9, 0xbf,
    0x9e, 0x73, 0x94, 0x0, 0xec, 0x1, 0xff, 0xc6,
    0x1a, 0x70, 0x4, 0x0, 0x7f, 0xf2, 0x20, 0x40,
    0x50, 0x3, 0xff, 0x90, 0xe0, 0x2, 0x0, 0xff,
    0xe4, 0x8, 0x0, 0x40, 0x3f, 0xf9, 0x2, 0x0,
    0x20, 0xf, 0xfe, 0x43, 0x80, 0x1c, 0x3, 0xff,
    0x8f, 0x2, 0x8, 0x40, 0x1f, 0xfc, 0x51, 0xa7,
    0x2, 0xa0, 0xe, 0x36, 0x6f, 0xe7, 0x9c, 0xe5,
    0x3, 0xc1, 0x0, 0xe4, 0x99, 0xfe, 0x86, 0x30,
    0x1, 0xe8, 0x80, 0x7f, 0xf2, 0x4f, 0xa8, 0x40,
    0x39, 0xff, 0xff, 0xed, 0xb6, 0x10, 0x5f, 0x20,
    0xf, 0xfe, 0x21, 0x24, 0xf2, 0x80, 0xf8, 0x7,
    0xff, 0x22, 0x8c, 0x9, 0x80, 0x3f, 0xf9, 0x10,
    0x0, 0xd0, 0xf, 0xfe, 0x42, 0x80, 0x14, 0x3,
    0xff, 0x90, 0x20, 0x1f, 0xfc, 0xb2, 0x0, 0x18,
    0x7, 0xff, 0x21, 0x40, 0xe, 0x1, 0xff, 0xc7,
    0x28, 0x0, 0x78, 0x7, 0xff, 0x19, 0xb0, 0x0,
    0x6a, 0x1, 0x1b, 0x37, 0xf9, 0xe2, 0xfe, 0x44,
    0xf, 0x40, 0x32, 0x4c, 0xff, 0xa1, 0xd0, 0x2,
    0x7c, 0x10, 0xf, 0xfe, 0x20, 0x9b, 0x57, 0xc0,
    0x4,

    /* U+0043 "C" */
    0x0, 0xfe, 0x27, 0xad, 0xff, 0x76, 0xe4, 0x20,
    0x7, 0xff, 0x1, 0x2f, 0x61, 0x48, 0x0, 0x24,
    0x6f, 0x7f, 0x2, 0x1, 0xf0, 0xdd, 0x90, 0x2,
    0x24, 0x55, 0x20, 0x80, 0x4f, 0xea, 0x1, 0xc7,
    0xe8, 0x0, 0x3a, 0xfd, 0xba, 0xa5, 0xf6, 0xc0,
    0x80, 0xd3, 0x80, 0x47, 0x82, 0x3, 0x78, 0xa0,
    0x1f, 0x13, 0xf3, 0x80, 0x3c, 0x0, 0x5a, 0x0,
    0x3f, 0x40, 0xf, 0xfe, 0x4, 0x54, 0x40, 0x1,
    0xc2, 0x7, 0x82, 0x1, 0xff, 0xc2, 0x57, 0x0,
    0x29, 0x80, 0xe8, 0x7, 0xff, 0x22, 0x0, 0x10,
    0x20, 0x1f, 0xfc, 0x73, 0x20, 0x16, 0x0, 0xff,
    0xe4, 0x58, 0x1, 0x80, 0x3f, 0xf9, 0x26, 0x0,
    0xc0, 0xf, 0xfe, 0x4b, 0x0, 0x14, 0x3, 0xff,
    0x92, 0x60, 0x1, 0x0, 0xff, 0xf1, 0x18, 0x0,
    0x40, 0x3f, 0xf9, 0x2c, 0x0, 0x50, 0xf, 0xfe,
    0x49, 0x80, 0x30, 0x3, 0xff, 0x93, 0x60, 0x6,
    0x0, 0xff, 0xe4, 0x99, 0x0, 0xb0, 0x7, 0xff,
    0x26, 0x0, 0x10, 0x20, 0x1f, 0xfc, 0x85, 0x30,
    0x1d, 0x0, 0xff, 0xe4, 0xf0, 0x81, 0xe0, 0x80,
    0x7f, 0xf0, 0x9a, 0x0, 0x22, 0xd0, 0x1, 0xfa,
    0x0, 0x7f, 0xc3, 0x32, 0x78, 0x0, 0x8f, 0x4,
    0x6, 0xf1, 0x40, 0x3e, 0x27, 0xf6, 0x0, 0x68,
    0x6, 0x3f, 0x40, 0x1, 0xd7, 0xed, 0x55, 0x7d,
    0xb0, 0x20, 0x36, 0xa0, 0x1c, 0x37, 0x63, 0x0,
    0x89, 0x56, 0x41, 0x0, 0xc, 0x72, 0x0, 0x7e,
    0x4c, 0xd8, 0x42, 0x0, 0x84, 0xda, 0xf9, 0xc0,
    0x20,

    /* U+0044 "D" */
    0x7f, 0xff, 0xfe, 0x7, 0x6d, 0x39, 0x0, 0x7f,
    0xf2, 0x84, 0x96, 0x37, 0x14, 0x3, 0xfc, 0x6e,
    0xff, 0x99, 0x4c, 0x2, 0x3a, 0xc2, 0x0, 0xfc,
    0x91, 0x1f, 0xa6, 0xb3, 0xed, 0x40, 0x7, 0xaa,
    0x1, 0xff, 0xc8, 0x4a, 0xd3, 0x0, 0x53, 0x0,
    0x7f, 0xf2, 0x4b, 0x18, 0x1, 0x26, 0x1, 0xff,
    0xca, 0x95, 0x0, 0x70, 0x7, 0xff, 0x2e, 0x88,
    0x9, 0xc0, 0x3f, 0xf9, 0x72, 0x0, 0x90, 0xf,
    0xfe, 0x5a, 0x18, 0xa, 0x0, 0x7f, 0xf2, 0xec,
    0x1, 0x80, 0x1f, 0xfc, 0xb4, 0x0, 0x18, 0x7,
    0xff, 0x2c, 0xc0, 0xc, 0x1, 0xff, 0xce, 0x30,
    0xf, 0xff, 0x49, 0x80, 0x7f, 0xf2, 0xcc, 0x0,
    0xc0, 0x1f, 0xfc, 0xb4, 0x0, 0x18, 0x7, 0xff,
    0x2e, 0xc0, 0x18, 0x1, 0xff, 0xca, 0x43, 0x1,
    0x40, 0xf, 0xfe, 0x54, 0x80, 0x24, 0x3, 0xff,
    0x95, 0x24, 0x4, 0xe0, 0x1f, 0xfc, 0x99, 0x60,
    0x7, 0x0, 0x7f, 0xf2, 0xb, 0x18, 0x1, 0x26,
    0x1, 0xff, 0xc6, 0x4a, 0xd3, 0x0, 0x53, 0x0,
    0x79, 0x22, 0x3f, 0x4c, 0xb3, 0xed, 0x40, 0x7,
    0xaa, 0x1, 0xf1, 0xbb, 0xfe, 0x66, 0x18, 0x4,
    0x75, 0x84, 0x1, 0xff, 0xc6, 0x12, 0x58, 0xdc,
    0x50, 0xf, 0x80,

    /* U+0045 "E" */
    0x7f, 0xff, 0xfe, 0x36, 0x0, 0x7f, 0xf3, 0x4d,
    0xdf, 0xff, 0x87, 0x40, 0x19, 0x22, 0x3f, 0xf8,
    0x6c, 0x1, 0xff, 0xff, 0x0, 0xff, 0xff, 0x80,
    0x7f, 0xf2, 0x92, 0x23, 0xff, 0x84, 0x1, 0xe3,
    0x77, 0xff, 0xe1, 0x0, 0x7f, 0xf3, 0xdf, 0xff,
    0xff, 0x84, 0x1, 0xff, 0xff, 0x0, 0xff, 0xff,
    0x80, 0x7f, 0xf8, 0x52, 0x23, 0xff, 0x88, 0x60,
    0x11, 0xbb, 0xff, 0xf1, 0x18, 0x3, 0xff, 0x92,

    /* U+0046 "F" */
    0x7f, 0xff, 0xfe, 0x36, 0x0, 0x7f, 0xf2, 0xcd,
    0xdf, 0xff, 0x87, 0x40, 0x12, 0x44, 0x7f, 0xf0,
    0xd8, 0x3, 0xff, 0xfe, 0x1, 0xff, 0xff, 0x0,
    0xff, 0xea, 0xa4, 0x47, 0xff, 0x8, 0x3, 0x8d,
    0xdf, 0xff, 0x84, 0x1, 0xff, 0xcd, 0x7f, 0xff,
    0xfe, 0x10, 0x7, 0xff, 0xfc, 0x3, 0xff, 0xfe,
    0x1, 0xff, 0xfc,

    /* U+0047 "G" */
    0x0, 0xfe, 0x26, 0xad, 0xef, 0xf6, 0xe4, 0xa8,
    0x80, 0x7f, 0xf0, 0xe, 0xf6, 0x54, 0x84, 0x0,
    0x46, 0xd5, 0xd2, 0x40, 0x1f, 0x86, 0xf1, 0x0,
    0x22, 0x45, 0x52, 0x10, 0x4, 0xda, 0xe0, 0x1e,
    0x3f, 0x40, 0x1, 0xd7, 0xed, 0xd5, 0x2f, 0x7a,
    0x88, 0x1, 0x14, 0x1, 0x8f, 0x4, 0xa, 0xf1,
    0x40, 0x3e, 0x15, 0xda, 0x10, 0x10, 0x8, 0xb4,
    0x0, 0x98, 0x80, 0x1f, 0xfc, 0x5, 0xc6, 0xb0,
    0xb, 0x84, 0xe, 0xc4, 0x3, 0xff, 0x84, 0x52,
    0x1, 0x29, 0x80, 0xe8, 0x7, 0xff, 0x26, 0x0,
    0x10, 0x20, 0x1f, 0xfc, 0x83, 0x20, 0x16, 0x0,
    0xff, 0xe4, 0xd8, 0x1, 0x80, 0x3f, 0xf9, 0x46,
    0x0, 0xc0, 0xf, 0xfe, 0x53, 0x0, 0x14, 0x3,
    0xff, 0x94, 0x60, 0x1, 0x0, 0xff, 0xf0, 0x5f,
    0xf8, 0x8c, 0x0, 0x20, 0x1f, 0xfc, 0xa6, 0x0,
    0x28, 0x7, 0xff, 0x28, 0xc0, 0x18, 0x1, 0xff,
    0xca, 0xb0, 0x3, 0x0, 0x7f, 0xf2, 0x8c, 0x80,
    0x58, 0x3, 0xff, 0x95, 0x0, 0x8, 0x10, 0xf,
    0xfe, 0x4a, 0x98, 0xe, 0x80, 0x7f, 0xf2, 0xb8,
    0x40, 0xf0, 0x40, 0x3f, 0xf9, 0x5, 0xa0, 0x3,
    0xf4, 0x0, 0xff, 0xe0, 0x22, 0x80, 0x78, 0xf0,
    0x40, 0x6f, 0x14, 0x3, 0xf2, 0xdd, 0x84, 0x8,
    0xc0, 0x31, 0xfa, 0x0, 0xe, 0xbf, 0x6e, 0xa9,
    0x7b, 0xf4, 0x80, 0x5, 0xd1, 0x0, 0xe1, 0xbb,
    0x18, 0x4, 0x48, 0xaa, 0x42, 0x0, 0x97, 0x28,
    0x3, 0xf9, 0x33, 0x61, 0x48, 0x2, 0x13, 0x6a,
    0xea, 0x30, 0x8,

    /* U+0048 "H" */
    0x7f, 0xf4, 0x0, 0x7f, 0xf1, 0x7f, 0xe0, 0xf,
    0xff, 0xf8, 0x7, 0xff, 0xfc, 0x3, 0xff, 0xfe,
    0x1, 0xff, 0xde, 0x49, 0x9f, 0xfe, 0x28, 0x7,
    0x8d, 0x9b, 0xff, 0x8a, 0x1, 0xff, 0xd2, 0x7f,
    0xff, 0xfe, 0x28, 0x7, 0xff, 0xfc, 0x3, 0xff,
    0xfe, 0x1, 0xff, 0xff, 0x0, 0xff, 0xfb, 0x0,

    /* U+0049 "I" */
    0x7f, 0xf4, 0x0, 0x7f, 0xff, 0xc0, 0x3f, 0xfa,
    0xa0,

    /* U+004A "J" */
    0x0, 0x9f, 0xff, 0xff, 0x81, 0x60, 0x1f, 0xfc,
    0x84, 0x77, 0xfe, 0x50, 0xf, 0x1c, 0x47, 0xf4,
    0x80, 0x7f, 0xff, 0xc0, 0x3f, 0xff, 0xe0, 0x1f,
    0xff, 0xf0, 0xf, 0xff, 0x9b, 0x80, 0x4, 0x3,
    0xff, 0x82, 0x40, 0x2, 0x0, 0x50, 0x80, 0x7f,
    0x68, 0x3, 0x42, 0x97, 0x44, 0x3, 0xe3, 0x40,
    0x2, 0x0, 0x81, 0xe2, 0x0, 0x72, 0x68, 0x1,
    0x84, 0x28, 0x80, 0xaf, 0x6a, 0x27, 0x6c, 0x40,
    0xa4, 0x0, 0x3a, 0xe0, 0x2, 0x57, 0x62, 0x0,
    0x26, 0x0, 0x74, 0x6b, 0x98, 0x80, 0x93, 0x5d,
    0x84, 0x0,

    /* U+004B "K" */
    0x7f, 0xf4, 0x0, 0x7f, 0xf0, 0xe3, 0xfd, 0xa2,
    0x1, 0xff, 0xc7, 0x87, 0x2, 0xc1, 0x0, 0xff,
    0xe3, 0x3b, 0x80, 0xb0, 0x40, 0x3f, 0xf8, 0xcf,
    0x0, 0x3e, 0x20, 0x1f, 0xfc, 0x66, 0x80, 0x1c,
    0x20, 0xf, 0xfe, 0x33, 0x48, 0xe, 0x10, 0x7,
    0xff, 0x19, 0x64, 0x1, 0xa4, 0x1, 0xff, 0xc6,
    0x5a, 0x0, 0x61, 0x80, 0x7f, 0xf1, 0x96, 0x80,
    0x16, 0x60, 0x1f, 0xfc, 0x64, 0xa0, 0x5, 0xa0,
    0x7, 0xff, 0x19, 0x2c, 0x1, 0x48, 0x1, 0xff,
    0xc6, 0x4b, 0x0, 0x52, 0x80, 0x7f, 0xf1, 0x8e,
    0xc0, 0xe, 0xa0, 0x1f, 0xfc, 0x63, 0xc0, 0x9,
    0x44, 0x3, 0xff, 0x8a, 0x7a, 0x1, 0x8a, 0x80,
    0x3f, 0xf8, 0x85, 0xa2, 0xf, 0x80, 0x4, 0x90,
    0xf, 0xfe, 0x11, 0x60, 0x83, 0x41, 0xd8, 0x1,
    0x9c, 0x3, 0xff, 0x82, 0xa2, 0xd, 0x20, 0x4,
    0x90, 0x4, 0x28, 0x7, 0xff, 0x9, 0x64, 0x3,
    0x33, 0x80, 0x28, 0xc0, 0x3f, 0xf8, 0xb, 0x40,
    0x1e, 0x85, 0x0, 0x68, 0x80, 0x7f, 0x92, 0x80,
    0x3f, 0x51, 0x80, 0xe8, 0x7, 0xf8, 0xc0, 0x3f,
    0xda, 0x40, 0x76, 0x1, 0xff, 0xc8, 0x1f, 0x10,
    0x48, 0x0, 0xff, 0xe4, 0x16, 0x80, 0x1d, 0x80,
    0x3f, 0xf9, 0x7, 0x40, 0x9, 0x40, 0xf, 0xfe,
    0x42, 0xc0, 0x2, 0x88, 0x3, 0xff, 0x90, 0xec,
    0x3, 0xe2, 0x1, 0xff, 0xc8, 0x94, 0x2, 0xd0,

    /* U+004C "L" */
    0x7f, 0xf4, 0x0, 0x7f, 0xff, 0xc0, 0x3f, 0xff,
    0xe0, 0x1f, 0xff, 0xf0, 0xf, 0xff, 0xf8, 0x7,
    0xff, 0xfc, 0x3, 0xff, 0xfe, 0x1, 0xff, 0xe5,
    0x48, 0x8f, 0xfe, 0x18, 0x80, 0x46, 0xef, 0xff,
    0xc3, 0x20, 0xf, 0xfe, 0x40,

    /* U+004D "M" */
    0x7f, 0xf2, 0x0, 0x7f, 0xf2, 0x87, 0xfd, 0x40,
    0x14, 0x80, 0x7f, 0xf2, 0xac, 0x3, 0xc4, 0xe0,
    0x1f, 0xfc, 0x83, 0x50, 0xf, 0xa0, 0x40, 0x3f,
    0xf8, 0xfc, 0x1, 0xfd, 0x60, 0x1f, 0xfc, 0x66,
    0x20, 0xf, 0xe5, 0x30, 0xf, 0xfe, 0x20, 0xc0,
    0x7, 0xe6, 0x0, 0x78, 0x7, 0xff, 0x12, 0x4,
    0x20, 0x3, 0xde, 0xc0, 0x6c, 0x1, 0xff, 0xc2,
    0x26, 0x4, 0x40, 0x7, 0xd0, 0x21, 0x0, 0x1f,
    0xfc, 0x29, 0x0, 0x48, 0x7, 0xe1, 0x80, 0x18,
    0x0, 0xff, 0xe0, 0x22, 0x1, 0xc8, 0x3, 0xf9,
    0x8c, 0x1c, 0x80, 0x3f, 0xe9, 0x1, 0x80, 0xf,
    0xfb, 0xc0, 0x12, 0x1, 0xfe, 0x72, 0xb, 0x0,
    0xff, 0xe0, 0x1a, 0x82, 0x28, 0x7, 0xe1, 0x80,
    0x35, 0x0, 0xff, 0xe0, 0xd8, 0x2, 0x0, 0x3f,
    0x58, 0x3, 0xc0, 0x3f, 0xf8, 0x43, 0x0, 0x4e,
    0x1, 0xe3, 0x50, 0x63, 0x0, 0xff, 0xe1, 0xb9,
    0x4, 0x8, 0x7, 0x78, 0x2, 0x0, 0x3f, 0xf8,
    0xb2, 0x0, 0xb0, 0xc, 0xa6, 0x10, 0x20, 0x1f,
    0xfc, 0x54, 0x40, 0x29, 0x80, 0x56, 0x4, 0xe0,
    0x1f, 0xfc, 0x79, 0x0, 0x70, 0x2, 0x4, 0x24,
    0x3, 0xff, 0x90, 0x4e, 0x4, 0xc4, 0xe0, 0xa8,
    0x1, 0xff, 0xc9, 0x81, 0x8, 0x90, 0x4, 0x0,
    0x7f, 0xf2, 0xec, 0x5, 0x1, 0xc8, 0x3, 0xff,
    0x96, 0xa8, 0x0, 0x18, 0x0, 0xff, 0xe6, 0xc8,
    0x2, 0xc0, 0x3f, 0xf9, 0xc5, 0x52, 0xa0, 0x1f,
    0xfc, 0xf5, 0x60, 0xf, 0xff, 0xf0,

    /* U+004E "N" */
    0x7f, 0xf3, 0x0, 0x7f, 0xf1, 0x7f, 0xe0, 0xa,
    0x4c, 0x3, 0xff, 0x97, 0xa2, 0x1, 0xff, 0xca,
    0x1d, 0x0, 0xff, 0xe5, 0x9c, 0x80, 0x7f, 0xf2,
    0xc, 0x0, 0xca, 0x1, 0xff, 0xc7, 0x47, 0x0,
    0x51, 0x80, 0x7f, 0xf1, 0xe1, 0x0, 0x1a, 0x20,
    0x1f, 0xfc, 0x7a, 0x20, 0x1a, 0x0, 0xff, 0xe3,
    0x8f, 0x80, 0x12, 0x0, 0x3f, 0xf8, 0xe5, 0x40,
    0x7, 0x50, 0xf, 0xfe, 0x3a, 0xb8, 0x2, 0x88,
    0x3, 0xff, 0x8f, 0x6, 0x0, 0xf1, 0x0, 0xff,
    0xe3, 0xe8, 0x81, 0x50, 0x7, 0xff, 0x1c, 0x74,
    0x0, 0x90, 0x1, 0xff, 0xc7, 0x39, 0x0, 0x3a,
    0x80, 0x7f, 0xf1, 0xd9, 0x80, 0xa, 0x20, 0xf,
    0xfe, 0x3c, 0x98, 0x3, 0xc0, 0x3f, 0xf9, 0x1a,
    0x20, 0x56, 0x1, 0xff, 0xc7, 0x1d, 0x0, 0x23,
    0x80, 0x7f, 0xf1, 0xce, 0x40, 0x10, 0x80, 0x1f,
    0xfc, 0x76, 0x50, 0x5, 0x10, 0x7, 0xff, 0x1e,
    0x8c, 0x7, 0xc0, 0x3f, 0xf9, 0x1c, 0x20, 0x40,
    0x1f, 0xfc, 0x82, 0xa0, 0xf, 0xfe, 0x5a, 0x40,
    0x7, 0xff, 0x2d, 0xd4, 0x3, 0xff, 0x97, 0x44,
    0x0,

    /* U+004F "O" */
    0x0, 0xfe, 0x27, 0xad, 0xff, 0xbb, 0x25, 0x40,
    0x3f, 0xf8, 0xa9, 0x7b, 0xa, 0x40, 0x10, 0x9b,
    0x57, 0xc0, 0x80, 0x7f, 0xf0, 0x6, 0xec, 0x80,
    0x11, 0x2a, 0xc8, 0x20, 0x13, 0xf3, 0x0, 0x7f,
    0x8f, 0xd0, 0x0, 0x95, 0xfb, 0x55, 0x5f, 0x6c,
    0x8, 0x2, 0x68, 0x3, 0xf1, 0xe0, 0x81, 0x65,
    0xa8, 0x7, 0xc4, 0xfc, 0xe0, 0x5, 0xb0, 0xf,
    0x16, 0x80, 0x13, 0x4c, 0x3, 0xff, 0x81, 0x16,
    0x20, 0x92, 0x1, 0xdc, 0x20, 0x96, 0x1, 0xff,
    0xc3, 0x4d, 0x0, 0x32, 0x80, 0x4a, 0x60, 0x34,
    0x1, 0xff, 0xc5, 0x38, 0x0, 0x40, 0x5, 0x0,
    0xb, 0x10, 0xf, 0xfe, 0x33, 0x90, 0x13, 0x1,
    0x90, 0x12, 0x80, 0x7f, 0xf2, 0x20, 0x1, 0x41,
    0x60, 0x5, 0x0, 0xff, 0xe4, 0xa8, 0x0, 0xc4,
    0xc0, 0x18, 0x1, 0xff, 0xca, 0x30, 0x2, 0xb0,
    0x1, 0x40, 0x3f, 0xf9, 0x4a, 0x0, 0x23, 0x0,
    0x8, 0x7, 0xff, 0x28, 0x40, 0x2, 0x1, 0xff,
    0xd2, 0x30, 0x0, 0x80, 0x7f, 0xf2, 0x84, 0x0,
    0x2c, 0x0, 0x50, 0xf, 0xfe, 0x52, 0x80, 0x8,
    0xc0, 0x18, 0x1, 0xff, 0xca, 0x30, 0x2, 0xd8,
    0x1, 0x40, 0x3f, 0xf9, 0x2a, 0x0, 0x31, 0x32,
    0x2, 0x50, 0xf, 0xfe, 0x44, 0x0, 0x28, 0x1,
    0x0, 0xb, 0x10, 0xf, 0xfe, 0x33, 0x90, 0x13,
    0x0, 0x14, 0xc0, 0x68, 0x3, 0xff, 0x8a, 0x70,
    0x0, 0x80, 0xd, 0xc2, 0x9, 0x60, 0x1f, 0xfc,
    0x34, 0xd0, 0x3, 0x28, 0x6, 0x2d, 0x0, 0x26,
    0x98, 0x7, 0xff, 0x2, 0x2c, 0x41, 0x24, 0x3,
    0xc7, 0x82, 0x5, 0x96, 0xa0, 0x1f, 0x13, 0xf3,
    0x80, 0x16, 0xc0, 0x3f, 0x1f, 0xa0, 0x1, 0x2b,
    0xf6, 0xaa, 0xbe, 0xd8, 0x10, 0x4, 0xd0, 0x7,
    0xf8, 0x6e, 0xc6, 0x1, 0x12, 0xac, 0x82, 0x1,
    0x3f, 0x30, 0x7, 0xff, 0x5, 0x33, 0x61, 0x8,
    0x2, 0x13, 0x6a, 0xf8, 0x10, 0xf, 0x80,

    /* U+0050 "P" */
    0x7f, 0xff, 0xfb, 0xb6, 0x98, 0x40, 0x3f, 0xf8,
    0xc2, 0x4b, 0x3d, 0x44, 0x1, 0xf1, 0xbb, 0xfc,
    0xcc, 0x30, 0x9, 0x75, 0x80, 0x3c, 0x91, 0x1f,
    0x4c, 0xb3, 0xe8, 0xc0, 0x12, 0xc0, 0x1f, 0xfc,
    0x55, 0xc7, 0x0, 0x49, 0x0, 0x7f, 0xf1, 0xa1,
    0x40, 0x10, 0x1, 0xff, 0xc7, 0xb0, 0x2, 0x80,
    0x7f, 0xf1, 0xc4, 0xc0, 0x8, 0x1, 0xff, 0xc7,
    0x50, 0x1, 0x0, 0x7f, 0xf1, 0xc4, 0x0, 0x20,
    0x1f, 0xfc, 0x71, 0x0, 0x8, 0x7, 0xff, 0x1c,
    0x80, 0x4, 0x1, 0xff, 0xc6, 0x14, 0x0, 0x20,
    0x7, 0xff, 0x1a, 0xc0, 0xa, 0x1, 0xff, 0xc6,
    0x95, 0x0, 0x40, 0x7, 0xff, 0x11, 0x75, 0x80,
    0x12, 0x40, 0x19, 0x26, 0x7f, 0x56, 0x7d, 0x10,
    0x2, 0x58, 0x3, 0x8d, 0x9b, 0xf2, 0x98, 0x4,
    0xba, 0xc0, 0x1f, 0xfc, 0x31, 0x25, 0x9e, 0xa2,
    0x0, 0xf9, 0xff, 0xff, 0x76, 0xd3, 0x8, 0x7,
    0xff, 0xfc, 0x3, 0xff, 0xfe, 0x1, 0xff, 0xdc,

    /* U+0051 "Q" */
    0x0, 0xfe, 0x27, 0xad, 0xff, 0xbb, 0x25, 0x40,
    0x3f, 0xf8, 0xc7, 0x7b, 0xa, 0x40, 0x10, 0x9b,
    0x57, 0xc0, 0x80, 0x7f, 0xf0, 0x46, 0xf1, 0x0,
    0x22, 0x55, 0x90, 0x40, 0x27, 0xe6, 0x0, 0xff,
    0x8f, 0xd0, 0x0, 0x95, 0xfb, 0x55, 0x5f, 0x6c,
    0x8, 0x2, 0x68, 0x3, 0xf8, 0xf0, 0x40, 0xae,
    0xca, 0x1, 0xf1, 0x3f, 0x38, 0x1, 0x6c, 0x3,
    0xe2, 0xd0, 0x2, 0x62, 0x0, 0x7f, 0xf0, 0x22,
    0xc0, 0x9, 0x20, 0x1e, 0xe1, 0x3, 0xb1, 0x0,
    0xff, 0xe1, 0x25, 0x80, 0x19, 0x0, 0x32, 0x98,
    0xe, 0x80, 0x7f, 0xf1, 0x52, 0x0, 0x12, 0x1,
    0xa0, 0x1, 0x2, 0x1, 0xff, 0xc6, 0x72, 0x2,
    0x60, 0x1, 0x90, 0x13, 0x0, 0x7f, 0xf2, 0x20,
    0x1, 0x40, 0x4, 0x0, 0x28, 0x7, 0xff, 0x25,
    0x40, 0x6, 0x0, 0xc0, 0x6, 0x0, 0x7f, 0xf2,
    0x8c, 0x0, 0x80, 0xc0, 0x5, 0x0, 0xff, 0xe5,
    0x28, 0x0, 0x80, 0xc0, 0x2, 0x1, 0xff, 0xca,
    0x10, 0x0, 0x80, 0x7f, 0xf5, 0xc, 0x0, 0x20,
    0x1f, 0xfc, 0xa1, 0x0, 0x8, 0x30, 0x1, 0x40,
    0x3f, 0xf9, 0x4a, 0x0, 0x20, 0x30, 0x6, 0x0,
    0x7f, 0xf2, 0x8c, 0x0, 0xa1, 0x60, 0x5, 0x0,
    0xff, 0xe4, 0xa8, 0x0, 0xc4, 0xc, 0x80, 0x94,
    0x3, 0xff, 0x91, 0x0, 0xa, 0x0, 0xa0, 0x1,
    0x62, 0x1, 0xff, 0xc6, 0x72, 0x1, 0x60, 0x9,
    0x4c, 0x6, 0x80, 0x3f, 0xf8, 0xa7, 0x0, 0x8,
    0x0, 0xee, 0x10, 0x4b, 0x0, 0xff, 0xe1, 0xa6,
    0x0, 0x15, 0x80, 0x38, 0xa8, 0x0, 0x9a, 0x60,
    0x1f, 0xfc, 0x8, 0xb0, 0x1, 0xd0, 0x7, 0xc9,
    0x62, 0x5, 0x96, 0x80, 0x1f, 0xb, 0xf3, 0x80,
    0x13, 0x40, 0x3f, 0x93, 0xc, 0x0, 0x97, 0xf9,
    0x53, 0x2b, 0xde, 0x81, 0x0, 0x3d, 0x88, 0x7,
    0xf8, 0xb2, 0x88, 0x2, 0x35, 0x66, 0x21, 0x0,
    0x4b, 0xb0, 0x1, 0xff, 0xc2, 0x5d, 0xc7, 0x41,
    0x0, 0xe5, 0x9e, 0xa2, 0x0, 0xff, 0xe2, 0x9c,
    0x5f, 0x7d, 0x80, 0x42, 0xc2, 0x1, 0xf8, 0xc0,
    0x3f, 0xf8, 0x69, 0x60, 0x4, 0xc2, 0x0, 0xf0,
    0xde, 0x18, 0x7, 0xff, 0xd, 0x34, 0x40, 0xf6,
    0x4c, 0x40, 0xa3, 0xd0, 0x14, 0x3, 0xff, 0x88,
    0x5e, 0xa0, 0x6, 0xce, 0xfd, 0x71, 0x9, 0x60,
    0xf, 0xfe, 0x28, 0xd5, 0xa0, 0x7, 0x97, 0x58,
    0x3, 0xff, 0x90, 0x97, 0xf9, 0x54, 0xcf, 0xa2,
    0x0, 0x0,

    /* U+0052 "R" */
    0x7f, 0xff, 0xfb, 0xb6, 0x98, 0x40, 0x3f, 0xf8,
    0xc2, 0x4b, 0x3d, 0x44, 0x1, 0xf1, 0xbb, 0xfc,
    0xcc, 0x30, 0x9, 0x75, 0x40, 0x3c, 0x91, 0x1f,
    0x4c, 0xb3, 0xe8, 0xc0, 0x14, 0xa0, 0x1f, 0xfc,
    0x55, 0xc6, 0x0, 0x51, 0x0, 0x7f, 0xf1, 0xa5,
    0x40, 0x10, 0x1, 0xff, 0xc7, 0xb0, 0x2, 0x80,
    0x7f, 0xf1, 0xc4, 0xc0, 0x8, 0x1, 0xff, 0xc7,
    0x50, 0x1, 0x0, 0x7f, 0xf1, 0xc4, 0x0, 0x20,
    0x1f, 0xfc, 0x71, 0x0, 0x8, 0x7, 0xff, 0x1c,
    0x80, 0x4, 0x1, 0xff, 0xc6, 0x14, 0x0, 0x28,
    0x7, 0xff, 0x1a, 0xc0, 0xa, 0x20, 0x1f, 0xfc,
    0x58, 0x50, 0x4, 0x0, 0x7f, 0xf1, 0x13, 0x1c,
    0x1, 0x24, 0x1, 0x92, 0x23, 0xf4, 0xdf, 0x59,
    0x80, 0x25, 0x80, 0x38, 0xdd, 0xff, 0x32, 0x8,
    0x1, 0x35, 0x80, 0x3f, 0xf8, 0x62, 0x1, 0x55,
    0x90, 0x7, 0xcf, 0xff, 0xfb, 0xac, 0x1, 0x60,
    0x1f, 0xfc, 0x74, 0x60, 0x1a, 0x0, 0xff, 0xe3,
    0xc9, 0x2, 0xa8, 0x3, 0xff, 0x8f, 0xc0, 0xb,
    0x10, 0xf, 0xfe, 0x31, 0xc0, 0xd, 0x0, 0x7f,
    0xf1, 0xdc, 0xc1, 0x1c, 0x3, 0xff, 0x8f, 0xc0,
    0x8, 0x20, 0xf, 0xfe, 0x31, 0x50, 0x3, 0xc0,
    0x3f, 0xf8, 0xea, 0xa0, 0x29,

    /* U+0053 "S" */
    0x0, 0xf1, 0x3d, 0xef, 0xfd, 0xd9, 0x2a, 0x1,
    0xfc, 0x35, 0xb0, 0x84, 0x1, 0x9, 0xb5, 0x7d,
    0x10, 0x7, 0x27, 0x28, 0x0, 0x51, 0x9d, 0xca,
    0x60, 0x12, 0xea, 0x80, 0x45, 0x60, 0x3, 0xbe,
    0xb9, 0x88, 0x56, 0x7d, 0x20, 0x1, 0x0, 0x29,
    0x0, 0x26, 0x20, 0x7, 0xe5, 0xbc, 0x81, 0x0,
    0xa, 0x0, 0xd0, 0x7, 0xff, 0x0, 0xdc, 0x2,
    0x40, 0x3, 0x88, 0x7, 0xff, 0x14, 0xc0, 0x2,
    0x1, 0xff, 0xc6, 0x30, 0x1, 0x0, 0x7f, 0xf1,
    0x9c, 0x0, 0xa2, 0x1, 0xff, 0xc5, 0x23, 0x0,
    0x61, 0x0, 0x7f, 0xf1, 0x7c, 0x0, 0x5b, 0x24,
    0x1, 0xff, 0xc3, 0x3c, 0x10, 0x3, 0x6e, 0xa5,
    0x44, 0x3, 0xff, 0x80, 0x7e, 0xe0, 0x11, 0x35,
    0x76, 0xc2, 0x0, 0x7f, 0x86, 0x3e, 0x94, 0x40,
    0x22, 0x7b, 0xe8, 0x10, 0xf, 0xf2, 0xd7, 0x6c,
    0xa8, 0x80, 0x5, 0xfd, 0x40, 0x3f, 0xf8, 0x4,
    0xd5, 0xd8, 0xc0, 0x1, 0xa5, 0x0, 0xff, 0xe1,
    0x9c, 0xf2, 0x0, 0x28, 0x3, 0xff, 0x8a, 0x36,
    0x40, 0x6, 0x0, 0xff, 0xe3, 0x58, 0x3, 0xc0,
    0x3f, 0xf8, 0xca, 0x0, 0x20, 0xf, 0xfe, 0x33,
    0x0, 0x4, 0x9, 0xc0, 0x3f, 0xf8, 0x7e, 0x0,
    0xc0, 0x88, 0x59, 0x0, 0x7f, 0xf0, 0x19, 0x40,
    0x58, 0x1c, 0x13, 0x69, 0x0, 0x3f, 0x14, 0xc8,
    0x1, 0x60, 0xc, 0x50, 0x2, 0xdf, 0xe5, 0x4c,
    0x42, 0xb7, 0x4c, 0x0, 0x85, 0x0, 0xd, 0x62,
    0x0, 0x46, 0xac, 0xee, 0x52, 0x0, 0x1e, 0x38,
    0x7, 0x1d, 0xf5, 0x31, 0x90, 0x4, 0x28, 0xf9,
    0x83, 0x0, 0x80,

    /* U+0054 "T" */
    0xdf, 0xff, 0xfe, 0x4e, 0x0, 0x7f, 0xf2, 0xe9,
    0xdf, 0xf8, 0x2, 0x77, 0xfe, 0xa7, 0x88, 0xfe,
    0x0, 0xa2, 0x3f, 0x98, 0x3, 0xff, 0xfe, 0x1,
    0xff, 0xff, 0x0, 0xff, 0xff, 0x80, 0x7f, 0xff,
    0xc0, 0x3f, 0xff, 0xe0, 0x1f, 0xff, 0xf0, 0xf,
    0xff, 0xf8, 0x7, 0xff, 0x3c,

    /* U+0055 "U" */
    0xbf, 0xf2, 0x0, 0x7f, 0xf1, 0x27, 0xfc, 0xa0,
    0x1f, 0xff, 0xf0, 0xf, 0xff, 0xf8, 0x7, 0xff,
    0xfc, 0x3, 0xff, 0xfe, 0x1, 0xff, 0xd8, 0x10,
    0xf, 0xfe, 0x50, 0x80, 0x42, 0x1, 0xff, 0xc8,
    0x30, 0x1, 0x80, 0x7f, 0xf1, 0xc, 0x0, 0xe2,
    0x0, 0xe0, 0xf, 0xfe, 0x23, 0x0, 0x7, 0x40,
    0x6, 0x1, 0xff, 0xc4, 0x30, 0x12, 0x40, 0x2,
    0x0, 0x7f, 0xf0, 0xd0, 0x0, 0xa0, 0x26, 0x0,
    0x70, 0xf, 0xfe, 0x17, 0x80, 0x34, 0x1, 0x0,
    0x8, 0x20, 0xf, 0xfe, 0x3, 0x20, 0xb, 0x0,
    0x11, 0x0, 0xf, 0x20, 0xf, 0xf2, 0xc8, 0x2,
    0x0, 0x35, 0x8, 0x16, 0xc1, 0x0, 0x78, 0xee,
    0x80, 0xc, 0xc0, 0xc, 0x3e, 0x60, 0x7, 0xdd,
    0x5d, 0x52, 0xfb, 0x10, 0x0, 0xf2, 0x1, 0xe1,
    0xc8, 0x10, 0x1, 0x22, 0xa9, 0x4, 0x0, 0x77,
    0x0, 0x1f, 0xcf, 0xd4, 0xc4, 0x20, 0x1, 0x37,
    0xbc, 0x40, 0xe,

    /* U+0056 "V" */
    0xaf, 0xf4, 0x0, 0x7f, 0xf2, 0x1b, 0xfd, 0x32,
    0x0, 0x30, 0x7, 0xff, 0x22, 0xc0, 0x16, 0x66,
    0x1, 0x60, 0xf, 0xfe, 0x32, 0x10, 0x21, 0x4,
    0x80, 0x2c, 0x3, 0xff, 0x8d, 0xe0, 0xf, 0x0,
    0x29, 0x1, 0x20, 0x7, 0xff, 0x10, 0x90, 0x9,
    0x0, 0x2a, 0x0, 0x78, 0x7, 0xff, 0x12, 0xc0,
    0x16, 0x1, 0x9c, 0x0, 0x84, 0x1, 0xff, 0xc2,
    0x16, 0x1, 0x60, 0xe, 0x70, 0x5, 0x80, 0x7f,
    0xf0, 0x98, 0x0, 0xc0, 0x1e, 0xa0, 0x3, 0x8,
    0x7, 0xff, 0x6, 0x40, 0x12, 0x1, 0xe2, 0x50,
    0x4, 0x80, 0x7f, 0xf0, 0x18, 0x41, 0x44, 0x3,
    0xe9, 0x0, 0x30, 0x7, 0xff, 0x2, 0xc0, 0x12,
    0x1, 0xf8, 0xcc, 0x2, 0xc0, 0x1f, 0xe4, 0x20,
    0x43, 0x0, 0xfe, 0x90, 0x5, 0x80, 0x7f, 0xbc,
    0x1, 0xe0, 0x1f, 0xe5, 0x10, 0x24, 0x0, 0xfc,
    0x48, 0x4, 0x80, 0x1f, 0xf4, 0x80, 0x3c, 0x3,
    0xf5, 0x80, 0x2c, 0x3, 0xff, 0x80, 0xc0, 0x4,
    0x20, 0xf, 0xb, 0x0, 0xb0, 0x7, 0xff, 0x0,
    0x58, 0x1, 0x60, 0x1e, 0x60, 0x3, 0x0, 0x7f,
    0xf0, 0xac, 0x0, 0xc2, 0x1, 0xd2, 0x0, 0x90,
    0xf, 0xfe, 0x11, 0x20, 0x1, 0x80, 0x33, 0x8,
    0x28, 0x80, 0x7f, 0xf0, 0xe0, 0x1, 0x20, 0x1a,
    0xc0, 0x12, 0x1, 0xff, 0xc4, 0x33, 0x0, 0xa8,
    0x1, 0x8, 0xc, 0xc0, 0x1f, 0xfc, 0x59, 0x0,
    0x48, 0x3, 0xc0, 0x12, 0x1, 0xff, 0xc6, 0x51,
    0x3, 0x31, 0x20, 0x12, 0x80, 0x7f, 0xf1, 0xe4,
    0x1, 0x36, 0x0, 0xb0, 0xf, 0xfe, 0x43, 0x0,
    0x15, 0x80, 0xc, 0x1, 0xff, 0xc8, 0x16, 0x0,
    0xce, 0x1, 0xff, 0xca, 0xb0, 0xd, 0x20, 0x1f,
    0xfc, 0xa2, 0x40, 0x2, 0x88, 0x7, 0xfc,

    /* U+0057 "W" */
    0x5f, 0xf5, 0x0, 0x7f, 0xf0, 0xcf, 0xfd, 0xc0,
    0x1f, 0xfc, 0x4f, 0xf6, 0xa8, 0x1, 0x40, 0x3f,
    0xf8, 0x74, 0x0, 0x13, 0x0, 0xff, 0xe1, 0x28,
    0x2, 0x81, 0x40, 0xa, 0x1, 0xff, 0xc2, 0x70,
    0xa, 0x80, 0x3f, 0xf8, 0x5c, 0x0, 0x50, 0xf0,
    0x7, 0x0, 0x7f, 0xf0, 0x50, 0x40, 0x27, 0x0,
    0xff, 0xe1, 0x20, 0x11, 0x1, 0x40, 0x8, 0x1,
    0xff, 0xc1, 0xd0, 0x1, 0x80, 0x98, 0x7, 0xff,
    0x1, 0x40, 0x14, 0x1, 0x28, 0x1, 0x40, 0x3f,
    0xf8, 0xe, 0x7, 0x0, 0xa, 0x0, 0xff, 0xe0,
    0x70, 0x1, 0x40, 0x2f, 0x0, 0x70, 0x7, 0xfc,
    0x82, 0x14, 0x82, 0xe, 0x1, 0xff, 0xa, 0x1,
    0x90, 0x4, 0xa0, 0x4, 0x0, 0xff, 0xb8, 0x0,
    0xe0, 0xe0, 0x28, 0x1, 0xfe, 0x70, 0x5, 0x80,
    0x72, 0x80, 0x14, 0x3, 0xfc, 0xa0, 0x82, 0x1a,
    0x0, 0xd0, 0xf, 0xf6, 0x80, 0x14, 0x3, 0xbc,
    0x1, 0xc0, 0x1f, 0xca, 0x0, 0xd0, 0x2, 0x8,
    0x38, 0x7, 0xf0, 0xa0, 0x19, 0x0, 0x72, 0x80,
    0x10, 0x3, 0xfb, 0x80, 0xe, 0x1, 0x38, 0xa,
    0x0, 0x7e, 0x70, 0x5, 0x80, 0x7c, 0xa0, 0x5,
    0x0, 0xf8, 0x50, 0x10, 0x40, 0x2a, 0x0, 0x70,
    0x7, 0xed, 0x0, 0x28, 0x7, 0xdc, 0x0, 0xe0,
    0xf, 0x9c, 0x1, 0xc0, 0x18, 0xc4, 0x14, 0x3,
    0xe1, 0x40, 0x32, 0x0, 0xf9, 0x0, 0x8, 0x20,
    0x1e, 0xd0, 0x2, 0x80, 0x73, 0x0, 0x10, 0x3,
    0xce, 0x0, 0xb0, 0xf, 0xe5, 0x0, 0x38, 0x7,
    0xa, 0x2, 0x80, 0x7a, 0xc0, 0x1c, 0x1, 0xea,
    0x0, 0x30, 0x7, 0xf7, 0x0, 0x34, 0x3, 0x9c,
    0x1, 0xe0, 0x1e, 0x32, 0x5, 0x0, 0xe1, 0x30,
    0x31, 0x0, 0xfe, 0x41, 0x4, 0x10, 0xd, 0x40,
    0x5, 0x0, 0xf9, 0x40, 0xa, 0x1, 0x98, 0x1,
    0x60, 0x1f, 0xf3, 0x80, 0x1c, 0x2, 0x23, 0x5,
    0x0, 0xfd, 0x40, 0xf, 0x0, 0xd6, 0x0, 0x60,
    0xf, 0xfb, 0x40, 0x1a, 0x1, 0x28, 0x3, 0x80,
    0x3f, 0x11, 0x1, 0x40, 0x21, 0x30, 0x31, 0x0,
    0xff, 0x90, 0x41, 0x4, 0x1, 0x40, 0x28, 0x1,
    0xfd, 0x40, 0x5, 0x0, 0x30, 0x2, 0x80, 0x3f,
    0xf8, 0x2e, 0x0, 0x70, 0x22, 0x3, 0x80, 0x7f,
    0x94, 0x1, 0xc0, 0xb, 0x0, 0x38, 0x7, 0xff,
    0x7, 0x40, 0x1a, 0x14, 0x0, 0xa0, 0xf, 0xf1,
    0x18, 0x20, 0x11, 0x81, 0x88, 0x7, 0xff, 0x5,
    0x4, 0x10, 0x54, 0x4, 0xc0, 0x3f, 0xeb, 0x0,
    0x2a, 0x80, 0x14, 0x1, 0xff, 0xc3, 0x70, 0x4,
    0x10, 0x30, 0x7, 0xff, 0x1, 0x80, 0x1d, 0x60,
    0x7, 0x0, 0xff, 0xe1, 0xe8, 0x1, 0x80, 0x16,
    0x1, 0xff, 0xc0, 0x13, 0x4, 0x30, 0x41, 0x0,
    0xff, 0xe1, 0xa0, 0x80, 0x44, 0x60, 0x1f, 0xfc,
    0x1a, 0x0, 0xda, 0x1, 0xff, 0xc5, 0x70, 0x9,
    0x40, 0x3f, 0xf8, 0x4e, 0x1, 0x9c, 0x3, 0xff,
    0x8b, 0x40, 0x15, 0x0, 0x7f, 0xf0, 0x85, 0x0,
    0x8, 0x20, 0x1f, 0x80,

    /* U+0058 "X" */
    0x4, 0xff, 0x88, 0x3, 0xff, 0x87, 0x9f, 0xe6,
    0x0, 0x23, 0x80, 0x3c, 0x3, 0xff, 0x85, 0x6,
    0x8, 0xc0, 0x14, 0x18, 0x14, 0x80, 0x7f, 0xf0,
    0x11, 0xc0, 0x68, 0x3, 0xb8, 0x0, 0xca, 0x1,
    0xfe, 0x1a, 0x0, 0x68, 0x80, 0x71, 0x50, 0x2,
    0x88, 0x3, 0xfa, 0x84, 0x20, 0xc0, 0x3e, 0x56,
    0x0, 0x70, 0x7, 0xe7, 0x40, 0x47, 0x0, 0xfe,
    0x92, 0x3, 0x80, 0xf, 0x1c, 0x0, 0xd0, 0x7,
    0xfd, 0xe0, 0x7, 0x40, 0xe, 0xe0, 0x5, 0x8,
    0x7, 0xfc, 0x52, 0x0, 0xa1, 0x0, 0xa8, 0x81,
    0xd0, 0x3, 0xff, 0x82, 0xca, 0x3, 0xa0, 0x6,
    0x50, 0x38, 0x0, 0xff, 0xe1, 0xd8, 0x81, 0xc1,
    0x48, 0x3, 0x80, 0x3f, 0xf8, 0x83, 0xa0, 0x7,
    0xf0, 0x5, 0x10, 0x7, 0xff, 0x14, 0xe0, 0x0,
    0x40, 0xca, 0x1, 0xff, 0xc7, 0x72, 0x0, 0xa0,
    0x3, 0xff, 0x90, 0xa4, 0x1, 0x40, 0x7, 0xff,
    0x1c, 0xa8, 0x3, 0x32, 0x80, 0x7f, 0xf1, 0xb8,
    0x1, 0x14, 0x0, 0xa2, 0x0, 0xff, 0xe2, 0x49,
    0x82, 0x3a, 0xb0, 0x3, 0x80, 0x3f, 0xf8, 0x68,
    0xc0, 0x34, 0x0, 0x92, 0x3, 0x80, 0xf, 0xfe,
    0x8, 0xd0, 0x2, 0x84, 0x2, 0xf0, 0x3, 0xa0,
    0x7, 0xff, 0x3, 0x44, 0x1d, 0x0, 0x31, 0x48,
    0x2, 0x84, 0x3, 0xfd, 0x6, 0x7, 0x0, 0x1e,
    0x65, 0x1, 0xd0, 0xf, 0xe4, 0x70, 0x7, 0x0,
    0x7e, 0xa2, 0x3, 0x80, 0xf, 0x86, 0x80, 0x14,
    0x40, 0x1f, 0xdc, 0x0, 0x74, 0x0, 0xf5, 0x8,
    0x2a, 0x80, 0x3f, 0xc7, 0x0, 0xa, 0x10, 0xc,
    0xe8, 0x5, 0x40, 0x1f, 0xfc, 0x7, 0x40, 0x1a,
    0x0, 0x8e, 0x0, 0x1c, 0x1, 0xff, 0xc2, 0xa1,
    0x4, 0x70, 0x1d, 0x0, 0x41, 0x80, 0x7f, 0xf0,
    0x86, 0x80, 0x10, 0x60,

    /* U+0059 "Y" */
    0xaf, 0xf4, 0x0, 0x7f, 0xf1, 0xb7, 0xfc, 0x36,
    0x0, 0x72, 0x0, 0xff, 0xe2, 0x41, 0x4, 0x8,
    0xa4, 0x1, 0x20, 0x1f, 0xfc, 0x32, 0x70, 0x27,
    0x0, 0x31, 0x82, 0x28, 0x7, 0xff, 0xa, 0x40,
    0x1c, 0x1, 0xbc, 0x1, 0x60, 0x1f, 0xfc, 0x15,
    0x40, 0x63, 0x0, 0xc6, 0xc0, 0x32, 0x1, 0xff,
    0xc0, 0xb0, 0x18, 0x0, 0xf4, 0x8, 0x31, 0x80,
    0x7f, 0xa4, 0x42, 0x4, 0x3, 0xc3, 0x60, 0xf,
    0x0, 0xfe, 0x36, 0x3, 0x60, 0xf, 0xca, 0x60,
    0x6c, 0x1, 0xfb, 0xc0, 0x1c, 0x1, 0xfe, 0xe0,
    0x4, 0x8, 0x7, 0x98, 0xc1, 0xc8, 0x3, 0xfc,
    0x4e, 0x3, 0x0, 0x1c, 0x30, 0x3, 0x0, 0x1f,
    0xfc, 0x8, 0x10, 0x63, 0x0, 0xd6, 0x21, 0x60,
    0x1f, 0xfc, 0x2b, 0x0, 0x70, 0x4, 0x8a, 0x8,
    0xa0, 0x1f, 0xfc, 0x25, 0x40, 0x27, 0x0, 0x48,
    0x2, 0x40, 0x3f, 0xf8, 0x92, 0x0, 0x81, 0x72,
    0x8, 0x20, 0xf, 0xfe, 0x21, 0x40, 0x2, 0xa0,
    0x9, 0xc0, 0x3f, 0xf8, 0xce, 0x40, 0x80, 0x9,
    0x0, 0xff, 0xe4, 0x48, 0x4, 0xa8, 0x1, 0xff,
    0xc8, 0x43, 0x0, 0x40, 0x7, 0xff, 0xfc, 0x3,
    0xff, 0xfe, 0x1, 0xff, 0xff, 0x0, 0xff, 0xe4,
    0x0,

    /* U+005A "Z" */
    0xe, 0xff, 0xff, 0xe4, 0xa0, 0x7, 0xff, 0x36,
    0x5d, 0xff, 0xf8, 0xa2, 0x0, 0x24, 0x7, 0x88,
    0xff, 0xe2, 0x70, 0x80, 0x3c, 0x3, 0xff, 0x8c,
    0x72, 0x0, 0xa2, 0x0, 0xff, 0xe2, 0x8e, 0x80,
    0x1d, 0x40, 0x3f, 0xf8, 0xda, 0x20, 0x90, 0x1,
    0xff, 0xc6, 0x93, 0x1, 0xa0, 0xf, 0xfe, 0x32,
    0xb0, 0x3, 0x44, 0x3, 0xff, 0x8a, 0x74, 0x0,
    0xa3, 0x0, 0xff, 0xe2, 0x8f, 0x0, 0x19, 0x40,
    0x3f, 0xf8, 0xd4, 0x40, 0x72, 0x1, 0xff, 0xc6,
    0x84, 0x1, 0xd0, 0xf, 0xfe, 0x32, 0xb8, 0x3,
    0x44, 0x3, 0xff, 0x8a, 0x54, 0x0, 0x93, 0x0,
    0xff, 0xe3, 0x78, 0x1, 0x58, 0x3, 0xff, 0x8d,
    0x64, 0x7, 0x40, 0x1f, 0xfc, 0x67, 0x40, 0x1e,
    0x0, 0xff, 0xe3, 0x24, 0x0, 0x28, 0x80, 0x3f,
    0xf8, 0xa5, 0x40, 0x8, 0x40, 0xf, 0xfe, 0x37,
    0x88, 0x2b, 0x80, 0x7f, 0xf1, 0xa8, 0x80, 0xa8,
    0x3, 0xff, 0x8c, 0xea, 0x0, 0xf0, 0xf, 0xfe,
    0x32, 0x40, 0x2, 0x88, 0x3, 0xff, 0x8a, 0x34,
    0x0, 0x75, 0x0, 0xff, 0xe3, 0x68, 0x80, 0x51,
    0x1f, 0xfc, 0x56, 0x33, 0x0, 0x4e, 0xff, 0xfc,
    0x6a, 0x0, 0xff, 0xe6, 0x0,

    /* U+005B "[" */
    0x7f, 0xff, 0x70, 0x7, 0xfc, 0xd5, 0x58, 0x2,
    0xf5, 0x59, 0x0, 0x3f, 0xff, 0xe0, 0x1f, 0xff,
    0xf0, 0xf, 0xff, 0xf8, 0x7, 0xff, 0x1b, 0xd5,
    0x64, 0x0, 0x9a, 0xab, 0x0, 0x7e,

    /* U+005C "\\" */
    0x28, 0x81, 0x0, 0x7f, 0xf0, 0x4d, 0xdd, 0x40,
    0x1f, 0xfc, 0x11, 0x40, 0x60, 0xf, 0xfe, 0x17,
    0x0, 0xa0, 0x7, 0xff, 0x5, 0x40, 0x1a, 0x1,
    0xff, 0xc2, 0x50, 0x70, 0xf, 0xfe, 0x17, 0x0,
    0xa8, 0x7, 0xff, 0x5, 0x4, 0x3c, 0x3, 0xff,
    0x84, 0xe0, 0xa0, 0x1f, 0xfc, 0x2a, 0x0, 0x28,
    0x7, 0xff, 0x4, 0xc4, 0x38, 0x3, 0xff, 0x84,
    0xc0, 0x82, 0x1, 0xff, 0xc1, 0xa0, 0x3, 0x80,
    0x7f, 0xf0, 0x48, 0x81, 0x40, 0x1f, 0xfc, 0x2a,
    0x3, 0x20, 0xf, 0xfe, 0xa, 0x80, 0x14, 0x3,
    0xff, 0x82, 0x46, 0x14, 0x1, 0xff, 0xc2, 0xa0,
    0x23, 0x0, 0xff, 0xe0, 0xb8, 0x2, 0xc0, 0x3f,
    0xf8, 0x22, 0x80, 0xc0, 0x1f, 0xfc, 0x2e, 0x1,
    0x30, 0xf, 0xfe, 0xa, 0x80, 0x28, 0x3, 0xff,
    0x84, 0xa0, 0xe0, 0x1f, 0xfc, 0x2e, 0x1, 0x40,
    0xf, 0xfe, 0xa, 0x8, 0x70, 0x7, 0xff, 0x9,
    0xc1, 0x40, 0x3f, 0xf8, 0x5a, 0x0, 0x50, 0xf,
    0xfe, 0xa, 0x8, 0x70, 0x7, 0xff, 0x9, 0x81,
    0x4, 0x3, 0xff, 0x83, 0x60, 0x7, 0x0, 0xff,
    0xe0, 0x99, 0x5, 0x0, 0x7f, 0xf0, 0xa8, 0xc,
    0x40, 0x3f, 0xf8, 0x2a, 0x0, 0x60, 0xf, 0xfe,
    0x9, 0x18, 0x50, 0x7, 0xff, 0xa, 0xc0, 0x88,
    0x1, 0xff, 0xc1, 0x60, 0x5, 0x0, 0x7f, 0xf0,
    0x45, 0x1, 0x40, 0x3f, 0xf8, 0x5a, 0x4, 0x60,

    /* U+005D "]" */
    0x2f, 0xff, 0x88, 0x3, 0xf8, 0xaa, 0xb1, 0x80,
    0x65, 0x5c, 0xe0, 0x1f, 0xff, 0xf0, 0xf, 0xff,
    0xf8, 0x7, 0xff, 0xfc, 0x3, 0xff, 0xca, 0xab,
    0x9c, 0x2, 0x2a, 0xac, 0x60, 0x1f, 0xfc, 0x0,

    /* U+005E "^" */
    0x0, 0xf9, 0xa1, 0x80, 0x3f, 0xf8, 0x23, 0x2f,
    0x24, 0x1, 0xff, 0xc0, 0x90, 0xa, 0xc0, 0x3f,
    0xf8, 0xc, 0xe, 0xc, 0x20, 0x1f, 0xe6, 0x12,
    0x82, 0x6, 0x0, 0xff, 0x50, 0x50, 0x58, 0x50,
    0x7, 0xf1, 0x98, 0x18, 0x18, 0x9, 0x0, 0x3f,
    0x48, 0x30, 0x80, 0x18, 0x3c, 0x3, 0xe1, 0x50,
    0xa0, 0xa, 0xc1, 0x8, 0x3, 0xd2, 0x6, 0x60,
    0x8, 0x8c, 0x28, 0x3, 0xcc, 0x14, 0x1, 0xd2,
    0xc, 0x1, 0xca, 0x22, 0x60, 0xe, 0x51, 0x13,
    0x0, 0x69, 0x6, 0x0, 0xf9, 0x82, 0xc0, 0x23,
    0x30, 0x50, 0x7, 0xd2, 0x4, 0x60, 0x9, 0x4,
    0x20, 0xf, 0x85, 0x42, 0x40, 0x54, 0x3c, 0x3,
    0xfb, 0x81, 0x45, 0x80, 0x50, 0x3, 0xf9, 0x8,
    0x24,

    /* U+005F "_" */
    0xee, 0xff, 0xe4, 0x8, 0xff, 0xf2, 0x0,

    /* U+0060 "`" */
    0x2d, 0xff, 0x50, 0x7, 0x16, 0xa8, 0x2d, 0x80,
    0x7a, 0xa0, 0x13, 0x4, 0x3, 0x9f, 0x4, 0xf0,
    0x40, 0x38, 0xfc, 0xcb, 0xc8,

    /* U+0061 "a" */
    0x0, 0xc6, 0xf7, 0xbd, 0xfd, 0x92, 0x60, 0x1e,
    0x5c, 0xc4, 0x21, 0x8, 0x9, 0xb6, 0x60, 0x40,
    0x2b, 0xa3, 0x0, 0x1b, 0x3c, 0x31, 0x80, 0xf,
    0xc4, 0x0, 0xe0, 0x53, 0xf9, 0x30, 0xf3, 0x98,
    0x20, 0x1d, 0x0, 0x73, 0xeb, 0x0, 0x7c, 0x78,
    0x20, 0x66, 0x2, 0x80, 0xf, 0xf0, 0xc0, 0x2,
    0xc0, 0x3f, 0xf8, 0x48, 0x0, 0x30, 0xf, 0xfe,
    0x11, 0x0, 0x1c, 0x3, 0xff, 0x8a, 0x20, 0x11,
    0x46, 0x77, 0xff, 0xe0, 0xe, 0x8d, 0x73, 0x10,
    0xf, 0xfe, 0x4, 0xb8, 0xc, 0x66, 0xf7, 0x7c,
    0x1, 0x1b, 0x1, 0x7b, 0x99, 0x8, 0xfc, 0x1,
    0x50, 0x2, 0x44, 0x3, 0xff, 0x82, 0x40, 0x4,
    0x0, 0xff, 0x8, 0x7, 0x84, 0x3, 0xfd, 0x0,
    0x11, 0x0, 0x1c, 0x3, 0xf9, 0x18, 0x2, 0xa0,
    0x4, 0xa0, 0x7, 0xcd, 0x60, 0x18, 0xdc, 0x1,
    0x76, 0x64, 0x34, 0x7d, 0x90, 0xa1, 0x0, 0xa2,
    0x0, 0x4, 0x9b, 0xcb, 0x82, 0x1b, 0x50, 0xe,
    0x7e, 0x83, 0x10, 0x1, 0x25, 0x72, 0x0, 0x60,

    /* U+0062 "b" */
    0xf, 0xf6, 0x0, 0x7f, 0xff, 0xc0, 0x3f, 0xff,
    0xe0, 0x1f, 0xfd, 0x91, 0x7b, 0xef, 0xf6, 0xdb,
    0x0, 0x7f, 0xf0, 0x5f, 0xa1, 0x4, 0x0, 0x49,
    0x3e, 0xe0, 0x1f, 0xec, 0x80, 0x2, 0x3c, 0x3a,
    0x80, 0x51, 0x82, 0x1, 0xf5, 0x18, 0x3f, 0x5c,
    0x3c, 0x57, 0xc0, 0x0, 0xf4, 0x3, 0xc6, 0xa1,
    0x70, 0x20, 0x1e, 0x7c, 0x10, 0x39, 0x0, 0xfa,
    0x50, 0x3, 0xf8, 0xf4, 0x0, 0xc4, 0x1, 0xc8,
    0xc0, 0x1f, 0xf1, 0xb8, 0x2, 0xc0, 0x3b, 0xc0,
    0x3f, 0xf8, 0x32, 0x0, 0x70, 0xe, 0x40, 0xf,
    0xfe, 0x8, 0x98, 0x8, 0x80, 0x22, 0x0, 0xff,
    0xe1, 0xb0, 0x0, 0x80, 0x21, 0x0, 0xff, 0xe1,
    0x98, 0x1, 0xc0, 0x21, 0x0, 0xff, 0xe1, 0x98,
    0x1, 0xc0, 0x22, 0x0, 0xff, 0xe1, 0xb0, 0x0,
    0x80, 0x32, 0x0, 0x7f, 0xf0, 0x44, 0xc0, 0x44,
    0x1, 0xbc, 0x3, 0xff, 0x83, 0x20, 0x7, 0x0,
    0xe4, 0x60, 0xf, 0xf8, 0xdc, 0x1, 0x60, 0x1e,
    0x94, 0x0, 0xfe, 0x3d, 0x0, 0x31, 0x0, 0x64,
    0x40, 0x5c, 0x90, 0x7, 0xb, 0xe0, 0x81, 0xc8,
    0x7, 0xac, 0xc1, 0xb7, 0x2a, 0x26, 0xfa, 0x0,
    0x9, 0xa0, 0x1f, 0xb1, 0xc0, 0x6, 0xae, 0xc8,
    0x0, 0x18, 0xb1, 0x0, 0xfe, 0x8e, 0x83, 0x10,
    0x1, 0x2c, 0xf3, 0x80, 0x70,

    /* U+0063 "c" */
    0x0, 0xf9, 0x27, 0x3b, 0xfd, 0xb4, 0xa0, 0x1f,
    0xc9, 0xb6, 0xc6, 0x20, 0x2, 0x5a, 0xe6, 0x0,
    0xf4, 0xd9, 0x0, 0x11, 0xa1, 0xd4, 0x0, 0x33,
    0x20, 0xd, 0x2c, 0x0, 0x7e, 0xb9, 0x78, 0xaf,
    0x80, 0x3, 0x40, 0x1, 0x98, 0x0, 0xb8, 0x10,
    0xf, 0x3e, 0x88, 0xb4, 0x1, 0x0, 0xa, 0x40,
    0xf, 0xe2, 0xdf, 0x50, 0x71, 0x5, 0x50, 0x7,
    0xfc, 0x62, 0x0, 0xb0, 0x4, 0x80, 0x7f, 0xf1,
    0xc, 0x4, 0xc0, 0x3f, 0xf8, 0x62, 0x0, 0x20,
    0xf, 0xfe, 0x21, 0x80, 0x1c, 0x3, 0xff, 0x88,
    0x60, 0x7, 0x0, 0xff, 0xe2, 0x8, 0x0, 0x80,
    0x3f, 0xf8, 0xa6, 0x2, 0x60, 0x1f, 0xfc, 0x4a,
    0x0, 0x48, 0x7, 0xff, 0x11, 0x84, 0x15, 0x40,
    0x1f, 0xf1, 0x88, 0x5, 0x0, 0xa, 0x40, 0xf,
    0xe2, 0xde, 0x60, 0x3, 0x30, 0x1, 0x72, 0x40,
    0x1e, 0x7d, 0x10, 0xe, 0x97, 0x0, 0x36, 0xe5,
    0x44, 0xdf, 0xc0, 0x1, 0xd8, 0x3, 0x45, 0x90,
    0x0, 0xd5, 0xd9, 0x0, 0x3, 0x70, 0x1, 0xe4,
    0xdb, 0x63, 0x10, 0x1, 0x2d, 0x72, 0x0, 0x0,

    /* U+0064 "d" */
    0x0, 0xff, 0xe3, 0xdf, 0xf8, 0x80, 0x3f, 0xff,
    0xe0, 0x1f, 0xff, 0xf0, 0xf, 0xfe, 0x32, 0xd6,
    0xff, 0xbb, 0x20, 0x80, 0x3f, 0xf8, 0xd, 0xd4,
    0xa4, 0x0, 0x13, 0x7d, 0x90, 0xf, 0xf5, 0x48,
    0x80, 0x11, 0xe1, 0xd0, 0x0, 0xda, 0x20, 0x1f,
    0x5a, 0x80, 0x1f, 0xae, 0x1e, 0x2f, 0xe0, 0xb,
    0x40, 0x3c, 0xe8, 0x0, 0xb8, 0x10, 0xf, 0x3e,
    0x9, 0xa0, 0x6, 0x18, 0x0, 0x52, 0x0, 0x7f,
    0x1d, 0x0, 0x79, 0x80, 0xa, 0xa0, 0xf, 0xf9,
    0x18, 0x3, 0xac, 0x1, 0x20, 0x1f, 0xfc, 0x1b,
    0x0, 0xe3, 0x1, 0x30, 0xf, 0xfe, 0x9, 0x10,
    0x2, 0x10, 0x1, 0x0, 0x7f, 0xf0, 0xd8, 0x2,
    0x30, 0x3, 0x80, 0x7f, 0xf0, 0xc4, 0x2, 0x30,
    0x3, 0x80, 0x7f, 0xf0, 0xc4, 0x2, 0x10, 0x1,
    0x0, 0x7f, 0xf0, 0xd8, 0x3, 0x18, 0x9, 0x80,
    0x7f, 0xf0, 0x48, 0x80, 0x1a, 0xc0, 0x12, 0x1,
    0xff, 0xc1, 0xb0, 0xe, 0x60, 0x2, 0xa8, 0x3,
    0xfe, 0x46, 0x0, 0xe1, 0x90, 0x5, 0x20, 0x7,
    0xf1, 0xd0, 0x7, 0xcc, 0xc0, 0x5, 0xc0, 0x80,
    0x70, 0xc6, 0x9, 0xb0, 0x7, 0xa5, 0x80, 0xf,
    0xd9, 0x31, 0x37, 0xce, 0x5, 0xa0, 0x1f, 0xa6,
    0x84, 0x0, 0x6c, 0xec, 0x80, 0x6, 0xd1, 0x0,
    0xfe, 0x5e, 0xa5, 0x20, 0x0, 0x9b, 0xec, 0x80,
    0x78,

    /* U+0065 "e" */
    0x0, 0xf9, 0xaf, 0x7f, 0xdd, 0x6e, 0x20, 0x1f,
    0xf3, 0x74, 0xa1, 0x0, 0x5, 0x23, 0xa4, 0x3,
    0xfa, 0xe4, 0x40, 0x9a, 0x20, 0xc6, 0x0, 0x6d,
    0x20, 0xf, 0x5a, 0x1, 0x5e, 0xcb, 0xba, 0x73,
    0x4c, 0xb, 0x4, 0x3, 0x3a, 0x1, 0xea, 0x0,
    0x78, 0xb1, 0xc0, 0x68, 0x2, 0x18, 0x1, 0xd0,
    0xf, 0xf4, 0x28, 0x21, 0x80, 0x18, 0x1, 0x2,
    0x1, 0xff, 0x40, 0x2, 0x40, 0x16, 0x0, 0x60,
    0xf, 0xfe, 0x1, 0x20, 0x28, 0x0, 0xc0, 0xc0,
    0x3f, 0xf8, 0x46, 0x0, 0x21, 0x0, 0x1f, 0xff,
    0xff, 0x9, 0xc0, 0xc, 0x60, 0x1f, 0xfc, 0x93,
    0x0, 0x27, 0xff, 0xff, 0x15, 0x4, 0x0, 0xa0,
    0x1f, 0xfc, 0x73, 0x1, 0x30, 0xf, 0xfe, 0x35,
    0x0, 0x20, 0x3, 0xff, 0x8c, 0xc2, 0x8, 0xc0,
    0x1f, 0xfc, 0x1, 0x0, 0xeb, 0x0, 0x4a, 0x80,
    0x7f, 0x9b, 0xc8, 0x3, 0x2b, 0x0, 0x2a, 0x86,
    0x1, 0xe3, 0xb9, 0x1e, 0x0, 0xe9, 0x70, 0x2,
    0xe6, 0xd4, 0x42, 0xb7, 0x10, 0xb, 0x80, 0x3d,
    0x16, 0x40, 0x2, 0x57, 0x72, 0x90, 0x1, 0xf0,
    0x80, 0x3e, 0x4d, 0xb6, 0x31, 0x0, 0x12, 0x4f,
    0x40, 0x80, 0x40,

    /* U+0066 "f" */
    0x0, 0xf9, 0x6f, 0xbf, 0xd9, 0x2, 0x1, 0xeb,
    0xa4, 0x10, 0x1, 0xbe, 0x80, 0x75, 0x20, 0x1,
    0xa6, 0x18, 0x28, 0x3, 0x12, 0x80, 0xf4, 0xb3,
    0xcf, 0x30, 0x6, 0x50, 0x4, 0x8, 0x6, 0x10,
    0xe, 0xf0, 0x1, 0x0, 0x7f, 0xc2, 0x0, 0x70,
    0xf, 0xfe, 0x52, 0xff, 0xcc, 0x0, 0xcf, 0xfe,
    0xb0, 0xf, 0xfe, 0x22, 0x4c, 0xc8, 0x0, 0x79,
    0x9e, 0xf0, 0x16, 0x68, 0x80, 0x18, 0xcd, 0xc8,
    0x1, 0xff, 0xff, 0x0, 0xff, 0xff, 0x80, 0x7f,
    0xff, 0xc0, 0x3f, 0xfa, 0x60,

    /* U+0067 "g" */
    0x0, 0xf9, 0x6b, 0x7f, 0xec, 0x93, 0x0, 0x93,
    0xfc, 0xe0, 0x1c, 0xdd, 0x4a, 0x40, 0x11, 0xb6,
    0x59, 0x0, 0x7f, 0x5c, 0x88, 0x1, 0x1a, 0x1d,
    0x44, 0x13, 0x50, 0x3, 0xeb, 0x40, 0x3, 0xf5,
    0xcb, 0xc5, 0x75, 0x8, 0x59, 0x80, 0x74, 0x20,
    0xe, 0x40, 0x80, 0x79, 0x7d, 0x2, 0x0, 0x30,
    0xb8, 0x2, 0x8c, 0x3, 0xf8, 0x6c, 0x80, 0x3a,
    0x40, 0xc, 0x80, 0x1f, 0xfc, 0xe, 0x0, 0xe5,
    0x0, 0x58, 0x7, 0xff, 0x4, 0xcc, 0x1, 0x88,
    0x4, 0x80, 0x3f, 0xf8, 0x56, 0x1, 0x8, 0x0,
    0x80, 0x3f, 0xf8, 0x64, 0x1, 0x18, 0x1, 0xc0,
    0x3f, 0xf8, 0xe6, 0x0, 0x60, 0xf, 0xfe, 0x19,
    0x80, 0x42, 0x20, 0x20, 0xf, 0xfe, 0x1e, 0x0,
    0x64, 0x0, 0x28, 0x7, 0xff, 0x9, 0x0, 0x37,
    0x0, 0x20, 0x3, 0xff, 0x83, 0x2, 0x1, 0x90,
    0xc0, 0xac, 0x3, 0xfe, 0x57, 0x0, 0xf7, 0x0,
    0x13, 0x4, 0x3, 0xf4, 0x50, 0x10, 0x7, 0x15,
    0x80, 0xf, 0xa9, 0x8, 0x4, 0xdf, 0x5c, 0x16,
    0xc0, 0x3c, 0x98, 0x40, 0x5, 0xbd, 0xfe, 0xc8,
    0x20, 0x6a, 0x0, 0x84, 0x3, 0x1e, 0xc9, 0x0,
    0x7c, 0x99, 0x20, 0x20, 0x3, 0x0, 0xf3, 0x6e,
    0xaa, 0x21, 0x37, 0xd6, 0x60, 0xf, 0x0, 0x8,
    0x7, 0xe2, 0x57, 0x73, 0x20, 0x80, 0x62, 0x0,
    0x30, 0x7, 0xff, 0x1d, 0x0, 0x48, 0x2, 0x10,
    0xf, 0xfe, 0x13, 0x8, 0x20, 0x4, 0x3f, 0x42,
    0x1, 0xff, 0x1c, 0x80, 0x20, 0x2, 0xb1, 0x5e,
    0x92, 0x0, 0xf8, 0x5f, 0x0, 0xe, 0x40, 0x14,
    0x18, 0x1, 0xb7, 0xae, 0x62, 0x13, 0x9d, 0x0,
    0x5, 0x80, 0xc, 0x59, 0x46, 0x0, 0x14, 0x67,
    0x73, 0x18, 0x0, 0x66, 0x80, 0x3e, 0x5c, 0xd9,
    0x52, 0x10, 0x0, 0x9b, 0x57, 0x30, 0x6,

    /* U+0068 "h" */
    0xf, 0xf6, 0x0, 0x7f, 0xff, 0xc0, 0x3f, 0xff,
    0xe0, 0x1f, 0xfc, 0x93, 0x8c, 0xef, 0xed, 0x94,
    0x0, 0xff, 0xd, 0xe3, 0x98, 0x80, 0x93, 0x5e,
    0x10, 0x7, 0xc5, 0xe8, 0x2, 0x8c, 0xea, 0x40,
    0x3, 0xd2, 0x0, 0xe1, 0xf1, 0x15, 0x75, 0xcc,
    0x56, 0xd8, 0x80, 0x30, 0x3, 0x88, 0x87, 0xea,
    0x1, 0xe4, 0xf1, 0x1, 0x70, 0xe, 0x1d, 0x10,
    0xf, 0xc3, 0x40, 0xa, 0x0, 0xe9, 0x10, 0xf,
    0xf2, 0x8, 0x10, 0x80, 0x65, 0x0, 0xff, 0xe0,
    0x20, 0x0, 0x80, 0x21, 0x20, 0xf, 0xfe, 0x1,
    0x80, 0x1c, 0x2, 0x30, 0xf, 0xfe, 0x8, 0x80,
    0x4, 0x2, 0x10, 0xf, 0xff, 0xf8, 0x7, 0xff,
    0xfc, 0x3, 0xff, 0xfe, 0x0,

    /* U+0069 "i" */
    0x1c, 0xfa, 0x8, 0x30, 0x56, 0x0, 0xc7, 0x6,
    0xa, 0xa1, 0xcf, 0xa0, 0xf, 0xfe, 0x2f, 0xfb,
    0x0, 0x3f, 0xff, 0xe0, 0x1f, 0xfc, 0xe0,

    /* U+006A "j" */
    0x0, 0xfd, 0x5f, 0x82, 0x1, 0xf3, 0x28, 0x1c,
    0x0, 0x7c, 0x60, 0x1f, 0xf2, 0xa8, 0xe, 0x0,
    0x3f, 0x57, 0xe0, 0x80, 0x7f, 0xf8, 0x37, 0xfc,
    0x1, 0xff, 0xff, 0x0, 0xff, 0xff, 0x80, 0x7f,
    0xff, 0xc0, 0x3f, 0xfc, 0x84, 0x2, 0x1, 0xf8,
    0x80, 0x4, 0x0, 0x30, 0xe, 0x90, 0x5, 0x80,
    0xe6, 0xc3, 0xc6, 0xa0, 0xb, 0x3, 0x81, 0x3c,
    0x39, 0x0, 0xe8, 0x83, 0x52, 0x8, 0x0, 0x9f,
    0xcc, 0x0,

    /* U+006B "k" */
    0xf, 0xf6, 0x0, 0x7f, 0xff, 0xc0, 0x3f, 0xff,
    0xe0, 0x1f, 0xfd, 0x13, 0xff, 0x94, 0x3, 0xff,
    0x86, 0xb8, 0x0, 0xa5, 0x0, 0xff, 0xe1, 0x35,
    0x0, 0x2d, 0x40, 0x3f, 0xf8, 0x4f, 0x20, 0xb,
    0x40, 0xf, 0xfe, 0x14, 0xc0, 0x3, 0x10, 0x3,
    0xff, 0x85, 0x4c, 0x3, 0x86, 0x1, 0xff, 0xc2,
    0xb5, 0x1, 0xc3, 0x0, 0xff, 0xe0, 0x8e, 0x20,
    0xe, 0x10, 0x7, 0xff, 0x4, 0x70, 0xc0, 0x18,
    0x40, 0x1f, 0xfc, 0x12, 0xf2, 0x0, 0xa0, 0x3,
    0xff, 0x82, 0x78, 0x20, 0x80, 0x5, 0x60, 0xf,
    0xf8, 0xb0, 0x41, 0xae, 0x40, 0x12, 0x60, 0x1f,
    0xe1, 0x0, 0x3c, 0x83, 0x30, 0x1, 0xa2, 0x1,
    0xff, 0x44, 0x0, 0x29, 0x30, 0x1d, 0x0, 0xff,
    0x4b, 0x80, 0x76, 0x88, 0x1c, 0x80, 0x7e, 0x36,
    0x0, 0xf0, 0xe8, 0x1, 0x98, 0x1, 0xff, 0xc4,
    0x39, 0x0, 0x49, 0x80, 0x7f, 0xf1, 0x19, 0x80,
    0xd, 0x10, 0xf, 0xfe, 0x24, 0x98, 0xd, 0x0,
    0x7f, 0xf1, 0x74, 0x41, 0x20, 0x3, 0xff, 0x88,
    0x3a, 0x0, 0x75,

    /* U+006C "l" */
    0xf, 0xf6, 0x0, 0x7f, 0xff, 0xc0, 0x3f, 0xfb,
    0x20,

    /* U+006D "m" */
    0xf, 0xf5, 0x80, 0x47, 0x39, 0xdf, 0xd9, 0x4,
    0x1, 0xf3, 0x5e, 0xff, 0xba, 0xdc, 0x40, 0x3f,
    0x8b, 0x30, 0xc6, 0x20, 0x26, 0xfb, 0x20, 0x19,
    0xba, 0x50, 0x80, 0x2, 0x91, 0xce, 0x1, 0xf2,
    0x69, 0x82, 0x44, 0xc9, 0x88, 0x0, 0xd6, 0x0,
    0xa9, 0x10, 0x48, 0x99, 0x30, 0x80, 0x22, 0x40,
    0x39, 0xe8, 0x13, 0x6d, 0xd9, 0x93, 0xb2, 0x0,
    0x47, 0x95, 0x5, 0xeb, 0x76, 0x64, 0xf4, 0x0,
    0x19, 0x40, 0x31, 0x8a, 0xd9, 0x0, 0x79, 0xa4,
    0x1, 0xc, 0xd, 0x42, 0x1, 0xe7, 0x80, 0x4,
    0x0, 0x71, 0x50, 0x7, 0xf3, 0x18, 0x4, 0x52,
    0x1, 0xfc, 0xe4, 0x4, 0x60, 0x1a, 0xc0, 0x3f,
    0xea, 0x0, 0xa0, 0x3, 0xfe, 0xa0, 0x2, 0x0,
    0x67, 0x0, 0xff, 0x94, 0x2, 0x40, 0xf, 0xf8,
    0xc0, 0x1c, 0x1, 0x8, 0x80, 0x3f, 0xe2, 0x0,
    0x10, 0x80, 0x7f, 0xce, 0x0, 0x30, 0x8, 0xc0,
    0x3f, 0xf8, 0x62, 0x1, 0xff, 0xc0, 0x10, 0x0,
    0x80, 0x42, 0x1, 0xff, 0xff, 0x0, 0xff, 0xff,
    0x80, 0x7f, 0xff, 0xc0, 0x3f, 0xff, 0xe0, 0x1f,
    0xff, 0xf0, 0xf, 0xfe, 0x28,

    /* U+006E "n" */
    0xf, 0xf5, 0x80, 0x47, 0x39, 0xdf, 0xdb, 0x28,
    0x1, 0xfe, 0x2b, 0xc6, 0x31, 0x1, 0x26, 0xbc,
    0x20, 0xf, 0x8f, 0x50, 0xd, 0xe6, 0x50, 0x80,
    0x3, 0xd2, 0x0, 0xe7, 0xd0, 0x3c, 0xc4, 0x33,
    0x1e, 0xf4, 0xc0, 0x18, 0x1, 0xc6, 0x29, 0x86,
    0x1, 0xe2, 0xc2, 0x1, 0x70, 0xe, 0x1b, 0x0,
    0xff, 0x70, 0x2, 0x80, 0x3a, 0x0, 0x3f, 0xe3,
    0x20, 0x21, 0x0, 0xce, 0x1, 0xff, 0xc0, 0x70,
    0x1, 0x0, 0x42, 0x20, 0xf, 0xfe, 0x1, 0x0,
    0x1c, 0x2, 0x30, 0xf, 0xfe, 0x20, 0x80, 0x42,
    0x1, 0xff, 0xff, 0x0, 0xff, 0xff, 0x80, 0x7f,
    0xff, 0xc0, 0x0,

    /* U+006F "o" */
    0x0, 0xf9, 0x27, 0x7f, 0xed, 0xa5, 0x0, 0xff,
    0xe0, 0x26, 0xdb, 0x10, 0x4, 0x4b, 0x5c, 0xa0,
    0x1f, 0xd3, 0x64, 0x0, 0x47, 0x87, 0x50, 0x0,
    0xd5, 0x0, 0x3e, 0x96, 0x0, 0x3f, 0x5c, 0x3c,
    0x57, 0xc0, 0x1, 0x68, 0x3, 0x99, 0x80, 0xb,
    0x81, 0x0, 0xf3, 0xe0, 0x82, 0xb8, 0x6, 0x80,
    0x5, 0x20, 0x7, 0xf1, 0xd0, 0x2, 0x4, 0x0,
    0xe2, 0xa, 0xa0, 0xf, 0xf9, 0x18, 0x1, 0x20,
    0xb, 0x0, 0x48, 0x7, 0xff, 0x6, 0xc0, 0xa,
    0x0, 0x30, 0x13, 0x0, 0xff, 0xe0, 0x91, 0x0,
    0x80, 0x40, 0x4, 0x1, 0xff, 0xc3, 0x60, 0x1,
    0x18, 0x1, 0xc0, 0x3f, 0xf8, 0x62, 0x0, 0x13,
    0x0, 0x38, 0x7, 0xff, 0xc, 0x40, 0x2, 0x20,
    0x1, 0x0, 0x7f, 0xf0, 0xd8, 0x0, 0x40, 0x60,
    0x26, 0x1, 0xff, 0xc1, 0x22, 0x1, 0x0, 0x28,
    0x1, 0x20, 0x1f, 0xfc, 0x1b, 0x0, 0x50, 0x1,
    0x84, 0x15, 0x40, 0x1f, 0xf2, 0x30, 0x1, 0x80,
    0x28, 0x0, 0x52, 0x0, 0x7f, 0x1d, 0x0, 0x24,
    0x40, 0x26, 0x60, 0x2, 0xe0, 0x40, 0x38, 0x63,
    0x4, 0x15, 0x80, 0x3a, 0x5c, 0x0, 0xfd, 0x93,
    0x13, 0x7c, 0xe0, 0x5, 0xa0, 0xf, 0xa2, 0xc8,
    0x0, 0x6c, 0xec, 0x80, 0x1, 0xaa, 0x0, 0x7f,
    0x26, 0xdb, 0x10, 0x4, 0x4b, 0x5c, 0xa0, 0x1c,

    /* U+0070 "p" */
    0xf, 0xf5, 0x80, 0x45, 0x19, 0xdf, 0xed, 0xb6,
    0x0, 0xff, 0xe0, 0xc6, 0xb9, 0x88, 0x0, 0x92,
    0x7d, 0xc0, 0x3f, 0x87, 0x5c, 0x5, 0xa6, 0xa8,
    0xe4, 0x0, 0x8c, 0x10, 0xf, 0xb4, 0x82, 0x7a,
    0x59, 0x55, 0x1b, 0x62, 0x7, 0xa0, 0x1e, 0x43,
    0x1c, 0x60, 0xf, 0x93, 0xc8, 0xe, 0x40, 0x3e,
    0xa3, 0x0, 0xfe, 0x1f, 0x0, 0x31, 0x0, 0x72,
    0xa0, 0x7, 0xfc, 0x50, 0x0, 0xb0, 0xe, 0x90,
    0xf, 0xfe, 0xb, 0x80, 0x1c, 0x3, 0x8c, 0x3,
    0xff, 0x84, 0x60, 0x22, 0x0, 0x88, 0x3, 0xff,
    0x86, 0xa0, 0x2, 0x0, 0x84, 0x3, 0xff, 0x8c,
    0xe0, 0x10, 0x80, 0x7f, 0xf0, 0xcc, 0x0, 0xe0,
    0x11, 0x0, 0x7f, 0xf0, 0xd8, 0x0, 0x40, 0x19,
    0x0, 0x3f, 0xf8, 0x22, 0x60, 0x22, 0x0, 0xde,
    0x1, 0xff, 0xc1, 0x90, 0x3, 0x80, 0x72, 0x30,
    0x7, 0xfc, 0x6e, 0x0, 0xb0, 0xf, 0x4a, 0x80,
    0x7f, 0x1e, 0x80, 0x18, 0x80, 0x31, 0xa8, 0x54,
    0x90, 0x7, 0xb, 0xe0, 0x81, 0xc8, 0x7, 0xa9,
    0x1, 0xb7, 0x2a, 0x26, 0xfa, 0x0, 0x9, 0xa0,
    0x1f, 0xae, 0x0, 0x6, 0xae, 0xc8, 0x0, 0x18,
    0xb1, 0x0, 0xfe, 0x7e, 0x84, 0x10, 0x1, 0x2c,
    0xf3, 0x80, 0x7f, 0xf0, 0x5, 0xef, 0xbf, 0xdb,
    0x4c, 0x1, 0xff, 0xff, 0x0, 0xff, 0xff, 0x80,
    0x7f, 0xf1, 0x80,

    /* U+0071 "q" */
    0x0, 0xf9, 0x6b, 0x7f, 0xdd, 0x90, 0x40, 0x14,
    0xff, 0x88, 0x3, 0x9b, 0xa9, 0x48, 0x0, 0x26,
    0xfb, 0x20, 0x1f, 0xea, 0x91, 0x0, 0x23, 0xc3,
    0xa0, 0x1, 0xb4, 0x40, 0x3e, 0xb5, 0x0, 0x3f,
    0x5c, 0x3c, 0x5f, 0xc0, 0x16, 0x80, 0x79, 0xd0,
    0x1, 0x70, 0x20, 0x1e, 0x7c, 0x13, 0x60, 0xc,
    0x30, 0x0, 0xa4, 0x0, 0xfe, 0x3a, 0x0, 0xf3,
    0x0, 0x15, 0x40, 0x1f, 0xf2, 0x30, 0x7, 0x58,
    0x2, 0x40, 0x3f, 0xf8, 0x36, 0x1, 0xc6, 0x2,
    0x60, 0x1f, 0xfc, 0x12, 0x20, 0x4, 0x20, 0x2,
    0x0, 0xff, 0xe1, 0xb0, 0x4, 0x60, 0x7, 0x0,
    0xff, 0xe1, 0x88, 0x4, 0x60, 0x7, 0x0, 0xff,
    0xe1, 0x88, 0x4, 0x20, 0x2, 0x0, 0xff, 0xe1,
    0xb0, 0x6, 0x30, 0x13, 0x0, 0xff, 0xe0, 0x91,
    0x0, 0x35, 0x80, 0x24, 0x3, 0xff, 0x83, 0x60,
    0x1c, 0xc0, 0x5, 0x50, 0x7, 0xfc, 0x8c, 0x1,
    0xc3, 0x20, 0xa, 0x40, 0xf, 0xe3, 0xa0, 0xf,
    0x99, 0x80, 0xb, 0x81, 0x0, 0xe1, 0x8c, 0x13,
    0x40, 0xf, 0x4b, 0x0, 0x1f, 0xb2, 0x62, 0x6f,
    0x9c, 0xb, 0x40, 0x3f, 0x4d, 0x8, 0x0, 0xd9,
    0xd9, 0x0, 0xf, 0xa2, 0x1, 0xfc, 0xbd, 0x4a,
    0x40, 0x1, 0x37, 0xd8, 0x0, 0xff, 0xe0, 0xad,
    0x6f, 0xfb, 0xb2, 0x8, 0x3, 0xff, 0xfe, 0x1,
    0xff, 0xff, 0x0, 0xff, 0xe3, 0x0,

    /* U+0072 "r" */
    0xf, 0xf5, 0x80, 0x4b, 0x5b, 0xf0, 0x1, 0xc7,
    0xb4, 0xa4, 0x2, 0x1, 0x93, 0x8, 0x5, 0x5b,
    0x0, 0x27, 0xa0, 0x2b, 0xea, 0x95, 0x0, 0x8c,
    0x53, 0x50, 0x3, 0xf0, 0xd0, 0x7, 0xfa, 0x44,
    0x3, 0xfc, 0xa0, 0x1f, 0xe1, 0x20, 0xf, 0xf1,
    0x80, 0x7f, 0xc2, 0x1, 0xff, 0xff, 0x0, 0xff,
    0xf4, 0x80,

    /* U+0073 "s" */
    0x0, 0xc5, 0x19, 0xdf, 0xee, 0xc9, 0x50, 0xf,
    0xd, 0x6b, 0x98, 0x80, 0x4, 0xda, 0xbe, 0x44,
    0x2, 0xc5, 0x0, 0x23, 0xc4, 0x1d, 0x44, 0x0,
    0xca, 0x0, 0x92, 0x3, 0xdb, 0x87, 0x74, 0x57,
    0x5a, 0x24, 0x0, 0x60, 0x1d, 0x20, 0xf, 0x92,
    0xec, 0x0, 0x20, 0x2, 0x8, 0x7, 0xff, 0x10,
    0x40, 0x3f, 0xf8, 0x44, 0x0, 0x44, 0x0, 0x7f,
    0xf0, 0x9c, 0x1, 0x72, 0x60, 0x1f, 0xfc, 0x8,
    0x50, 0x3, 0x67, 0xe4, 0xb1, 0x0, 0x7e, 0xaa,
    0x18, 0x4, 0x6d, 0x3b, 0xd2, 0x60, 0x1e, 0x5c,
    0xea, 0x74, 0x10, 0x0, 0xb6, 0x48, 0x7, 0xc2,
    0xb1, 0x7d, 0xb4, 0x80, 0x6, 0x80, 0xf, 0xf8,
    0x96, 0xec, 0x0, 0x70, 0xf, 0xfe, 0x12, 0x20,
    0x0, 0x60, 0x1f, 0xfc, 0x22, 0x0, 0xd0, 0x20,
    0x1f, 0xf3, 0x80, 0x9, 0x9f, 0xa4, 0x80, 0x3e,
    0x1b, 0x10, 0x51, 0xc0, 0x3, 0x6f, 0x54, 0xbb,
    0xa6, 0xf9, 0x0, 0xac, 0x2a, 0x86, 0x0, 0x15,
    0x68, 0x83, 0x20, 0x1, 0x70, 0x40, 0xb, 0x9b,
    0x8, 0x42, 0x0, 0x14, 0x7d, 0xa1, 0x0, 0x0,

    /* U+0074 "t" */
    0x0, 0xc9, 0x10, 0x20, 0xf, 0xfe, 0x6, 0xbb,
    0x98, 0x3, 0xff, 0xd8, 0xbf, 0xf3, 0x0, 0x2f,
    0xff, 0xac, 0x3, 0xff, 0x8c, 0x93, 0x32, 0x0,
    0x1e, 0x67, 0xbc, 0x0, 0x2c, 0xd1, 0x0, 0x31,
    0x9b, 0x90, 0x3, 0xff, 0xfe, 0x1, 0xff, 0xff,
    0x0, 0xff, 0xea, 0x8, 0x0, 0x80, 0x3f, 0xf8,
    0x1c, 0x0, 0xf0, 0xf, 0xfe, 0x2, 0x0, 0x18,
    0xc0, 0x31, 0x8, 0x7, 0x12, 0x80, 0x32, 0x9d,
    0xd5, 0xb2, 0x1, 0xea, 0x30, 0x2, 0xc4, 0x14,
    0x14, 0x3, 0xec, 0x94, 0x10, 0x13, 0x8d, 0x0,

    /* U+0075 "u" */
    0x3f, 0xf4, 0x80, 0x7f, 0xf0, 0x7b, 0xf8, 0x3,
    0xff, 0xfe, 0x1, 0xff, 0xff, 0x0, 0xff, 0xfb,
    0x88, 0x7, 0x18, 0x7, 0xff, 0x10, 0x40, 0x2,
    0x1, 0xff, 0xc0, 0x40, 0x8, 0x80, 0x8, 0x1,
    0xff, 0xc0, 0xd0, 0xc, 0x60, 0x5, 0x0, 0xff,
    0x13, 0x0, 0x6a, 0x0, 0x58, 0x80, 0x7e, 0x1f,
    0x0, 0xe6, 0x20, 0x1f, 0x50, 0xf, 0x2f, 0x91,
    0x90, 0x6, 0xf1, 0x1, 0xae, 0xa9, 0x95, 0xf5,
    0x8, 0xb4, 0x40, 0x31, 0x7a, 0x0, 0x5, 0x59,
    0x88, 0x20, 0x9e, 0x20, 0x1e, 0x1b, 0xc6, 0x31,
    0x0, 0x13, 0x65, 0x88, 0x6,

    /* U+0076 "v" */
    0xbf, 0xf1, 0x80, 0x7f, 0xf0, 0x9b, 0xfc, 0xde,
    0x0, 0x90, 0xf, 0xfe, 0x15, 0x80, 0xb2, 0x10,
    0x28, 0x80, 0x7f, 0xf0, 0x10, 0x81, 0x80, 0x16,
    0x0, 0x90, 0xf, 0xfe, 0x7, 0x80, 0x24, 0x0,
    0xc2, 0xc, 0x1, 0xff, 0x12, 0x2, 0x88, 0x4,
    0xc0, 0x2c, 0x1, 0xfe, 0xb0, 0x4, 0x80, 0x69,
    0x0, 0x58, 0x7, 0xf0, 0xb0, 0x21, 0x80, 0x61,
    0x50, 0x24, 0x0, 0xfd, 0x20, 0xf, 0x0, 0xf4,
    0x0, 0x3c, 0x3, 0xf3, 0x1, 0x20, 0x7, 0x89,
    0x1, 0x8, 0x3, 0xcc, 0x21, 0x60, 0x1f, 0xbc,
    0x1, 0x60, 0x1e, 0xb0, 0x16, 0x0, 0xfc, 0x84,
    0xc, 0x20, 0x19, 0x8, 0x18, 0x3, 0xfd, 0x60,
    0x9, 0x0, 0xde, 0x0, 0x90, 0xf, 0xf3, 0x8,
    0x30, 0x4, 0x48, 0xc, 0x20, 0x1f, 0xf3, 0x0,
    0xb0, 0x2, 0xc0, 0x16, 0x1, 0xff, 0xc0, 0x90,
    0x5, 0x80, 0xb0, 0x21, 0x0, 0x7f, 0xf0, 0x5,
    0x40, 0x92, 0x40, 0x1e, 0x1, 0xff, 0xc2, 0x90,
    0x7, 0xb0, 0x12, 0x0, 0x7f, 0xf0, 0x8c, 0xc0,
    0x82, 0x16, 0x1, 0xff, 0xc4, 0x80, 0x8, 0x58,
    0x3, 0xff, 0x88, 0x84, 0x0, 0x60, 0xf, 0xe0,

    /* U+0077 "w" */
    0x8f, 0xf1, 0x80, 0x7f, 0xf0, 0x33, 0xfc, 0x20,
    0x1f, 0xfc, 0xe, 0xfa, 0xa0, 0x2, 0x80, 0x3f,
    0xe2, 0x30, 0x3, 0x80, 0x7f, 0xca, 0x21, 0xc4,
    0x80, 0xe0, 0x1f, 0xf5, 0x0, 0x54, 0x1, 0xff,
    0x70, 0xa, 0x7, 0x0, 0xa8, 0x7, 0xf9, 0x80,
    0x23, 0x20, 0xf, 0xe1, 0x40, 0x60, 0x2, 0x80,
    0x38, 0x3, 0xf9, 0x44, 0x20, 0x1, 0x40, 0x1f,
    0xcc, 0x0, 0xa0, 0x9, 0x81, 0x4, 0x3, 0xf7,
    0x0, 0xb9, 0x83, 0x0, 0x7f, 0x50, 0x19, 0x0,
    0x54, 0x0, 0x70, 0xf, 0x85, 0x1, 0x82, 0x80,
    0x50, 0x3, 0xe3, 0x20, 0xa0, 0xc, 0x64, 0x14,
    0x1, 0xf3, 0x0, 0x28, 0x18, 0x1, 0xc0, 0x1f,
    0x50, 0x1, 0x80, 0x3a, 0x80, 0xc8, 0x3, 0xd4,
    0x6, 0x40, 0x6, 0x5, 0x10, 0xf, 0x38, 0x30,
    0x7, 0x98, 0x1, 0x40, 0x1c, 0x64, 0x14, 0x1,
    0x50, 0x1, 0xc0, 0x39, 0x44, 0x28, 0x3, 0xc2,
    0x80, 0xc0, 0x1d, 0x40, 0x6, 0x0, 0x8c, 0x82,
    0x80, 0x3b, 0x80, 0x8c, 0x3, 0xee, 0x1, 0x40,
    0xc, 0xc0, 0xc0, 0x1d, 0x40, 0x64, 0x1, 0xa,
    0x5, 0x0, 0x7e, 0x50, 0x7, 0x0, 0x4c, 0x0,
    0xa0, 0xe, 0x60, 0x5, 0x0, 0x4c, 0x0, 0x60,
    0xf, 0xe6, 0x5, 0x0, 0xa8, 0x8, 0xc0, 0x38,
    0x54, 0x18, 0x2, 0xa0, 0x41, 0x0, 0xfe, 0xa0,
    0x3, 0x1, 0x18, 0x50, 0x7, 0xdc, 0x2, 0x80,
    0x64, 0x1c, 0x1, 0xfe, 0x32, 0xd, 0xa, 0x0,
    0x30, 0x7, 0xc8, 0x21, 0xe1, 0x40, 0x2a, 0x1,
    0xff, 0x50, 0x21, 0x30, 0x28, 0x80, 0x7e, 0x60,
    0x41, 0x70, 0x70, 0xf, 0xfe, 0x3, 0x0, 0x38,
    0x43, 0x80, 0x3f, 0xa8, 0x1, 0xa2, 0x14, 0x1,
    0xff, 0xc0, 0x14, 0x3, 0x1, 0x40, 0xf, 0xe2,
    0x30, 0x30, 0x23, 0x0, 0xff, 0xe0, 0xf0, 0x4,
    0xc0, 0x1f, 0xf5, 0x0, 0x54, 0x1, 0xff, 0xc2,
    0x51, 0x0, 0x48, 0x7, 0xfc, 0xc0, 0x13, 0x0,
    0x7c,

    /* U+0078 "x" */
    0x7, 0xff, 0x58, 0x7, 0xfc, 0xdf, 0xeb, 0x0,
    0x3a, 0x82, 0x40, 0x7, 0xf1, 0x48, 0xd, 0x0,
    0x54, 0x40, 0xe8, 0x1, 0xfb, 0xc0, 0x1a, 0x20,
    0x1b, 0xc0, 0x14, 0x20, 0x1e, 0xa2, 0x9, 0x30,
    0xe, 0x2a, 0x1, 0xd0, 0xe, 0x75, 0x5, 0x60,
    0xf, 0x95, 0x80, 0xe4, 0x2, 0x38, 0x2, 0xa0,
    0xf, 0xe9, 0x30, 0x65, 0x1, 0xd0, 0x7, 0x80,
    0x7f, 0xda, 0x21, 0x45, 0x42, 0x14, 0x40, 0x1f,
    0xf0, 0xd0, 0x3, 0x50, 0x1d, 0x40, 0x3f, 0xf8,
    0x29, 0x0, 0x12, 0x40, 0x7, 0xff, 0xd, 0x40,
    0x2c, 0x0, 0xff, 0xe2, 0x78, 0x5, 0x6, 0x1,
    0xff, 0xc2, 0xa2, 0x6, 0x0, 0x68, 0x80, 0x7f,
    0xf0, 0x1d, 0x41, 0x26, 0x80, 0x68, 0x3, 0xfe,
    0x38, 0x1, 0xa0, 0x56, 0x4, 0x80, 0xf, 0xe1,
    0xd0, 0x6, 0x88, 0x2, 0x4c, 0x1d, 0x40, 0x3f,
    0x68, 0x84, 0x98, 0x6, 0xe0, 0x5, 0x10, 0x7,
    0xa0, 0xc1, 0x58, 0x3, 0x8a, 0x80, 0x1e, 0x1,
    0xc8, 0xe0, 0x54, 0x1, 0xf2, 0xb8, 0x15, 0x0,
    0x45, 0x60, 0xf, 0x0, 0xfe, 0x83, 0x5, 0x60,
    0x7, 0x80, 0x28, 0x80, 0x3f, 0xda, 0x21, 0x26,

    /* U+0079 "y" */
    0xb, 0xff, 0x18, 0x7, 0xff, 0x9, 0xbf, 0xcc,
    0x1e, 0x0, 0x90, 0xf, 0xfe, 0x15, 0x80, 0xb0,
    0x21, 0x2, 0x88, 0x7, 0xff, 0x1, 0x8, 0x18,
    0x2, 0xb0, 0x4, 0x80, 0x7f, 0xf0, 0x3c, 0x1,
    0x20, 0x13, 0x8, 0x38, 0x7, 0xfc, 0x48, 0xa,
    0x20, 0x1a, 0x40, 0xc, 0x1, 0xfe, 0xb0, 0x4,
    0x0, 0x73, 0x0, 0x2c, 0x3, 0xf8, 0x58, 0x10,
    0x80, 0x38, 0x58, 0x9, 0x40, 0x3f, 0x30, 0x3,
    0xc0, 0x3e, 0xb0, 0x4, 0x80, 0x7e, 0x90, 0x24,
    0x0, 0xf8, 0x90, 0xc, 0xc0, 0x1e, 0x51, 0xb,
    0x0, 0xfe, 0xf0, 0x4, 0x80, 0x7a, 0x40, 0x58,
    0x3, 0xf9, 0x8, 0x14, 0x40, 0x32, 0x18, 0x30,
    0x7, 0xfd, 0x0, 0x9, 0x0, 0xde, 0x0, 0x90,
    0xf, 0xf9, 0x44, 0x18, 0x2, 0x24, 0x6, 0x10,
    0xf, 0xfe, 0x4, 0x80, 0xb0, 0x2, 0xc0, 0x16,
    0x1, 0xff, 0xc1, 0x60, 0x5, 0x80, 0xb0, 0x21,
    0x0, 0x7f, 0xf0, 0x45, 0x80, 0x91, 0x80, 0x1e,
    0x1, 0xff, 0xc3, 0xb0, 0x4, 0x48, 0x12, 0x0,
    0x7f, 0xf0, 0xc9, 0x0, 0xc4, 0x2c, 0x3, 0xff,
    0x8b, 0x0, 0x10, 0xb0, 0x7, 0xff, 0x14, 0xcc,
    0x0, 0x90, 0xf, 0xfe, 0x53, 0x0, 0x7f, 0xf1,
    0x8c, 0xc0, 0xc2, 0x1, 0xff, 0xc6, 0x80, 0x5,
    0x80, 0x7f, 0xf1, 0x91, 0x0, 0xa4, 0x1, 0xfe,
    0x1b, 0x20, 0xc, 0x74, 0x0, 0x80, 0xf, 0xfa,
    0xd3, 0x6d, 0xdd, 0x58, 0x21, 0x4, 0x1, 0xff,
    0x68, 0x1, 0x22, 0xa, 0x0, 0x87, 0x0, 0xff,
    0xe0, 0x3e, 0xb1, 0x0, 0x9, 0xb5, 0xc0, 0x3f,
    0xf8, 0x20,

    /* U+007A "z" */
    0x1f, 0xff, 0xfe, 0x24, 0x80, 0x7f, 0xf1, 0x44,
    0x53, 0x3f, 0xfc, 0x6, 0x0, 0xd, 0x3, 0x37,
    0xfc, 0xee, 0x0, 0x51, 0x0, 0x7f, 0xf0, 0x28,
    0x42, 0x10, 0x3, 0xff, 0x81, 0x8, 0xa, 0xe0,
    0x1f, 0xfc, 0x5, 0x70, 0x2a, 0x0, 0xff, 0xe0,
    0x15, 0x0, 0x3c, 0x3, 0xff, 0x83, 0xe0, 0xa,
    0x20, 0xf, 0xfe, 0x5, 0x90, 0x3a, 0x80, 0x7f,
    0xf0, 0x1d, 0x1, 0x20, 0x3, 0xff, 0x80, 0x90,
    0x3, 0x40, 0x1f, 0xfc, 0x2, 0xa0, 0x6, 0x88,
    0x7, 0xff, 0x3, 0xc4, 0x24, 0xc0, 0x3f, 0xf8,
    0x14, 0x40, 0xcc, 0x0, 0xff, 0xe0, 0x3a, 0x81,
    0xc8, 0x7, 0xff, 0x0, 0xe0, 0x7, 0x40, 0x3f,
    0xf8, 0x3, 0xa0, 0xd, 0x10, 0xf, 0xfe, 0x6,
    0x88, 0x23, 0x2a, 0xff, 0xc8, 0x83, 0x0, 0x25,
    0x57, 0xff, 0x2, 0x4, 0x3, 0xff, 0x8a,

    /* U+007B "{" */
    0x0, 0xe2, 0x9d, 0xff, 0x40, 0x6, 0x4d, 0x62,
    0x0, 0xfa, 0x80, 0x5, 0x15, 0x40, 0x8, 0xc4,
    0x7, 0x5d, 0x48, 0x2, 0x50, 0x3, 0x0, 0x7f,
    0xb8, 0x3, 0xe1, 0x0, 0xff, 0xff, 0x80, 0x7f,
    0xf2, 0xfc, 0x0, 0x60, 0x1e, 0x25, 0x0, 0x30,
    0x6, 0x9f, 0xd2, 0x6, 0x30, 0xf, 0xc3, 0x40,
    0x1d, 0x52, 0xe0, 0x38, 0x20, 0x18, 0xda, 0x18,
    0x0, 0x80, 0x1f, 0x70, 0x0, 0xc0, 0x3f, 0xff,
    0xe0, 0x1f, 0xfd, 0x31, 0x0, 0xff, 0xe0, 0xf0,
    0x7, 0xca, 0x0, 0x61, 0x0, 0xf1, 0x90, 0xf,
    0xba, 0x90, 0x6, 0xe0, 0x0, 0xc5, 0x50, 0x3,
    0x1e, 0xb1, 0x0, 0x40,

    /* U+007C "|" */
    0x7f, 0xf1, 0x80, 0x7f, 0xff, 0xc0, 0x3f, 0xff,
    0x20,

    /* U+007D "}" */
    0x2f, 0xf7, 0x5a, 0x80, 0x7e, 0x14, 0xa9, 0x0,
    0xc5, 0x52, 0x80, 0x6, 0x40, 0xc, 0xad, 0x6c,
    0x0, 0xd0, 0xf, 0xac, 0x0, 0x40, 0x1f, 0x10,
    0x1, 0xc0, 0x3f, 0xff, 0xe0, 0x1f, 0xfd, 0x61,
    0x0, 0xfc, 0x40, 0x4a, 0x1, 0xf4, 0x80, 0x2b,
    0xfc, 0x1, 0xca, 0x80, 0x1f, 0xd6, 0x80, 0x93,
    0x40, 0x1c, 0xa0, 0x36, 0xca, 0x1, 0xf1, 0x0,
    0x7f, 0xff, 0xc0, 0x3f, 0xfa, 0x62, 0x1, 0xfe,
    0x20, 0x3, 0x80, 0x7d, 0x20, 0x2, 0x0, 0xca,
    0xd6, 0xa0, 0xa, 0x0, 0x8a, 0xa5, 0x0, 0xe,
    0x60, 0x1e, 0x14, 0xb8, 0x0, 0xc0,

    /* U+007E "~" */
    0x0, 0xc2, 0x62, 0x1, 0xff, 0xc2, 0x3c, 0xec,
    0xec, 0x30, 0xf, 0x9f, 0xdc, 0xf, 0xc, 0x2,
    0x3c, 0x70, 0xf, 0x60, 0x10, 0x70, 0x1e, 0x7e,
    0xa8, 0x45, 0x0, 0x62, 0x40, 0x73, 0x20, 0xd3,
    0x2, 0xa8, 0x5, 0xd5, 0x35, 0xc0, 0x42, 0x50,
    0x61, 0x0, 0xcf, 0x62, 0x55, 0x94, 0x22, 0xa0,
    0x33, 0x60, 0x7, 0x93, 0xd8, 0x40, 0x5b, 0xc4,
    0x0,

    /* U+00B0 "°" */
    0x0, 0xcb, 0x35, 0x8, 0x1, 0xe5, 0xea, 0x65,
    0x7b, 0xd2, 0x0, 0x9a, 0x82, 0x7b, 0xf5, 0xcb,
    0x4c, 0xa, 0x4b, 0xd8, 0x40, 0xa2, 0xc3, 0x82,
    0xc2, 0x44, 0x3, 0x91, 0xc9, 0x50, 0x50, 0x3,
    0xea, 0xc, 0x22, 0x0, 0x7e, 0x20, 0x21, 0x10,
    0x7, 0xe1, 0x1, 0x52, 0x20, 0x7, 0xce, 0x1b,
    0xe1, 0x0, 0x1e, 0x18, 0x6, 0x45, 0x55, 0x8,
    0x4, 0x58, 0x32, 0x21, 0x4a, 0xae, 0xba, 0xcd,
    0x28, 0x60, 0xa, 0xad, 0x15, 0x42, 0xda, 0xe0,
    0x0
};


/*---------------------
 *  GLYPH DESCRIPTION
 *--------------------*/

static const lv_font_fmt_txt_glyph_dsc_t glyph_dsc[] = {
    {.bitmap_index = 0, .adv_w = 0, .box_w = 0, .box_h = 0, .ofs_x = 0, .ofs_y = 0} /* id = 0 reserved */,
    {.bitmap_index = 0, .adv_w = 168, .box_w = 0, .box_h = 0, .ofs_x = 0, .ofs_y = 0},
    {.bitmap_index = 0, .adv_w = 166, .box_w = 5, .box_h = 28, .ofs_x = 3, .ofs_y = 0},
    {.bitmap_index = 51, .adv_w = 239, .box_w = 11, .box_h = 11, .ofs_x = 2, .ofs_y = 17},
    {.bitmap_index = 88, .adv_w = 445, .box_w = 26, .box_h = 28, .ofs_x = 1, .ofs_y = 0},
    {.bitmap_index = 309, .adv_w = 394, .box_w = 22, .box_h = 38, .ofs_x = 1, .ofs_y = -5},
    {.bitmap_index = 549, .adv_w = 531, .box_w = 31, .box_h = 28, .ofs_x = 1, .ofs_y = 0},
    {.bitmap_index = 867, .adv_w = 428, .box_w = 26, .box_h = 29, .ofs_x = 1, .ofs_y = -1},
    {.bitmap_index = 1144, .adv_w = 129, .box_w = 4, .box_h = 11, .ofs_x = 2, .ofs_y = 17},
    {.bitmap_index = 1159, .adv_w = 211, .box_w = 8, .box_h = 37, .ofs_x = 4, .ofs_y = -8},
    {.bitmap_index = 1278, .adv_w = 211, .box_w = 8, .box_h = 37, .ofs_x = 1, .ofs_y = -8},
    {.bitmap_index = 1399, .adv_w = 247, .box_w = 15, .box_h = 15, .ofs_x = 0, .ofs_y = 14},
    {.bitmap_index = 1484, .adv_w = 368, .box_w = 19, .box_h = 17, .ofs_x = 2, .ofs_y = 5},
    {.bitmap_index = 1526, .adv_w = 136, .box_w = 5, .box_h = 10, .ofs_x = 2, .ofs_y = -6},
    {.bitmap_index = 1552, .adv_w = 244, .box_w = 11, .box_h = 3, .ofs_x = 2, .ofs_y = 10},
    {.bitmap_index = 1560, .adv_w = 136, .box_w = 5, .box_h = 5, .ofs_x = 2, .ofs_y = 0},
    {.bitmap_index = 1573, .adv_w = 214, .box_w = 16, .box_h = 38, .ofs_x = -1, .ofs_y = -4},
    {.bitmap_index = 1763, .adv_w = 424, .box_w = 23, .box_h = 28, .ofs_x = 2, .ofs_y = 0},
    {.bitmap_index = 1994, .adv_w = 231, .box_w = 10, .box_h = 28, .ofs_x = 0, .ofs_y = 0},
    {.bitmap_index = 2017, .adv_w = 364, .box_w = 22, .box_h = 28, .ofs_x = 0, .ofs_y = 0},
    {.bitmap_index = 2203, .adv_w = 361, .box_w = 21, .box_h = 28, .ofs_x = 0, .ofs_y = 0},
    {.bitmap_index = 2387, .adv_w = 423, .box_w = 25, .box_h = 28, .ofs_x = 1, .ofs_y = 0},
    {.bitmap_index = 2534, .adv_w = 362, .box_w = 22, .box_h = 28, .ofs_x = 0, .ofs_y = 0},
    {.bitmap_index = 2715, .adv_w = 390, .box_w = 22, .box_h = 28, .ofs_x = 2, .ofs_y = 0},
    {.bitmap_index = 2946, .adv_w = 377, .box_w = 21, .box_h = 28, .ofs_x = 1, .ofs_y = 0},
    {.bitmap_index = 3104, .adv_w = 408, .box_w = 23, .box_h = 28, .ofs_x = 1, .ofs_y = 0},
    {.bitmap_index = 3352, .adv_w = 390, .box_w = 22, .box_h = 28, .ofs_x = 1, .ofs_y = 0},
    {.bitmap_index = 3585, .adv_w = 136, .box_w = 5, .box_h = 21, .ofs_x = 2, .ofs_y = 0},
    {.bitmap_index = 3615, .adv_w = 136, .box_w = 5, .box_h = 27, .ofs_x = 2, .ofs_y = -6},
    {.bitmap_index = 3658, .adv_w = 368, .box_w = 19, .box_h = 18, .ofs_x = 2, .ofs_y = 5},
    {.bitmap_index = 3771, .adv_w = 368, .box_w = 19, .box_h = 12, .ofs_x = 2, .ofs_y = 8},
    {.bitmap_index = 3805, .adv_w = 368, .box_w = 19, .box_h = 18, .ofs_x = 2, .ofs_y = 5},
    {.bitmap_index = 3922, .adv_w = 363, .box_w = 20, .box_h = 28, .ofs_x = 0, .ofs_y = 0},
    {.bitmap_index = 4081, .adv_w = 661, .box_w = 38, .box_h = 36, .ofs_x = 2, .ofs_y = -8},
    {.bitmap_index = 4540, .adv_w = 459, .box_w = 29, .box_h = 28, .ofs_x = 0, .ofs_y = 0},
    {.bitmap_index = 4775, .adv_w = 483, .box_w = 24, .box_h = 28, .ofs_x = 4, .ofs_y = 0},
    {.bitmap_index = 4952, .adv_w = 454, .box_w = 25, .box_h = 28, .ofs_x = 2, .ofs_y = 0},
    {.bitmap_index = 5161, .adv_w = 529, .box_w = 27, .box_h = 28, .ofs_x = 4, .ofs_y = 0},
    {.bitmap_index = 5332, .adv_w = 428, .box_w = 21, .box_h = 28, .ofs_x = 4, .ofs_y = 0},
    {.bitmap_index = 5396, .adv_w = 405, .box_w = 20, .box_h = 28, .ofs_x = 4, .ofs_y = 0},
    {.bitmap_index = 5447, .adv_w = 495, .box_w = 26, .box_h = 28, .ofs_x = 2, .ofs_y = 0},
    {.bitmap_index = 5658, .adv_w = 520, .box_w = 24, .box_h = 28, .ofs_x = 4, .ofs_y = 0},
    {.bitmap_index = 5706, .adv_w = 193, .box_w = 4, .box_h = 28, .ofs_x = 4, .ofs_y = 0},
    {.bitmap_index = 5715, .adv_w = 321, .box_w = 17, .box_h = 28, .ofs_x = -1, .ofs_y = 0},
    {.bitmap_index = 5797, .adv_w = 455, .box_w = 25, .box_h = 28, .ofs_x = 4, .ofs_y = 0},
    {.bitmap_index = 5989, .adv_w = 377, .box_w = 20, .box_h = 28, .ofs_x = 4, .ofs_y = 0},
    {.bitmap_index = 6026, .adv_w = 611, .box_w = 30, .box_h = 28, .ofs_x = 4, .ofs_y = 0},
    {.bitmap_index = 6232, .adv_w = 520, .box_w = 24, .box_h = 28, .ofs_x = 4, .ofs_y = 0},
    {.bitmap_index = 6385, .adv_w = 537, .box_w = 30, .box_h = 28, .ofs_x = 2, .ofs_y = 0},
    {.bitmap_index = 6648, .adv_w = 460, .box_w = 23, .box_h = 28, .ofs_x = 4, .ofs_y = 0},
    {.bitmap_index = 6784, .adv_w = 537, .box_w = 31, .box_h = 34, .ofs_x = 2, .ofs_y = -6},
    {.bitmap_index = 7114, .adv_w = 463, .box_w = 23, .box_h = 28, .ofs_x = 4, .ofs_y = 0},
    {.bitmap_index = 7287, .adv_w = 394, .box_w = 22, .box_h = 28, .ofs_x = 1, .ofs_y = 0},
    {.bitmap_index = 7506, .adv_w = 367, .box_w = 23, .box_h = 28, .ofs_x = 0, .ofs_y = 0},
    {.bitmap_index = 7551, .adv_w = 507, .box_w = 24, .box_h = 28, .ofs_x = 4, .ofs_y = 0},
    {.bitmap_index = 7682, .adv_w = 447, .box_w = 28, .box_h = 28, .ofs_x = 0, .ofs_y = 0},
    {.bitmap_index = 7921, .adv_w = 711, .box_w = 42, .box_h = 28, .ofs_x = 1, .ofs_y = 0},
    {.bitmap_index = 8325, .adv_w = 420, .box_w = 26, .box_h = 28, .ofs_x = 0, .ofs_y = 0},
    {.bitmap_index = 8569, .adv_w = 406, .box_w = 26, .box_h = 28, .ofs_x = 0, .ofs_y = 0},
    {.bitmap_index = 8738, .adv_w = 417, .box_w = 24, .box_h = 28, .ofs_x = 1, .ofs_y = 0},
    {.bitmap_index = 8903, .adv_w = 204, .box_w = 8, .box_h = 37, .ofs_x = 4, .ofs_y = -8},
    {.bitmap_index = 8933, .adv_w = 214, .box_w = 17, .box_h = 38, .ofs_x = -2, .ofs_y = -4},
    {.bitmap_index = 9125, .adv_w = 204, .box_w = 9, .box_h = 37, .ofs_x = 0, .ofs_y = -8},
    {.bitmap_index = 9157, .adv_w = 369, .box_w = 17, .box_h = 17, .ofs_x = 3, .ofs_y = 6},
    {.bitmap_index = 9262, .adv_w = 320, .box_w = 20, .box_h = 2, .ofs_x = 0, .ofs_y = -2},
    {.bitmap_index = 9269, .adv_w = 384, .box_w = 10, .box_h = 5, .ofs_x = 5, .ofs_y = 24},
    {.bitmap_index = 9290, .adv_w = 378, .box_w = 18, .box_h = 21, .ofs_x = 2, .ofs_y = 0},
    {.bitmap_index = 9434, .adv_w = 434, .box_w = 23, .box_h = 29, .ofs_x = 3, .ofs_y = 0},
    {.bitmap_index = 9615, .adv_w = 360, .box_w = 20, .box_h = 21, .ofs_x = 1, .ofs_y = 0},
    {.bitmap_index = 9767, .adv_w = 434, .box_w = 23, .box_h = 29, .ofs_x = 1, .ofs_y = 0},
    {.bitmap_index = 9952, .adv_w = 387, .box_w = 22, .box_h = 21, .ofs_x = 1, .ofs_y = 0},
    {.bitmap_index = 10115, .adv_w = 217, .box_w = 15, .box_h = 29, .ofs_x = 0, .ofs_y = 0},
    {.bitmap_index = 10192, .adv_w = 439, .box_w = 23, .box_h = 29, .ofs_x = 1, .ofs_y = -8},
    {.bitmap_index = 10439, .adv_w = 433, .box_w = 21, .box_h = 29, .ofs_x = 3, .ofs_y = 0},
    {.bitmap_index = 10540, .adv_w = 172, .box_w = 5, .box_h = 29, .ofs_x = 3, .ofs_y = 0},
    {.bitmap_index = 10563, .adv_w = 175, .box_w = 12, .box_h = 37, .ofs_x = -4, .ofs_y = -8},
    {.bitmap_index = 10629, .adv_w = 383, .box_w = 21, .box_h = 29, .ofs_x = 3, .ofs_y = 0},
    {.bitmap_index = 10776, .adv_w = 172, .box_w = 4, .box_h = 29, .ofs_x = 3, .ofs_y = 0},
    {.bitmap_index = 10785, .adv_w = 679, .box_w = 36, .box_h = 21, .ofs_x = 3, .ofs_y = 0},
    {.bitmap_index = 10942, .adv_w = 433, .box_w = 21, .box_h = 21, .ofs_x = 3, .ofs_y = 0},
    {.bitmap_index = 11033, .adv_w = 401, .box_w = 23, .box_h = 21, .ofs_x = 1, .ofs_y = 0},
    {.bitmap_index = 11217, .adv_w = 434, .box_w = 23, .box_h = 29, .ofs_x = 3, .ofs_y = -8},
    {.bitmap_index = 11404, .adv_w = 434, .box_w = 23, .box_h = 29, .ofs_x = 1, .ofs_y = -8},
    {.bitmap_index = 11594, .adv_w = 257, .box_w = 12, .box_h = 21, .ofs_x = 3, .ofs_y = 0},
    {.bitmap_index = 11644, .adv_w = 313, .box_w = 18, .box_h = 21, .ofs_x = 1, .ofs_y = 0},
    {.bitmap_index = 11796, .adv_w = 260, .box_w = 16, .box_h = 26, .ofs_x = 0, .ofs_y = 0},
    {.bitmap_index = 11876, .adv_w = 431, .box_w = 20, .box_h = 21, .ofs_x = 3, .ofs_y = 0},
    {.bitmap_index = 11961, .adv_w = 347, .box_w = 22, .box_h = 21, .ofs_x = 0, .ofs_y = 0},
    {.bitmap_index = 12121, .adv_w = 563, .box_w = 35, .box_h = 21, .ofs_x = 0, .ofs_y = 0},
    {.bitmap_index = 12386, .adv_w = 342, .box_w = 21, .box_h = 21, .ofs_x = 0, .ofs_y = 0},
    {.bitmap_index = 12546, .adv_w = 347, .box_w = 23, .box_h = 29, .ofs_x = -1, .ofs_y = -8},
    {.bitmap_index = 12764, .adv_w = 327, .box_w = 18, .box_h = 21, .ofs_x = 1, .ofs_y = 0},
    {.bitmap_index = 12883, .adv_w = 214, .box_w = 11, .box_h = 37, .ofs_x = 2, .ofs_y = -8},
    {.bitmap_index = 12975, .adv_w = 189, .box_w = 4, .box_h = 37, .ofs_x = 4, .ofs_y = -8},
    {.bitmap_index = 12984, .adv_w = 214, .box_w = 11, .box_h = 37, .ofs_x = 0, .ofs_y = -8},
    {.bitmap_index = 13070, .adv_w = 368, .box_w = 19, .box_h = 7, .ofs_x = 2, .ofs_y = 11},
    {.bitmap_index = 13127, .adv_w = 268, .box_w = 13, .box_h = 13, .ofs_x = 2, .ofs_y = 15}
};

/*---------------------
 *  CHARACTER MAPPING
 *--------------------*/



/*Collect the unicode lists and glyph_id offsets*/
static const lv_font_fmt_txt_cmap_t cmaps[] =
{
    {
        .range_start = 32, .range_length = 95, .glyph_id_start = 1,
        .unicode_list = NULL, .glyph_id_ofs_list = NULL, .list_length = 0, .type = LV_FONT_FMT_TXT_CMAP_FORMAT0_TINY
    },
    {
        .range_start = 176, .range_length = 1, .glyph_id_start = 96,
        .unicode_list = NULL, .glyph_id_ofs_list = NULL, .list_length = 0, .type = LV_FONT_FMT_TXT_CMAP_FORMAT0_TINY
    }
};

/*-----------------
 *    KERNING
 *----------------*/


/*Map glyph_ids to kern left classes*/
static const uint8_t kern_left_class_mapping[] =
{
    0, 0, 1, 2, 0, 3, 4, 5,
    2, 6, 0, 7, 8, 9, 8, 9,
    10, 11, 0, 12, 13, 14, 15, 16,
    17, 18, 11, 19, 19, 0, 0, 0,
    20, 21, 0, 0, 0, 0, 0, 0,
    0, 0, 0, 0, 0, 0, 0, 0,
    0, 0, 0, 0, 0, 0, 0, 0,
    0, 0, 0, 0, 22, 23, 0, 0,
    24, 0, 0, 0, 0, 0, 0, 0,
    0, 0, 0, 0, 0, 0, 0, 0,
    0, 0, 0, 0, 0, 0, 0, 0,
    0, 0, 0, 0, 22, 0, 0, 8,
    25
};

/*Map glyph_ids to kern right classes*/
static const uint8_t kern_right_class_mapping[] =
{
    0, 0, 1, 2, 0, 3, 4, 5,
    2, 0, 6, 7, 8, 9, 8, 9,
    10, 11, 12, 13, 14, 15, 16, 11,
    17, 18, 19, 20, 20, 0, 0, 0,
    21, 22, 0, 0, 0, 0, 0, 0,
    0, 0, 0, 0, 0, 0, 0, 0,
    0, 0, 0, 0, 0, 0, 0, 0,
    0, 0, 0, 0, 23, 24, 25, 0,
    26, 0, 0, 0, 0, 0, 0, 0,
    0, 0, 0, 0, 0, 0, 0, 0,
    0, 0, 0, 0, 0, 0, 0, 0,
    0, 0, 0, 0, 0, 0, 25, 8,
    27
};

/*Kern values between classes*/
static const int8_t kern_class_values[] =
{
    0, 0, 0, 0, 0, 0, 4, 0,
    0, 0, 0, 6, 0, 0, 0, 0,
    5, 0, 0, 0, 0, 0, 0, 0,
    0, 0, 0, 0, 29, 0, 18, -16,
    0, 13, 0, -35, -38, 5, 31, 16,
    12, -26, 5, 34, 1, 29, 6, 22,
    -11, 0, 38, 3, -5, 13, 0, -19,
    0, 0, 0, 0, -13, 12, 13, 0,
    0, -6, 0, -5, 6, 0, -6, 0,
    -6, -3, -13, 0, 0, -6, 0, -13,
    -10, 0, -18, 0, -76, 0, -13, -32,
    13, 19, 0, 0, -13, 6, 6, 22,
    13, -12, 13, 0, 0, -37, 0, 0,
    -24, 0, 0, -18, -7, -34, 0, -26,
    -5, 0, -19, 0, 3, 28, 0, -19,
    -3, 0, 0, 0, -12, 0, 0, -4,
    -50, 0, 0, -51, -3, 29, -24, 0,
    0, 0, 0, 0, 0, 0, 0, 0,
    20, 0, 6, 0, 0, -13, 0, 0,
    0, 0, 0, 0, 0, 0, 22, 3,
    0, 0, 4, 13, 6, 19, -6, 0,
    13, -6, -20, -90, 5, 18, 13, 1,
    -9, 0, 26, 0, 22, 0, 22, 0,
    0, 0, 0, -6, 19, 0, 0, -12,
    -24, 0, 0, -6, 0, -4, 0, 5,
    -11, -8, -13, 5, 0, -6, 0, 0,
    0, -26, 5, 0, -42, 0, 0, 0,
    0, -35, 6, -40, 0, 0, -20, -4,
    0, 66, -7, -8, 6, 6, -8, 0,
    -8, 6, 0, 0, -33, -13, 0, -63,
    0, 6, -40, 0, 38, -13, 0, -24,
    20, 0, -43, -63, -42, -13, 19, 0,
    0, -44, 0, 10, -14, 0, -10, 0,
    -13, 0, 19, 19, -80, 31, 0, 5,
    0, 0, 0, 0, 5, 5, -7, -13,
    0, 0, 0, -6, 0, 0, -5, 0,
    0, 0, -13, 0, 0, -13, 0, -13,
    1, 0, 0, 0, 6, -5, 0, 0,
    -5, 6, 6, -1, 0, 0, 0, -15,
    0, -1, 0, 0, 0, 0, 0, 0,
    -5, 0, 19, 0, 0, -6, 0, -6,
    0, 0, 0, 0, 0, 0, 0, 0,
    -3, -3, 0, -6, -8, 0, 0, 0,
    0, 0, 0, 0, 0, 0, -10, 0,
    -19, -5, -19, 13, 0, -13, 6, 13,
    18, 0, -16, -1, -10, 0, -1, -32,
    6, -5, 4, -33, 6, 0, -32, 0,
    13, -19, 0, 0, 0, -6, 0, 0,
    -6, 0, 0, 0, 0, 0, -3, -3,
    0, -3, -9, 0, 0, 0, 0, 0,
    0, -6, 0, 0, -10, 0, -5, 0,
    -13, 6, 0, -10, 3, 6, 6, 0,
    0, 0, 0, 0, 0, -5, 0, 0,
    0, 0, 0, 0, 0, 0, 0, -13,
    0, 19, -5, 0, -22, 0, 18, -32,
    -34, -28, -13, 6, 0, -6, -42, -12,
    0, -12, 0, -13, 10, -12, 0, 6,
    -3, -19, 3, 0, 1, 0, -6, 0,
    0, 5, 0, 6, 0, 0, 0, 0,
    0, 0, 0, 0, 0, 0, 0, -6,
    0, 0, -19, 0, 0, 0, 0, 6,
    0, 0, 0, 0, 0, 0, 0, 29,
    0, 0, 0, 0, 0, 0, 5, 0,
    0, 0, -6, 0, 0, -11, 0, 6,
    0, -5, 0, 0, 0, -15, 0, 10,
    0, -32, -19, 0, 0, 0, -10, -32,
    0, 0, -6, 6, 0, -30, 0, -12,
    0, 0, -13, 6, 0, -11, 0, 0,
    0, 10, 0, 5, -13, -13, 0, -6,
    -6, -7, 0, 0, 0, 0, 0, 0,
    -19, 0, 0, -13, 3, -19, 6, 0,
    3, 0, 0, 0, 3, 0, -6, 0,
    22, 0, 10, 0, 0, -8, 0, 13,
    0, 0, 0, 3, 0, 0, 19, 0,
    16, 0, 0, -38, 0, -6, 12, 19,
    -90, 0, 66, 10, -13, -13, 6, 6,
    -5, 0, -32, 0, 0, 29, -38, -13,
    0, -42, 22, 90, -38, 0, -5, 13,
    -18, 0, 0, -6, 0, 6, 85, -13,
    -6, 22, 18, -18, 6, 0, 0, 6,
    6, -6, -19, 0, -83, 16, 0, 0,
    0, 13, 13, 14, 0, 0, 19, 0,
    -40, -37, 1, 27, 19, 10, -26, 5,
    29, 0, 24, 0, 13, 6, 0, 33,
    0, 0, 0
};


/*Collect the kern class' data in one place*/
static const lv_font_fmt_txt_kern_classes_t kern_classes =
{
    .class_pair_values   = kern_class_values,
    .left_class_mapping  = kern_left_class_mapping,
    .right_class_mapping = kern_right_class_mapping,
    .left_class_cnt      = 25,
    .right_class_cnt     = 27,
};

/*--------------------
 *  ALL CUSTOM DATA
 *--------------------*/

#if LVGL_VERSION_MAJOR == 8
/*Store all the custom data of the font*/
static  lv_font_fmt_txt_glyph_cache_t cache;
#endif

#if LVGL_VERSION_MAJOR >= 8
static const lv_font_fmt_txt_dsc_t font_dsc = {
#else
static lv_font_fmt_txt_dsc_t font_dsc = {
#endif
    .glyph_bitmap = glyph_bitmap,
    .glyph_dsc = glyph_dsc,
    .cmaps = cmaps,
    .kern_dsc = &kern_classes,
    .kern_scale = 16,
    .cmap_num = 2,
    .bpp = 4,
    .kern_classes = 1,
    .bitmap_format = 1,
#if LVGL_VERSION_MAJOR == 8
    .cache = &cache
#endif
};



/*-----------------
 *  PUBLIC FONT
 *----------------*/

/*Initialize a public general font descriptor*/
#if LVGL_VERSION_MAJOR >= 8
const lv_font_t font_m40 = {
#else
lv_font_t font_m40 = {
#endif
    .get_glyph_dsc = lv_font_get_glyph_dsc_fmt_txt,    /*Function pointer to get glyph's data*/
    .get_glyph_bitmap = lv_font_get_bitmap_fmt_txt,    /*Function pointer to get glyph's bitmap*/
    .line_height = 42,          /*The maximum line height required by the font*/
    .base_line = 8,             /*Baseline measured from the bottom of the line*/
#if !(LVGL_VERSION_MAJOR == 6 && LVGL_VERSION_MINOR == 0)
    .subpx = LV_FONT_SUBPX_NONE,
#endif
#if LV_VERSION_CHECK(7, 4, 0) || LVGL_VERSION_MAJOR >= 8
    .underline_position = -4,
    .underline_thickness = 2,
#endif
    .dsc = &font_dsc,          /*The custom font data. Will be accessed by `get_glyph_bitmap/dsc` */
#if LV_VERSION_CHECK(8, 2, 0) || LVGL_VERSION_MAJOR >= 9
    .fallback = NULL,
#endif
    .user_data = NULL,
};



#endif /*#if FONT_M40*/

